distance_usd,secs_remaining,p_cross,n,session
50,10,0.085575,259199,ALL
55,10,0.057936,259199,ALL
60,10,0.039136,259199,ALL
65,10,0.025803,259199,ALL
70,10,0.017122,259199,ALL
75,10,0.011053,259199,ALL
80,10,0.007319,259199,ALL
85,10,0.004807,259199,ALL
90,10,0.003187,259199,ALL
95,10,0.002118,259199,ALL
100,10,0.001354,259199,ALL
105,10,0.000883,259199,ALL
110,10,0.000556,259199,ALL
115,10,0.000355,259199,ALL
120,10,0.000212,259199,ALL
125,10,0.000131,259199,ALL
130,10,9.6e-05,259199,ALL
135,10,6.9e-05,259199,ALL
140,10,3.9e-05,259199,ALL
145,10,2.7e-05,259199,ALL
150,10,8e-06,259199,ALL
155,10,8e-06,259199,ALL
160,10,8e-06,259199,ALL
165,10,8e-06,259199,ALL
170,10,4e-06,259199,ALL
175,10,0.0,259199,ALL
180,10,0.0,259199,ALL
185,10,0.0,259199,ALL
190,10,0.0,259199,ALL
195,10,0.0,259199,ALL
200,10,0.0,259199,ALL
205,10,0.0,259199,ALL
210,10,0.0,259199,ALL
215,10,0.0,259199,ALL
220,10,0.0,259199,ALL
225,10,0.0,259199,ALL
230,10,0.0,259199,ALL
235,10,0.0,259199,ALL
240,10,0.0,259199,ALL
245,10,0.0,259199,ALL
250,10,0.0,259199,ALL
255,10,0.0,259199,ALL
260,10,0.0,259199,ALL
265,10,0.0,259199,ALL
270,10,0.0,259199,ALL
275,10,0.0,259199,ALL
280,10,0.0,259199,ALL
285,10,0.0,259199,ALL
290,10,0.0,259199,ALL
295,10,0.0,259199,ALL
300,10,0.0,259199,ALL
305,10,0.0,259199,ALL
310,10,0.0,259199,ALL
315,10,0.0,259199,ALL
320,10,0.0,259199,ALL
325,10,0.0,259199,ALL
330,10,0.0,259199,ALL
335,10,0.0,259199,ALL
340,10,0.0,259199,ALL
345,10,0.0,259199,ALL
350,10,0.0,259199,ALL
355,10,0.0,259199,ALL
360,10,0.0,259199,ALL
365,10,0.0,259199,ALL
370,10,0.0,259199,ALL
375,10,0.0,259199,ALL
380,10,0.0,259199,ALL
385,10,0.0,259199,ALL
390,10,0.0,259199,ALL
395,10,0.0,259199,ALL
400,10,0.0,259199,ALL
405,10,0.0,259199,ALL
410,10,0.0,259199,ALL
415,10,0.0,259199,ALL
420,10,0.0,259199,ALL
425,10,0.0,259199,ALL
430,10,0.0,259199,ALL
435,10,0.0,259199,ALL
440,10,0.0,259199,ALL
445,10,0.0,259199,ALL
450,10,0.0,259199,ALL
455,10,0.0,259199,ALL
460,10,0.0,259199,ALL
465,10,0.0,259199,ALL
470,10,0.0,259199,ALL
475,10,0.0,259199,ALL
480,10,0.0,259199,ALL
485,10,0.0,259199,ALL
490,10,0.0,259199,ALL
495,10,0.0,259199,ALL
500,10,0.0,259199,ALL
505,10,0.0,259199,ALL
510,10,0.0,259199,ALL
515,10,0.0,259199,ALL
520,10,0.0,259199,ALL
525,10,0.0,259199,ALL
530,10,0.0,259199,ALL
535,10,0.0,259199,ALL
540,10,0.0,259199,ALL
545,10,0.0,259199,ALL
550,10,0.0,259199,ALL
555,10,0.0,259199,ALL
560,10,0.0,259199,ALL
565,10,0.0,259199,ALL
570,10,0.0,259199,ALL
575,10,0.0,259199,ALL
580,10,0.0,259199,ALL
585,10,0.0,259199,ALL
590,10,0.0,259199,ALL
595,10,0.0,259199,ALL
600,10,0.0,259199,ALL
605,10,0.0,259199,ALL
610,10,0.0,259199,ALL
615,10,0.0,259199,ALL
620,10,0.0,259199,ALL
625,10,0.0,259199,ALL
630,10,0.0,259199,ALL
635,10,0.0,259199,ALL
640,10,0.0,259199,ALL
645,10,0.0,259199,ALL
650,10,0.0,259199,ALL
655,10,0.0,259199,ALL
660,10,0.0,259199,ALL
665,10,0.0,259199,ALL
670,10,0.0,259199,ALL
675,10,0.0,259199,ALL
680,10,0.0,259199,ALL
685,10,0.0,259199,ALL
690,10,0.0,259199,ALL
695,10,0.0,259199,ALL
700,10,0.0,259199,ALL
705,10,0.0,259199,ALL
710,10,0.0,259199,ALL
715,10,0.0,259199,ALL
720,10,0.0,259199,ALL
725,10,0.0,259199,ALL
730,10,0.0,259199,ALL
735,10,0.0,259199,ALL
740,10,0.0,259199,ALL
745,10,0.0,259199,ALL
750,10,0.0,259199,ALL
755,10,0.0,259199,ALL
760,10,0.0,259199,ALL
765,10,0.0,259199,ALL
770,10,0.0,259199,ALL
775,10,0.0,259199,ALL
780,10,0.0,259199,ALL
785,10,0.0,259199,ALL
790,10,0.0,259199,ALL
795,10,0.0,259199,ALL
800,10,0.0,259199,ALL
805,10,0.0,259199,ALL
810,10,0.0,259199,ALL
815,10,0.0,259199,ALL
820,10,0.0,259199,ALL
825,10,0.0,259199,ALL
830,10,0.0,259199,ALL
835,10,0.0,259199,ALL
840,10,0.0,259199,ALL
845,10,0.0,259199,ALL
850,10,0.0,259199,ALL
855,10,0.0,259199,ALL
860,10,0.0,259199,ALL
865,10,0.0,259199,ALL
870,10,0.0,259199,ALL
875,10,0.0,259199,ALL
880,10,0.0,259199,ALL
885,10,0.0,259199,ALL
890,10,0.0,259199,ALL
895,10,0.0,259199,ALL
900,10,0.0,259199,ALL
905,10,0.0,259199,ALL
910,10,0.0,259199,ALL
915,10,0.0,259199,ALL
920,10,0.0,259199,ALL
925,10,0.0,259199,ALL
930,10,0.0,259199,ALL
935,10,0.0,259199,ALL
940,10,0.0,259199,ALL
945,10,0.0,259199,ALL
950,10,0.0,259199,ALL
955,10,0.0,259199,ALL
960,10,0.0,259199,ALL
965,10,0.0,259199,ALL
970,10,0.0,259199,ALL
975,10,0.0,259199,ALL
980,10,0.0,259199,ALL
985,10,0.0,259199,ALL
990,10,0.0,259199,ALL
995,10,0.0,259199,ALL
1000,10,0.0,259199,ALL
1005,10,0.0,259199,ALL
1010,10,0.0,259199,ALL
1015,10,0.0,259199,ALL
1020,10,0.0,259199,ALL
1025,10,0.0,259199,ALL
1030,10,0.0,259199,ALL
1035,10,0.0,259199,ALL
1040,10,0.0,259199,ALL
1045,10,0.0,259199,ALL
1050,10,0.0,259199,ALL
1055,10,0.0,259199,ALL
1060,10,0.0,259199,ALL
1065,10,0.0,259199,ALL
1070,10,0.0,259199,ALL
1075,10,0.0,259199,ALL
1080,10,0.0,259199,ALL
1085,10,0.0,259199,ALL
1090,10,0.0,259199,ALL
1095,10,0.0,259199,ALL
1100,10,0.0,259199,ALL
1105,10,0.0,259199,ALL
1110,10,0.0,259199,ALL
1115,10,0.0,259199,ALL
1120,10,0.0,259199,ALL
1125,10,0.0,259199,ALL
1130,10,0.0,259199,ALL
1135,10,0.0,259199,ALL
1140,10,0.0,259199,ALL
1145,10,0.0,259199,ALL
1150,10,0.0,259199,ALL
1155,10,0.0,259199,ALL
1160,10,0.0,259199,ALL
1165,10,0.0,259199,ALL
1170,10,0.0,259199,ALL
1175,10,0.0,259199,ALL
1180,10,0.0,259199,ALL
1185,10,0.0,259199,ALL
1190,10,0.0,259199,ALL
1195,10,0.0,259199,ALL
1200,10,0.0,259199,ALL
1205,10,0.0,259199,ALL
1210,10,0.0,259199,ALL
1215,10,0.0,259199,ALL
1220,10,0.0,259199,ALL
1225,10,0.0,259199,ALL
1230,10,0.0,259199,ALL
1235,10,0.0,259199,ALL
1240,10,0.0,259199,ALL
1245,10,0.0,259199,ALL
1250,10,0.0,259199,ALL
1255,10,0.0,259199,ALL
1260,10,0.0,259199,ALL
1265,10,0.0,259199,ALL
1270,10,0.0,259199,ALL
1275,10,0.0,259199,ALL
1280,10,0.0,259199,ALL
1285,10,0.0,259199,ALL
1290,10,0.0,259199,ALL
1295,10,0.0,259199,ALL
1300,10,0.0,259199,ALL
1305,10,0.0,259199,ALL
1310,10,0.0,259199,ALL
1315,10,0.0,259199,ALL
1320,10,0.0,259199,ALL
1325,10,0.0,259199,ALL
1330,10,0.0,259199,ALL
1335,10,0.0,259199,ALL
1340,10,0.0,259199,ALL
1345,10,0.0,259199,ALL
1350,10,0.0,259199,ALL
1355,10,0.0,259199,ALL
1360,10,0.0,259199,ALL
1365,10,0.0,259199,ALL
1370,10,0.0,259199,ALL
1375,10,0.0,259199,ALL
1380,10,0.0,259199,ALL
1385,10,0.0,259199,ALL
1390,10,0.0,259199,ALL
1395,10,0.0,259199,ALL
1400,10,0.0,259199,ALL
1405,10,0.0,259199,ALL
1410,10,0.0,259199,ALL
1415,10,0.0,259199,ALL
1420,10,0.0,259199,ALL
1425,10,0.0,259199,ALL
1430,10,0.0,259199,ALL
1435,10,0.0,259199,ALL
1440,10,0.0,259199,ALL
1445,10,0.0,259199,ALL
1450,10,0.0,259199,ALL
1455,10,0.0,259199,ALL
1460,10,0.0,259199,ALL
1465,10,0.0,259199,ALL
1470,10,0.0,259199,ALL
1475,10,0.0,259199,ALL
1480,10,0.0,259199,ALL
1485,10,0.0,259199,ALL
1490,10,0.0,259199,ALL
1495,10,0.0,259199,ALL
1500,10,0.0,259199,ALL
1505,10,0.0,259199,ALL
1510,10,0.0,259199,ALL
1515,10,0.0,259199,ALL
1520,10,0.0,259199,ALL
1525,10,0.0,259199,ALL
1530,10,0.0,259199,ALL
1535,10,0.0,259199,ALL
1540,10,0.0,259199,ALL
1545,10,0.0,259199,ALL
1550,10,0.0,259199,ALL
1555,10,0.0,259199,ALL
1560,10,0.0,259199,ALL
1565,10,0.0,259199,ALL
1570,10,0.0,259199,ALL
1575,10,0.0,259199,ALL
1580,10,0.0,259199,ALL
1585,10,0.0,259199,ALL
1590,10,0.0,259199,ALL
1595,10,0.0,259199,ALL
1600,10,0.0,259199,ALL
1605,10,0.0,259199,ALL
1610,10,0.0,259199,ALL
1615,10,0.0,259199,ALL
1620,10,0.0,259199,ALL
1625,10,0.0,259199,ALL
1630,10,0.0,259199,ALL
1635,10,0.0,259199,ALL
1640,10,0.0,259199,ALL
1645,10,0.0,259199,ALL
1650,10,0.0,259199,ALL
1655,10,0.0,259199,ALL
1660,10,0.0,259199,ALL
1665,10,0.0,259199,ALL
1670,10,0.0,259199,ALL
1675,10,0.0,259199,ALL
1680,10,0.0,259199,ALL
1685,10,0.0,259199,ALL
1690,10,0.0,259199,ALL
1695,10,0.0,259199,ALL
1700,10,0.0,259199,ALL
1705,10,0.0,259199,ALL
1710,10,0.0,259199,ALL
1715,10,0.0,259199,ALL
1720,10,0.0,259199,ALL
1725,10,0.0,259199,ALL
1730,10,0.0,259199,ALL
1735,10,0.0,259199,ALL
1740,10,0.0,259199,ALL
1745,10,0.0,259199,ALL
1750,10,0.0,259199,ALL
1755,10,0.0,259199,ALL
1760,10,0.0,259199,ALL
1765,10,0.0,259199,ALL
1770,10,0.0,259199,ALL
1775,10,0.0,259199,ALL
1780,10,0.0,259199,ALL
1785,10,0.0,259199,ALL
1790,10,0.0,259199,ALL
1795,10,0.0,259199,ALL
1800,10,0.0,259199,ALL
1805,10,0.0,259199,ALL
1810,10,0.0,259199,ALL
1815,10,0.0,259199,ALL
1820,10,0.0,259199,ALL
1825,10,0.0,259199,ALL
1830,10,0.0,259199,ALL
1835,10,0.0,259199,ALL
1840,10,0.0,259199,ALL
1845,10,0.0,259199,ALL
1850,10,0.0,259199,ALL
1855,10,0.0,259199,ALL
1860,10,0.0,259199,ALL
1865,10,0.0,259199,ALL
1870,10,0.0,259199,ALL
1875,10,0.0,259199,ALL
1880,10,0.0,259199,ALL
1885,10,0.0,259199,ALL
1890,10,0.0,259199,ALL
1895,10,0.0,259199,ALL
1900,10,0.0,259199,ALL
1905,10,0.0,259199,ALL
1910,10,0.0,259199,ALL
1915,10,0.0,259199,ALL
1920,10,0.0,259199,ALL
1925,10,0.0,259199,ALL
1930,10,0.0,259199,ALL
1935,10,0.0,259199,ALL
1940,10,0.0,259199,ALL
1945,10,0.0,259199,ALL
1950,10,0.0,259199,ALL
1955,10,0.0,259199,ALL
1960,10,0.0,259199,ALL
1965,10,0.0,259199,ALL
1970,10,0.0,259199,ALL
1975,10,0.0,259199,ALL
1980,10,0.0,259199,ALL
1985,10,0.0,259199,ALL
1990,10,0.0,259199,ALL
1995,10,0.0,259199,ALL
2000,10,0.0,259199,ALL
50,10,0.034033,70020,ASIA
55,10,0.019109,70020,ASIA
60,10,0.010668,70020,ASIA
65,10,0.005713,70020,ASIA
70,10,0.002871,70020,ASIA
75,10,0.001485,70020,ASIA
80,10,0.000857,70020,ASIA
85,10,0.000557,70020,ASIA
90,10,0.0003,70020,ASIA
95,10,0.000143,70020,ASIA
100,10,7.1e-05,70020,ASIA
105,10,4.3e-05,70020,ASIA
110,10,1.4e-05,70020,ASIA
115,10,0.0,70020,ASIA
120,10,0.0,70020,ASIA
125,10,0.0,70020,ASIA
130,10,0.0,70020,ASIA
135,10,0.0,70020,ASIA
140,10,0.0,70020,ASIA
145,10,0.0,70020,ASIA
150,10,0.0,70020,ASIA
155,10,0.0,70020,ASIA
160,10,0.0,70020,ASIA
165,10,0.0,70020,ASIA
170,10,0.0,70020,ASIA
175,10,0.0,70020,ASIA
180,10,0.0,70020,ASIA
185,10,0.0,70020,ASIA
190,10,0.0,70020,ASIA
195,10,0.0,70020,ASIA
200,10,0.0,70020,ASIA
205,10,0.0,70020,ASIA
210,10,0.0,70020,ASIA
215,10,0.0,70020,ASIA
220,10,0.0,70020,ASIA
225,10,0.0,70020,ASIA
230,10,0.0,70020,ASIA
235,10,0.0,70020,ASIA
240,10,0.0,70020,ASIA
245,10,0.0,70020,ASIA
250,10,0.0,70020,ASIA
255,10,0.0,70020,ASIA
260,10,0.0,70020,ASIA
265,10,0.0,70020,ASIA
270,10,0.0,70020,ASIA
275,10,0.0,70020,ASIA
280,10,0.0,70020,ASIA
285,10,0.0,70020,ASIA
290,10,0.0,70020,ASIA
295,10,0.0,70020,ASIA
300,10,0.0,70020,ASIA
305,10,0.0,70020,ASIA
310,10,0.0,70020,ASIA
315,10,0.0,70020,ASIA
320,10,0.0,70020,ASIA
325,10,0.0,70020,ASIA
330,10,0.0,70020,ASIA
335,10,0.0,70020,ASIA
340,10,0.0,70020,ASIA
345,10,0.0,70020,ASIA
350,10,0.0,70020,ASIA
355,10,0.0,70020,ASIA
360,10,0.0,70020,ASIA
365,10,0.0,70020,ASIA
370,10,0.0,70020,ASIA
375,10,0.0,70020,ASIA
380,10,0.0,70020,ASIA
385,10,0.0,70020,ASIA
390,10,0.0,70020,ASIA
395,10,0.0,70020,ASIA
400,10,0.0,70020,ASIA
405,10,0.0,70020,ASIA
410,10,0.0,70020,ASIA
415,10,0.0,70020,ASIA
420,10,0.0,70020,ASIA
425,10,0.0,70020,ASIA
430,10,0.0,70020,ASIA
435,10,0.0,70020,ASIA
440,10,0.0,70020,ASIA
445,10,0.0,70020,ASIA
450,10,0.0,70020,ASIA
455,10,0.0,70020,ASIA
460,10,0.0,70020,ASIA
465,10,0.0,70020,ASIA
470,10,0.0,70020,ASIA
475,10,0.0,70020,ASIA
480,10,0.0,70020,ASIA
485,10,0.0,70020,ASIA
490,10,0.0,70020,ASIA
495,10,0.0,70020,ASIA
500,10,0.0,70020,ASIA
505,10,0.0,70020,ASIA
510,10,0.0,70020,ASIA
515,10,0.0,70020,ASIA
520,10,0.0,70020,ASIA
525,10,0.0,70020,ASIA
530,10,0.0,70020,ASIA
535,10,0.0,70020,ASIA
540,10,0.0,70020,ASIA
545,10,0.0,70020,ASIA
550,10,0.0,70020,ASIA
555,10,0.0,70020,ASIA
560,10,0.0,70020,ASIA
565,10,0.0,70020,ASIA
570,10,0.0,70020,ASIA
575,10,0.0,70020,ASIA
580,10,0.0,70020,ASIA
585,10,0.0,70020,ASIA
590,10,0.0,70020,ASIA
595,10,0.0,70020,ASIA
600,10,0.0,70020,ASIA
605,10,0.0,70020,ASIA
610,10,0.0,70020,ASIA
615,10,0.0,70020,ASIA
620,10,0.0,70020,ASIA
625,10,0.0,70020,ASIA
630,10,0.0,70020,ASIA
635,10,0.0,70020,ASIA
640,10,0.0,70020,ASIA
645,10,0.0,70020,ASIA
650,10,0.0,70020,ASIA
655,10,0.0,70020,ASIA
660,10,0.0,70020,ASIA
665,10,0.0,70020,ASIA
670,10,0.0,70020,ASIA
675,10,0.0,70020,ASIA
680,10,0.0,70020,ASIA
685,10,0.0,70020,ASIA
690,10,0.0,70020,ASIA
695,10,0.0,70020,ASIA
700,10,0.0,70020,ASIA
705,10,0.0,70020,ASIA
710,10,0.0,70020,ASIA
715,10,0.0,70020,ASIA
720,10,0.0,70020,ASIA
725,10,0.0,70020,ASIA
730,10,0.0,70020,ASIA
735,10,0.0,70020,ASIA
740,10,0.0,70020,ASIA
745,10,0.0,70020,ASIA
750,10,0.0,70020,ASIA
755,10,0.0,70020,ASIA
760,10,0.0,70020,ASIA
765,10,0.0,70020,ASIA
770,10,0.0,70020,ASIA
775,10,0.0,70020,ASIA
780,10,0.0,70020,ASIA
785,10,0.0,70020,ASIA
790,10,0.0,70020,ASIA
795,10,0.0,70020,ASIA
800,10,0.0,70020,ASIA
805,10,0.0,70020,ASIA
810,10,0.0,70020,ASIA
815,10,0.0,70020,ASIA
820,10,0.0,70020,ASIA
825,10,0.0,70020,ASIA
830,10,0.0,70020,ASIA
835,10,0.0,70020,ASIA
840,10,0.0,70020,ASIA
845,10,0.0,70020,ASIA
850,10,0.0,70020,ASIA
855,10,0.0,70020,ASIA
860,10,0.0,70020,ASIA
865,10,0.0,70020,ASIA
870,10,0.0,70020,ASIA
875,10,0.0,70020,ASIA
880,10,0.0,70020,ASIA
885,10,0.0,70020,ASIA
890,10,0.0,70020,ASIA
895,10,0.0,70020,ASIA
900,10,0.0,70020,ASIA
905,10,0.0,70020,ASIA
910,10,0.0,70020,ASIA
915,10,0.0,70020,ASIA
920,10,0.0,70020,ASIA
925,10,0.0,70020,ASIA
930,10,0.0,70020,ASIA
935,10,0.0,70020,ASIA
940,10,0.0,70020,ASIA
945,10,0.0,70020,ASIA
950,10,0.0,70020,ASIA
955,10,0.0,70020,ASIA
960,10,0.0,70020,ASIA
965,10,0.0,70020,ASIA
970,10,0.0,70020,ASIA
975,10,0.0,70020,ASIA
980,10,0.0,70020,ASIA
985,10,0.0,70020,ASIA
990,10,0.0,70020,ASIA
995,10,0.0,70020,ASIA
1000,10,0.0,70020,ASIA
1005,10,0.0,70020,ASIA
1010,10,0.0,70020,ASIA
1015,10,0.0,70020,ASIA
1020,10,0.0,70020,ASIA
1025,10,0.0,70020,ASIA
1030,10,0.0,70020,ASIA
1035,10,0.0,70020,ASIA
1040,10,0.0,70020,ASIA
1045,10,0.0,70020,ASIA
1050,10,0.0,70020,ASIA
1055,10,0.0,70020,ASIA
1060,10,0.0,70020,ASIA
1065,10,0.0,70020,ASIA
1070,10,0.0,70020,ASIA
1075,10,0.0,70020,ASIA
1080,10,0.0,70020,ASIA
1085,10,0.0,70020,ASIA
1090,10,0.0,70020,ASIA
1095,10,0.0,70020,ASIA
1100,10,0.0,70020,ASIA
1105,10,0.0,70020,ASIA
1110,10,0.0,70020,ASIA
1115,10,0.0,70020,ASIA
1120,10,0.0,70020,ASIA
1125,10,0.0,70020,ASIA
1130,10,0.0,70020,ASIA
1135,10,0.0,70020,ASIA
1140,10,0.0,70020,ASIA
1145,10,0.0,70020,ASIA
1150,10,0.0,70020,ASIA
1155,10,0.0,70020,ASIA
1160,10,0.0,70020,ASIA
1165,10,0.0,70020,ASIA
1170,10,0.0,70020,ASIA
1175,10,0.0,70020,ASIA
1180,10,0.0,70020,ASIA
1185,10,0.0,70020,ASIA
1190,10,0.0,70020,ASIA
1195,10,0.0,70020,ASIA
1200,10,0.0,70020,ASIA
1205,10,0.0,70020,ASIA
1210,10,0.0,70020,ASIA
1215,10,0.0,70020,ASIA
1220,10,0.0,70020,ASIA
1225,10,0.0,70020,ASIA
1230,10,0.0,70020,ASIA
1235,10,0.0,70020,ASIA
1240,10,0.0,70020,ASIA
1245,10,0.0,70020,ASIA
1250,10,0.0,70020,ASIA
1255,10,0.0,70020,ASIA
1260,10,0.0,70020,ASIA
1265,10,0.0,70020,ASIA
1270,10,0.0,70020,ASIA
1275,10,0.0,70020,ASIA
1280,10,0.0,70020,ASIA
1285,10,0.0,70020,ASIA
1290,10,0.0,70020,ASIA
1295,10,0.0,70020,ASIA
1300,10,0.0,70020,ASIA
1305,10,0.0,70020,ASIA
1310,10,0.0,70020,ASIA
1315,10,0.0,70020,ASIA
1320,10,0.0,70020,ASIA
1325,10,0.0,70020,ASIA
1330,10,0.0,70020,ASIA
1335,10,0.0,70020,ASIA
1340,10,0.0,70020,ASIA
1345,10,0.0,70020,ASIA
1350,10,0.0,70020,ASIA
1355,10,0.0,70020,ASIA
1360,10,0.0,70020,ASIA
1365,10,0.0,70020,ASIA
1370,10,0.0,70020,ASIA
1375,10,0.0,70020,ASIA
1380,10,0.0,70020,ASIA
1385,10,0.0,70020,ASIA
1390,10,0.0,70020,ASIA
1395,10,0.0,70020,ASIA
1400,10,0.0,70020,ASIA
1405,10,0.0,70020,ASIA
1410,10,0.0,70020,ASIA
1415,10,0.0,70020,ASIA
1420,10,0.0,70020,ASIA
1425,10,0.0,70020,ASIA
1430,10,0.0,70020,ASIA
1435,10,0.0,70020,ASIA
1440,10,0.0,70020,ASIA
1445,10,0.0,70020,ASIA
1450,10,0.0,70020,ASIA
1455,10,0.0,70020,ASIA
1460,10,0.0,70020,ASIA
1465,10,0.0,70020,ASIA
1470,10,0.0,70020,ASIA
1475,10,0.0,70020,ASIA
1480,10,0.0,70020,ASIA
1485,10,0.0,70020,ASIA
1490,10,0.0,70020,ASIA
1495,10,0.0,70020,ASIA
1500,10,0.0,70020,ASIA
1505,10,0.0,70020,ASIA
1510,10,0.0,70020,ASIA
1515,10,0.0,70020,ASIA
1520,10,0.0,70020,ASIA
1525,10,0.0,70020,ASIA
1530,10,0.0,70020,ASIA
1535,10,0.0,70020,ASIA
1540,10,0.0,70020,ASIA
1545,10,0.0,70020,ASIA
1550,10,0.0,70020,ASIA
1555,10,0.0,70020,ASIA
1560,10,0.0,70020,ASIA
1565,10,0.0,70020,ASIA
1570,10,0.0,70020,ASIA
1575,10,0.0,70020,ASIA
1580,10,0.0,70020,ASIA
1585,10,0.0,70020,ASIA
1590,10,0.0,70020,ASIA
1595,10,0.0,70020,ASIA
1600,10,0.0,70020,ASIA
1605,10,0.0,70020,ASIA
1610,10,0.0,70020,ASIA
1615,10,0.0,70020,ASIA
1620,10,0.0,70020,ASIA
1625,10,0.0,70020,ASIA
1630,10,0.0,70020,ASIA
1635,10,0.0,70020,ASIA
1640,10,0.0,70020,ASIA
1645,10,0.0,70020,ASIA
1650,10,0.0,70020,ASIA
1655,10,0.0,70020,ASIA
1660,10,0.0,70020,ASIA
1665,10,0.0,70020,ASIA
1670,10,0.0,70020,ASIA
1675,10,0.0,70020,ASIA
1680,10,0.0,70020,ASIA
1685,10,0.0,70020,ASIA
1690,10,0.0,70020,ASIA
1695,10,0.0,70020,ASIA
1700,10,0.0,70020,ASIA
1705,10,0.0,70020,ASIA
1710,10,0.0,70020,ASIA
1715,10,0.0,70020,ASIA
1720,10,0.0,70020,ASIA
1725,10,0.0,70020,ASIA
1730,10,0.0,70020,ASIA
1735,10,0.0,70020,ASIA
1740,10,0.0,70020,ASIA
1745,10,0.0,70020,ASIA
1750,10,0.0,70020,ASIA
1755,10,0.0,70020,ASIA
1760,10,0.0,70020,ASIA
1765,10,0.0,70020,ASIA
1770,10,0.0,70020,ASIA
1775,10,0.0,70020,ASIA
1780,10,0.0,70020,ASIA
1785,10,0.0,70020,ASIA
1790,10,0.0,70020,ASIA
1795,10,0.0,70020,ASIA
1800,10,0.0,70020,ASIA
1805,10,0.0,70020,ASIA
1810,10,0.0,70020,ASIA
1815,10,0.0,70020,ASIA
1820,10,0.0,70020,ASIA
1825,10,0.0,70020,ASIA
1830,10,0.0,70020,ASIA
1835,10,0.0,70020,ASIA
1840,10,0.0,70020,ASIA
1845,10,0.0,70020,ASIA
1850,10,0.0,70020,ASIA
1855,10,0.0,70020,ASIA
1860,10,0.0,70020,ASIA
1865,10,0.0,70020,ASIA
1870,10,0.0,70020,ASIA
1875,10,0.0,70020,ASIA
1880,10,0.0,70020,ASIA
1885,10,0.0,70020,ASIA
1890,10,0.0,70020,ASIA
1895,10,0.0,70020,ASIA
1900,10,0.0,70020,ASIA
1905,10,0.0,70020,ASIA
1910,10,0.0,70020,ASIA
1915,10,0.0,70020,ASIA
1920,10,0.0,70020,ASIA
1925,10,0.0,70020,ASIA
1930,10,0.0,70020,ASIA
1935,10,0.0,70020,ASIA
1940,10,0.0,70020,ASIA
1945,10,0.0,70020,ASIA
1950,10,0.0,70020,ASIA
1955,10,0.0,70020,ASIA
1960,10,0.0,70020,ASIA
1965,10,0.0,70020,ASIA
1970,10,0.0,70020,ASIA
1975,10,0.0,70020,ASIA
1980,10,0.0,70020,ASIA
1985,10,0.0,70020,ASIA
1990,10,0.0,70020,ASIA
1995,10,0.0,70020,ASIA
2000,10,0.0,70020,ASIA
50,10,0.077986,43200,EU
55,10,0.051389,43200,EU
60,10,0.033218,43200,EU
65,10,0.021088,43200,EU
70,10,0.012847,43200,EU
75,10,0.007361,43200,EU
80,10,0.005,43200,EU
85,10,0.002708,43200,EU
90,10,0.001736,43200,EU
95,10,0.001065,43200,EU
100,10,0.000602,43200,EU
105,10,0.00037,43200,EU
110,10,0.000162,43200,EU
115,10,6.9e-05,43200,EU
120,10,4.6e-05,43200,EU
125,10,4.6e-05,43200,EU
130,10,2.3e-05,43200,EU
135,10,0.0,43200,EU
140,10,0.0,43200,EU
145,10,0.0,43200,EU
150,10,0.0,43200,EU
155,10,0.0,43200,EU
160,10,0.0,43200,EU
165,10,0.0,43200,EU
170,10,0.0,43200,EU
175,10,0.0,43200,EU
180,10,0.0,43200,EU
185,10,0.0,43200,EU
190,10,0.0,43200,EU
195,10,0.0,43200,EU
200,10,0.0,43200,EU
205,10,0.0,43200,EU
210,10,0.0,43200,EU
215,10,0.0,43200,EU
220,10,0.0,43200,EU
225,10,0.0,43200,EU
230,10,0.0,43200,EU
235,10,0.0,43200,EU
240,10,0.0,43200,EU
245,10,0.0,43200,EU
250,10,0.0,43200,EU
255,10,0.0,43200,EU
260,10,0.0,43200,EU
265,10,0.0,43200,EU
270,10,0.0,43200,EU
275,10,0.0,43200,EU
280,10,0.0,43200,EU
285,10,0.0,43200,EU
290,10,0.0,43200,EU
295,10,0.0,43200,EU
300,10,0.0,43200,EU
305,10,0.0,43200,EU
310,10,0.0,43200,EU
315,10,0.0,43200,EU
320,10,0.0,43200,EU
325,10,0.0,43200,EU
330,10,0.0,43200,EU
335,10,0.0,43200,EU
340,10,0.0,43200,EU
345,10,0.0,43200,EU
350,10,0.0,43200,EU
355,10,0.0,43200,EU
360,10,0.0,43200,EU
365,10,0.0,43200,EU
370,10,0.0,43200,EU
375,10,0.0,43200,EU
380,10,0.0,43200,EU
385,10,0.0,43200,EU
390,10,0.0,43200,EU
395,10,0.0,43200,EU
400,10,0.0,43200,EU
405,10,0.0,43200,EU
410,10,0.0,43200,EU
415,10,0.0,43200,EU
420,10,0.0,43200,EU
425,10,0.0,43200,EU
430,10,0.0,43200,EU
435,10,0.0,43200,EU
440,10,0.0,43200,EU
445,10,0.0,43200,EU
450,10,0.0,43200,EU
455,10,0.0,43200,EU
460,10,0.0,43200,EU
465,10,0.0,43200,EU
470,10,0.0,43200,EU
475,10,0.0,43200,EU
480,10,0.0,43200,EU
485,10,0.0,43200,EU
490,10,0.0,43200,EU
495,10,0.0,43200,EU
500,10,0.0,43200,EU
505,10,0.0,43200,EU
510,10,0.0,43200,EU
515,10,0.0,43200,EU
520,10,0.0,43200,EU
525,10,0.0,43200,EU
530,10,0.0,43200,EU
535,10,0.0,43200,EU
540,10,0.0,43200,EU
545,10,0.0,43200,EU
550,10,0.0,43200,EU
555,10,0.0,43200,EU
560,10,0.0,43200,EU
565,10,0.0,43200,EU
570,10,0.0,43200,EU
575,10,0.0,43200,EU
580,10,0.0,43200,EU
585,10,0.0,43200,EU
590,10,0.0,43200,EU
595,10,0.0,43200,EU
600,10,0.0,43200,EU
605,10,0.0,43200,EU
610,10,0.0,43200,EU
615,10,0.0,43200,EU
620,10,0.0,43200,EU
625,10,0.0,43200,EU
630,10,0.0,43200,EU
635,10,0.0,43200,EU
640,10,0.0,43200,EU
645,10,0.0,43200,EU
650,10,0.0,43200,EU
655,10,0.0,43200,EU
660,10,0.0,43200,EU
665,10,0.0,43200,EU
670,10,0.0,43200,EU
675,10,0.0,43200,EU
680,10,0.0,43200,EU
685,10,0.0,43200,EU
690,10,0.0,43200,EU
695,10,0.0,43200,EU
700,10,0.0,43200,EU
705,10,0.0,43200,EU
710,10,0.0,43200,EU
715,10,0.0,43200,EU
720,10,0.0,43200,EU
725,10,0.0,43200,EU
730,10,0.0,43200,EU
735,10,0.0,43200,EU
740,10,0.0,43200,EU
745,10,0.0,43200,EU
750,10,0.0,43200,EU
755,10,0.0,43200,EU
760,10,0.0,43200,EU
765,10,0.0,43200,EU
770,10,0.0,43200,EU
775,10,0.0,43200,EU
780,10,0.0,43200,EU
785,10,0.0,43200,EU
790,10,0.0,43200,EU
795,10,0.0,43200,EU
800,10,0.0,43200,EU
805,10,0.0,43200,EU
810,10,0.0,43200,EU
815,10,0.0,43200,EU
820,10,0.0,43200,EU
825,10,0.0,43200,EU
830,10,0.0,43200,EU
835,10,0.0,43200,EU
840,10,0.0,43200,EU
845,10,0.0,43200,EU
850,10,0.0,43200,EU
855,10,0.0,43200,EU
860,10,0.0,43200,EU
865,10,0.0,43200,EU
870,10,0.0,43200,EU
875,10,0.0,43200,EU
880,10,0.0,43200,EU
885,10,0.0,43200,EU
890,10,0.0,43200,EU
895,10,0.0,43200,EU
900,10,0.0,43200,EU
905,10,0.0,43200,EU
910,10,0.0,43200,EU
915,10,0.0,43200,EU
920,10,0.0,43200,EU
925,10,0.0,43200,EU
930,10,0.0,43200,EU
935,10,0.0,43200,EU
940,10,0.0,43200,EU
945,10,0.0,43200,EU
950,10,0.0,43200,EU
955,10,0.0,43200,EU
960,10,0.0,43200,EU
965,10,0.0,43200,EU
970,10,0.0,43200,EU
975,10,0.0,43200,EU
980,10,0.0,43200,EU
985,10,0.0,43200,EU
990,10,0.0,43200,EU
995,10,0.0,43200,EU
1000,10,0.0,43200,EU
1005,10,0.0,43200,EU
1010,10,0.0,43200,EU
1015,10,0.0,43200,EU
1020,10,0.0,43200,EU
1025,10,0.0,43200,EU
1030,10,0.0,43200,EU
1035,10,0.0,43200,EU
1040,10,0.0,43200,EU
1045,10,0.0,43200,EU
1050,10,0.0,43200,EU
1055,10,0.0,43200,EU
1060,10,0.0,43200,EU
1065,10,0.0,43200,EU
1070,10,0.0,43200,EU
1075,10,0.0,43200,EU
1080,10,0.0,43200,EU
1085,10,0.0,43200,EU
1090,10,0.0,43200,EU
1095,10,0.0,43200,EU
1100,10,0.0,43200,EU
1105,10,0.0,43200,EU
1110,10,0.0,43200,EU
1115,10,0.0,43200,EU
1120,10,0.0,43200,EU
1125,10,0.0,43200,EU
1130,10,0.0,43200,EU
1135,10,0.0,43200,EU
1140,10,0.0,43200,EU
1145,10,0.0,43200,EU
1150,10,0.0,43200,EU
1155,10,0.0,43200,EU
1160,10,0.0,43200,EU
1165,10,0.0,43200,EU
1170,10,0.0,43200,EU
1175,10,0.0,43200,EU
1180,10,0.0,43200,EU
1185,10,0.0,43200,EU
1190,10,0.0,43200,EU
1195,10,0.0,43200,EU
1200,10,0.0,43200,EU
1205,10,0.0,43200,EU
1210,10,0.0,43200,EU
1215,10,0.0,43200,EU
1220,10,0.0,43200,EU
1225,10,0.0,43200,EU
1230,10,0.0,43200,EU
1235,10,0.0,43200,EU
1240,10,0.0,43200,EU
1245,10,0.0,43200,EU
1250,10,0.0,43200,EU
1255,10,0.0,43200,EU
1260,10,0.0,43200,EU
1265,10,0.0,43200,EU
1270,10,0.0,43200,EU
1275,10,0.0,43200,EU
1280,10,0.0,43200,EU
1285,10,0.0,43200,EU
1290,10,0.0,43200,EU
1295,10,0.0,43200,EU
1300,10,0.0,43200,EU
1305,10,0.0,43200,EU
1310,10,0.0,43200,EU
1315,10,0.0,43200,EU
1320,10,0.0,43200,EU
1325,10,0.0,43200,EU
1330,10,0.0,43200,EU
1335,10,0.0,43200,EU
1340,10,0.0,43200,EU
1345,10,0.0,43200,EU
1350,10,0.0,43200,EU
1355,10,0.0,43200,EU
1360,10,0.0,43200,EU
1365,10,0.0,43200,EU
1370,10,0.0,43200,EU
1375,10,0.0,43200,EU
1380,10,0.0,43200,EU
1385,10,0.0,43200,EU
1390,10,0.0,43200,EU
1395,10,0.0,43200,EU
1400,10,0.0,43200,EU
1405,10,0.0,43200,EU
1410,10,0.0,43200,EU
1415,10,0.0,43200,EU
1420,10,0.0,43200,EU
1425,10,0.0,43200,EU
1430,10,0.0,43200,EU
1435,10,0.0,43200,EU
1440,10,0.0,43200,EU
1445,10,0.0,43200,EU
1450,10,0.0,43200,EU
1455,10,0.0,43200,EU
1460,10,0.0,43200,EU
1465,10,0.0,43200,EU
1470,10,0.0,43200,EU
1475,10,0.0,43200,EU
1480,10,0.0,43200,EU
1485,10,0.0,43200,EU
1490,10,0.0,43200,EU
1495,10,0.0,43200,EU
1500,10,0.0,43200,EU
1505,10,0.0,43200,EU
1510,10,0.0,43200,EU
1515,10,0.0,43200,EU
1520,10,0.0,43200,EU
1525,10,0.0,43200,EU
1530,10,0.0,43200,EU
1535,10,0.0,43200,EU
1540,10,0.0,43200,EU
1545,10,0.0,43200,EU
1550,10,0.0,43200,EU
1555,10,0.0,43200,EU
1560,10,0.0,43200,EU
1565,10,0.0,43200,EU
1570,10,0.0,43200,EU
1575,10,0.0,43200,EU
1580,10,0.0,43200,EU
1585,10,0.0,43200,EU
1590,10,0.0,43200,EU
1595,10,0.0,43200,EU
1600,10,0.0,43200,EU
1605,10,0.0,43200,EU
1610,10,0.0,43200,EU
1615,10,0.0,43200,EU
1620,10,0.0,43200,EU
1625,10,0.0,43200,EU
1630,10,0.0,43200,EU
1635,10,0.0,43200,EU
1640,10,0.0,43200,EU
1645,10,0.0,43200,EU
1650,10,0.0,43200,EU
1655,10,0.0,43200,EU
1660,10,0.0,43200,EU
1665,10,0.0,43200,EU
1670,10,0.0,43200,EU
1675,10,0.0,43200,EU
1680,10,0.0,43200,EU
1685,10,0.0,43200,EU
1690,10,0.0,43200,EU
1695,10,0.0,43200,EU
1700,10,0.0,43200,EU
1705,10,0.0,43200,EU
1710,10,0.0,43200,EU
1715,10,0.0,43200,EU
1720,10,0.0,43200,EU
1725,10,0.0,43200,EU
1730,10,0.0,43200,EU
1735,10,0.0,43200,EU
1740,10,0.0,43200,EU
1745,10,0.0,43200,EU
1750,10,0.0,43200,EU
1755,10,0.0,43200,EU
1760,10,0.0,43200,EU
1765,10,0.0,43200,EU
1770,10,0.0,43200,EU
1775,10,0.0,43200,EU
1780,10,0.0,43200,EU
1785,10,0.0,43200,EU
1790,10,0.0,43200,EU
1795,10,0.0,43200,EU
1800,10,0.0,43200,EU
1805,10,0.0,43200,EU
1810,10,0.0,43200,EU
1815,10,0.0,43200,EU
1820,10,0.0,43200,EU
1825,10,0.0,43200,EU
1830,10,0.0,43200,EU
1835,10,0.0,43200,EU
1840,10,0.0,43200,EU
1845,10,0.0,43200,EU
1850,10,0.0,43200,EU
1855,10,0.0,43200,EU
1860,10,0.0,43200,EU
1865,10,0.0,43200,EU
1870,10,0.0,43200,EU
1875,10,0.0,43200,EU
1880,10,0.0,43200,EU
1885,10,0.0,43200,EU
1890,10,0.0,43200,EU
1895,10,0.0,43200,EU
1900,10,0.0,43200,EU
1905,10,0.0,43200,EU
1910,10,0.0,43200,EU
1915,10,0.0,43200,EU
1920,10,0.0,43200,EU
1925,10,0.0,43200,EU
1930,10,0.0,43200,EU
1935,10,0.0,43200,EU
1940,10,0.0,43200,EU
1945,10,0.0,43200,EU
1950,10,0.0,43200,EU
1955,10,0.0,43200,EU
1960,10,0.0,43200,EU
1965,10,0.0,43200,EU
1970,10,0.0,43200,EU
1975,10,0.0,43200,EU
1980,10,0.0,43200,EU
1985,10,0.0,43200,EU
1990,10,0.0,43200,EU
1995,10,0.0,43200,EU
2000,10,0.0,43200,EU
50,10,0.045424,37799,EVENING
55,10,0.026985,37799,EVENING
60,10,0.016323,37799,EVENING
65,10,0.008916,37799,EVENING
70,10,0.00582,37799,EVENING
75,10,0.003201,37799,EVENING
80,10,0.001614,37799,EVENING
85,10,0.00082,37799,EVENING
90,10,0.00045,37799,EVENING
95,10,0.000265,37799,EVENING
100,10,7.9e-05,37799,EVENING
105,10,5.3e-05,37799,EVENING
110,10,2.6e-05,37799,EVENING
115,10,0.0,37799,EVENING
120,10,0.0,37799,EVENING
125,10,0.0,37799,EVENING
130,10,0.0,37799,EVENING
135,10,0.0,37799,EVENING
140,10,0.0,37799,EVENING
145,10,0.0,37799,EVENING
150,10,0.0,37799,EVENING
155,10,0.0,37799,EVENING
160,10,0.0,37799,EVENING
165,10,0.0,37799,EVENING
170,10,0.0,37799,EVENING
175,10,0.0,37799,EVENING
180,10,0.0,37799,EVENING
185,10,0.0,37799,EVENING
190,10,0.0,37799,EVENING
195,10,0.0,37799,EVENING
200,10,0.0,37799,EVENING
205,10,0.0,37799,EVENING
210,10,0.0,37799,EVENING
215,10,0.0,37799,EVENING
220,10,0.0,37799,EVENING
225,10,0.0,37799,EVENING
230,10,0.0,37799,EVENING
235,10,0.0,37799,EVENING
240,10,0.0,37799,EVENING
245,10,0.0,37799,EVENING
250,10,0.0,37799,EVENING
255,10,0.0,37799,EVENING
260,10,0.0,37799,EVENING
265,10,0.0,37799,EVENING
270,10,0.0,37799,EVENING
275,10,0.0,37799,EVENING
280,10,0.0,37799,EVENING
285,10,0.0,37799,EVENING
290,10,0.0,37799,EVENING
295,10,0.0,37799,EVENING
300,10,0.0,37799,EVENING
305,10,0.0,37799,EVENING
310,10,0.0,37799,EVENING
315,10,0.0,37799,EVENING
320,10,0.0,37799,EVENING
325,10,0.0,37799,EVENING
330,10,0.0,37799,EVENING
335,10,0.0,37799,EVENING
340,10,0.0,37799,EVENING
345,10,0.0,37799,EVENING
350,10,0.0,37799,EVENING
355,10,0.0,37799,EVENING
360,10,0.0,37799,EVENING
365,10,0.0,37799,EVENING
370,10,0.0,37799,EVENING
375,10,0.0,37799,EVENING
380,10,0.0,37799,EVENING
385,10,0.0,37799,EVENING
390,10,0.0,37799,EVENING
395,10,0.0,37799,EVENING
400,10,0.0,37799,EVENING
405,10,0.0,37799,EVENING
410,10,0.0,37799,EVENING
415,10,0.0,37799,EVENING
420,10,0.0,37799,EVENING
425,10,0.0,37799,EVENING
430,10,0.0,37799,EVENING
435,10,0.0,37799,EVENING
440,10,0.0,37799,EVENING
445,10,0.0,37799,EVENING
450,10,0.0,37799,EVENING
455,10,0.0,37799,EVENING
460,10,0.0,37799,EVENING
465,10,0.0,37799,EVENING
470,10,0.0,37799,EVENING
475,10,0.0,37799,EVENING
480,10,0.0,37799,EVENING
485,10,0.0,37799,EVENING
490,10,0.0,37799,EVENING
495,10,0.0,37799,EVENING
500,10,0.0,37799,EVENING
505,10,0.0,37799,EVENING
510,10,0.0,37799,EVENING
515,10,0.0,37799,EVENING
520,10,0.0,37799,EVENING
525,10,0.0,37799,EVENING
530,10,0.0,37799,EVENING
535,10,0.0,37799,EVENING
540,10,0.0,37799,EVENING
545,10,0.0,37799,EVENING
550,10,0.0,37799,EVENING
555,10,0.0,37799,EVENING
560,10,0.0,37799,EVENING
565,10,0.0,37799,EVENING
570,10,0.0,37799,EVENING
575,10,0.0,37799,EVENING
580,10,0.0,37799,EVENING
585,10,0.0,37799,EVENING
590,10,0.0,37799,EVENING
595,10,0.0,37799,EVENING
600,10,0.0,37799,EVENING
605,10,0.0,37799,EVENING
610,10,0.0,37799,EVENING
615,10,0.0,37799,EVENING
620,10,0.0,37799,EVENING
625,10,0.0,37799,EVENING
630,10,0.0,37799,EVENING
635,10,0.0,37799,EVENING
640,10,0.0,37799,EVENING
645,10,0.0,37799,EVENING
650,10,0.0,37799,EVENING
655,10,0.0,37799,EVENING
660,10,0.0,37799,EVENING
665,10,0.0,37799,EVENING
670,10,0.0,37799,EVENING
675,10,0.0,37799,EVENING
680,10,0.0,37799,EVENING
685,10,0.0,37799,EVENING
690,10,0.0,37799,EVENING
695,10,0.0,37799,EVENING
700,10,0.0,37799,EVENING
705,10,0.0,37799,EVENING
710,10,0.0,37799,EVENING
715,10,0.0,37799,EVENING
720,10,0.0,37799,EVENING
725,10,0.0,37799,EVENING
730,10,0.0,37799,EVENING
735,10,0.0,37799,EVENING
740,10,0.0,37799,EVENING
745,10,0.0,37799,EVENING
750,10,0.0,37799,EVENING
755,10,0.0,37799,EVENING
760,10,0.0,37799,EVENING
765,10,0.0,37799,EVENING
770,10,0.0,37799,EVENING
775,10,0.0,37799,EVENING
780,10,0.0,37799,EVENING
785,10,0.0,37799,EVENING
790,10,0.0,37799,EVENING
795,10,0.0,37799,EVENING
800,10,0.0,37799,EVENING
805,10,0.0,37799,EVENING
810,10,0.0,37799,EVENING
815,10,0.0,37799,EVENING
820,10,0.0,37799,EVENING
825,10,0.0,37799,EVENING
830,10,0.0,37799,EVENING
835,10,0.0,37799,EVENING
840,10,0.0,37799,EVENING
845,10,0.0,37799,EVENING
850,10,0.0,37799,EVENING
855,10,0.0,37799,EVENING
860,10,0.0,37799,EVENING
865,10,0.0,37799,EVENING
870,10,0.0,37799,EVENING
875,10,0.0,37799,EVENING
880,10,0.0,37799,EVENING
885,10,0.0,37799,EVENING
890,10,0.0,37799,EVENING
895,10,0.0,37799,EVENING
900,10,0.0,37799,EVENING
905,10,0.0,37799,EVENING
910,10,0.0,37799,EVENING
915,10,0.0,37799,EVENING
920,10,0.0,37799,EVENING
925,10,0.0,37799,EVENING
930,10,0.0,37799,EVENING
935,10,0.0,37799,EVENING
940,10,0.0,37799,EVENING
945,10,0.0,37799,EVENING
950,10,0.0,37799,EVENING
955,10,0.0,37799,EVENING
960,10,0.0,37799,EVENING
965,10,0.0,37799,EVENING
970,10,0.0,37799,EVENING
975,10,0.0,37799,EVENING
980,10,0.0,37799,EVENING
985,10,0.0,37799,EVENING
990,10,0.0,37799,EVENING
995,10,0.0,37799,EVENING
1000,10,0.0,37799,EVENING
1005,10,0.0,37799,EVENING
1010,10,0.0,37799,EVENING
1015,10,0.0,37799,EVENING
1020,10,0.0,37799,EVENING
1025,10,0.0,37799,EVENING
1030,10,0.0,37799,EVENING
1035,10,0.0,37799,EVENING
1040,10,0.0,37799,EVENING
1045,10,0.0,37799,EVENING
1050,10,0.0,37799,EVENING
1055,10,0.0,37799,EVENING
1060,10,0.0,37799,EVENING
1065,10,0.0,37799,EVENING
1070,10,0.0,37799,EVENING
1075,10,0.0,37799,EVENING
1080,10,0.0,37799,EVENING
1085,10,0.0,37799,EVENING
1090,10,0.0,37799,EVENING
1095,10,0.0,37799,EVENING
1100,10,0.0,37799,EVENING
1105,10,0.0,37799,EVENING
1110,10,0.0,37799,EVENING
1115,10,0.0,37799,EVENING
1120,10,0.0,37799,EVENING
1125,10,0.0,37799,EVENING
1130,10,0.0,37799,EVENING
1135,10,0.0,37799,EVENING
1140,10,0.0,37799,EVENING
1145,10,0.0,37799,EVENING
1150,10,0.0,37799,EVENING
1155,10,0.0,37799,EVENING
1160,10,0.0,37799,EVENING
1165,10,0.0,37799,EVENING
1170,10,0.0,37799,EVENING
1175,10,0.0,37799,EVENING
1180,10,0.0,37799,EVENING
1185,10,0.0,37799,EVENING
1190,10,0.0,37799,EVENING
1195,10,0.0,37799,EVENING
1200,10,0.0,37799,EVENING
1205,10,0.0,37799,EVENING
1210,10,0.0,37799,EVENING
1215,10,0.0,37799,EVENING
1220,10,0.0,37799,EVENING
1225,10,0.0,37799,EVENING
1230,10,0.0,37799,EVENING
1235,10,0.0,37799,EVENING
1240,10,0.0,37799,EVENING
1245,10,0.0,37799,EVENING
1250,10,0.0,37799,EVENING
1255,10,0.0,37799,EVENING
1260,10,0.0,37799,EVENING
1265,10,0.0,37799,EVENING
1270,10,0.0,37799,EVENING
1275,10,0.0,37799,EVENING
1280,10,0.0,37799,EVENING
1285,10,0.0,37799,EVENING
1290,10,0.0,37799,EVENING
1295,10,0.0,37799,EVENING
1300,10,0.0,37799,EVENING
1305,10,0.0,37799,EVENING
1310,10,0.0,37799,EVENING
1315,10,0.0,37799,EVENING
1320,10,0.0,37799,EVENING
1325,10,0.0,37799,EVENING
1330,10,0.0,37799,EVENING
1335,10,0.0,37799,EVENING
1340,10,0.0,37799,EVENING
1345,10,0.0,37799,EVENING
1350,10,0.0,37799,EVENING
1355,10,0.0,37799,EVENING
1360,10,0.0,37799,EVENING
1365,10,0.0,37799,EVENING
1370,10,0.0,37799,EVENING
1375,10,0.0,37799,EVENING
1380,10,0.0,37799,EVENING
1385,10,0.0,37799,EVENING
1390,10,0.0,37799,EVENING
1395,10,0.0,37799,EVENING
1400,10,0.0,37799,EVENING
1405,10,0.0,37799,EVENING
1410,10,0.0,37799,EVENING
1415,10,0.0,37799,EVENING
1420,10,0.0,37799,EVENING
1425,10,0.0,37799,EVENING
1430,10,0.0,37799,EVENING
1435,10,0.0,37799,EVENING
1440,10,0.0,37799,EVENING
1445,10,0.0,37799,EVENING
1450,10,0.0,37799,EVENING
1455,10,0.0,37799,EVENING
1460,10,0.0,37799,EVENING
1465,10,0.0,37799,EVENING
1470,10,0.0,37799,EVENING
1475,10,0.0,37799,EVENING
1480,10,0.0,37799,EVENING
1485,10,0.0,37799,EVENING
1490,10,0.0,37799,EVENING
1495,10,0.0,37799,EVENING
1500,10,0.0,37799,EVENING
1505,10,0.0,37799,EVENING
1510,10,0.0,37799,EVENING
1515,10,0.0,37799,EVENING
1520,10,0.0,37799,EVENING
1525,10,0.0,37799,EVENING
1530,10,0.0,37799,EVENING
1535,10,0.0,37799,EVENING
1540,10,0.0,37799,EVENING
1545,10,0.0,37799,EVENING
1550,10,0.0,37799,EVENING
1555,10,0.0,37799,EVENING
1560,10,0.0,37799,EVENING
1565,10,0.0,37799,EVENING
1570,10,0.0,37799,EVENING
1575,10,0.0,37799,EVENING
1580,10,0.0,37799,EVENING
1585,10,0.0,37799,EVENING
1590,10,0.0,37799,EVENING
1595,10,0.0,37799,EVENING
1600,10,0.0,37799,EVENING
1605,10,0.0,37799,EVENING
1610,10,0.0,37799,EVENING
1615,10,0.0,37799,EVENING
1620,10,0.0,37799,EVENING
1625,10,0.0,37799,EVENING
1630,10,0.0,37799,EVENING
1635,10,0.0,37799,EVENING
1640,10,0.0,37799,EVENING
1645,10,0.0,37799,EVENING
1650,10,0.0,37799,EVENING
1655,10,0.0,37799,EVENING
1660,10,0.0,37799,EVENING
1665,10,0.0,37799,EVENING
1670,10,0.0,37799,EVENING
1675,10,0.0,37799,EVENING
1680,10,0.0,37799,EVENING
1685,10,0.0,37799,EVENING
1690,10,0.0,37799,EVENING
1695,10,0.0,37799,EVENING
1700,10,0.0,37799,EVENING
1705,10,0.0,37799,EVENING
1710,10,0.0,37799,EVENING
1715,10,0.0,37799,EVENING
1720,10,0.0,37799,EVENING
1725,10,0.0,37799,EVENING
1730,10,0.0,37799,EVENING
1735,10,0.0,37799,EVENING
1740,10,0.0,37799,EVENING
1745,10,0.0,37799,EVENING
1750,10,0.0,37799,EVENING
1755,10,0.0,37799,EVENING
1760,10,0.0,37799,EVENING
1765,10,0.0,37799,EVENING
1770,10,0.0,37799,EVENING
1775,10,0.0,37799,EVENING
1780,10,0.0,37799,EVENING
1785,10,0.0,37799,EVENING
1790,10,0.0,37799,EVENING
1795,10,0.0,37799,EVENING
1800,10,0.0,37799,EVENING
1805,10,0.0,37799,EVENING
1810,10,0.0,37799,EVENING
1815,10,0.0,37799,EVENING
1820,10,0.0,37799,EVENING
1825,10,0.0,37799,EVENING
1830,10,0.0,37799,EVENING
1835,10,0.0,37799,EVENING
1840,10,0.0,37799,EVENING
1845,10,0.0,37799,EVENING
1850,10,0.0,37799,EVENING
1855,10,0.0,37799,EVENING
1860,10,0.0,37799,EVENING
1865,10,0.0,37799,EVENING
1870,10,0.0,37799,EVENING
1875,10,0.0,37799,EVENING
1880,10,0.0,37799,EVENING
1885,10,0.0,37799,EVENING
1890,10,0.0,37799,EVENING
1895,10,0.0,37799,EVENING
1900,10,0.0,37799,EVENING
1905,10,0.0,37799,EVENING
1910,10,0.0,37799,EVENING
1915,10,0.0,37799,EVENING
1920,10,0.0,37799,EVENING
1925,10,0.0,37799,EVENING
1930,10,0.0,37799,EVENING
1935,10,0.0,37799,EVENING
1940,10,0.0,37799,EVENING
1945,10,0.0,37799,EVENING
1950,10,0.0,37799,EVENING
1955,10,0.0,37799,EVENING
1960,10,0.0,37799,EVENING
1965,10,0.0,37799,EVENING
1970,10,0.0,37799,EVENING
1975,10,0.0,37799,EVENING
1980,10,0.0,37799,EVENING
1985,10,0.0,37799,EVENING
1990,10,0.0,37799,EVENING
1995,10,0.0,37799,EVENING
2000,10,0.0,37799,EVENING
50,10,0.13463,16200,LONDON_OPEN
55,10,0.092407,16200,LONDON_OPEN
60,10,0.064938,16200,LONDON_OPEN
65,10,0.044321,16200,LONDON_OPEN
70,10,0.030864,16200,LONDON_OPEN
75,10,0.02,16200,LONDON_OPEN
80,10,0.01284,16200,LONDON_OPEN
85,10,0.008086,16200,LONDON_OPEN
90,10,0.005617,16200,LONDON_OPEN
95,10,0.003642,16200,LONDON_OPEN
100,10,0.002346,16200,LONDON_OPEN
105,10,0.001235,16200,LONDON_OPEN
110,10,0.000864,16200,LONDON_OPEN
115,10,0.000556,16200,LONDON_OPEN
120,10,0.00037,16200,LONDON_OPEN
125,10,0.000185,16200,LONDON_OPEN
130,10,6.2e-05,16200,LONDON_OPEN
135,10,6.2e-05,16200,LONDON_OPEN
140,10,0.0,16200,LONDON_OPEN
145,10,0.0,16200,LONDON_OPEN
150,10,0.0,16200,LONDON_OPEN
155,10,0.0,16200,LONDON_OPEN
160,10,0.0,16200,LONDON_OPEN
165,10,0.0,16200,LONDON_OPEN
170,10,0.0,16200,LONDON_OPEN
175,10,0.0,16200,LONDON_OPEN
180,10,0.0,16200,LONDON_OPEN
185,10,0.0,16200,LONDON_OPEN
190,10,0.0,16200,LONDON_OPEN
195,10,0.0,16200,LONDON_OPEN
200,10,0.0,16200,LONDON_OPEN
205,10,0.0,16200,LONDON_OPEN
210,10,0.0,16200,LONDON_OPEN
215,10,0.0,16200,LONDON_OPEN
220,10,0.0,16200,LONDON_OPEN
225,10,0.0,16200,LONDON_OPEN
230,10,0.0,16200,LONDON_OPEN
235,10,0.0,16200,LONDON_OPEN
240,10,0.0,16200,LONDON_OPEN
245,10,0.0,16200,LONDON_OPEN
250,10,0.0,16200,LONDON_OPEN
255,10,0.0,16200,LONDON_OPEN
260,10,0.0,16200,LONDON_OPEN
265,10,0.0,16200,LONDON_OPEN
270,10,0.0,16200,LONDON_OPEN
275,10,0.0,16200,LONDON_OPEN
280,10,0.0,16200,LONDON_OPEN
285,10,0.0,16200,LONDON_OPEN
290,10,0.0,16200,LONDON_OPEN
295,10,0.0,16200,LONDON_OPEN
300,10,0.0,16200,LONDON_OPEN
305,10,0.0,16200,LONDON_OPEN
310,10,0.0,16200,LONDON_OPEN
315,10,0.0,16200,LONDON_OPEN
320,10,0.0,16200,LONDON_OPEN
325,10,0.0,16200,LONDON_OPEN
330,10,0.0,16200,LONDON_OPEN
335,10,0.0,16200,LONDON_OPEN
340,10,0.0,16200,LONDON_OPEN
345,10,0.0,16200,LONDON_OPEN
350,10,0.0,16200,LONDON_OPEN
355,10,0.0,16200,LONDON_OPEN
360,10,0.0,16200,LONDON_OPEN
365,10,0.0,16200,LONDON_OPEN
370,10,0.0,16200,LONDON_OPEN
375,10,0.0,16200,LONDON_OPEN
380,10,0.0,16200,LONDON_OPEN
385,10,0.0,16200,LONDON_OPEN
390,10,0.0,16200,LONDON_OPEN
395,10,0.0,16200,LONDON_OPEN
400,10,0.0,16200,LONDON_OPEN
405,10,0.0,16200,LONDON_OPEN
410,10,0.0,16200,LONDON_OPEN
415,10,0.0,16200,LONDON_OPEN
420,10,0.0,16200,LONDON_OPEN
425,10,0.0,16200,LONDON_OPEN
430,10,0.0,16200,LONDON_OPEN
435,10,0.0,16200,LONDON_OPEN
440,10,0.0,16200,LONDON_OPEN
445,10,0.0,16200,LONDON_OPEN
450,10,0.0,16200,LONDON_OPEN
455,10,0.0,16200,LONDON_OPEN
460,10,0.0,16200,LONDON_OPEN
465,10,0.0,16200,LONDON_OPEN
470,10,0.0,16200,LONDON_OPEN
475,10,0.0,16200,LONDON_OPEN
480,10,0.0,16200,LONDON_OPEN
485,10,0.0,16200,LONDON_OPEN
490,10,0.0,16200,LONDON_OPEN
495,10,0.0,16200,LONDON_OPEN
500,10,0.0,16200,LONDON_OPEN
505,10,0.0,16200,LONDON_OPEN
510,10,0.0,16200,LONDON_OPEN
515,10,0.0,16200,LONDON_OPEN
520,10,0.0,16200,LONDON_OPEN
525,10,0.0,16200,LONDON_OPEN
530,10,0.0,16200,LONDON_OPEN
535,10,0.0,16200,LONDON_OPEN
540,10,0.0,16200,LONDON_OPEN
545,10,0.0,16200,LONDON_OPEN
550,10,0.0,16200,LONDON_OPEN
555,10,0.0,16200,LONDON_OPEN
560,10,0.0,16200,LONDON_OPEN
565,10,0.0,16200,LONDON_OPEN
570,10,0.0,16200,LONDON_OPEN
575,10,0.0,16200,LONDON_OPEN
580,10,0.0,16200,LONDON_OPEN
585,10,0.0,16200,LONDON_OPEN
590,10,0.0,16200,LONDON_OPEN
595,10,0.0,16200,LONDON_OPEN
600,10,0.0,16200,LONDON_OPEN
605,10,0.0,16200,LONDON_OPEN
610,10,0.0,16200,LONDON_OPEN
615,10,0.0,16200,LONDON_OPEN
620,10,0.0,16200,LONDON_OPEN
625,10,0.0,16200,LONDON_OPEN
630,10,0.0,16200,LONDON_OPEN
635,10,0.0,16200,LONDON_OPEN
640,10,0.0,16200,LONDON_OPEN
645,10,0.0,16200,LONDON_OPEN
650,10,0.0,16200,LONDON_OPEN
655,10,0.0,16200,LONDON_OPEN
660,10,0.0,16200,LONDON_OPEN
665,10,0.0,16200,LONDON_OPEN
670,10,0.0,16200,LONDON_OPEN
675,10,0.0,16200,LONDON_OPEN
680,10,0.0,16200,LONDON_OPEN
685,10,0.0,16200,LONDON_OPEN
690,10,0.0,16200,LONDON_OPEN
695,10,0.0,16200,LONDON_OPEN
700,10,0.0,16200,LONDON_OPEN
705,10,0.0,16200,LONDON_OPEN
710,10,0.0,16200,LONDON_OPEN
715,10,0.0,16200,LONDON_OPEN
720,10,0.0,16200,LONDON_OPEN
725,10,0.0,16200,LONDON_OPEN
730,10,0.0,16200,LONDON_OPEN
735,10,0.0,16200,LONDON_OPEN
740,10,0.0,16200,LONDON_OPEN
745,10,0.0,16200,LONDON_OPEN
750,10,0.0,16200,LONDON_OPEN
755,10,0.0,16200,LONDON_OPEN
760,10,0.0,16200,LONDON_OPEN
765,10,0.0,16200,LONDON_OPEN
770,10,0.0,16200,LONDON_OPEN
775,10,0.0,16200,LONDON_OPEN
780,10,0.0,16200,LONDON_OPEN
785,10,0.0,16200,LONDON_OPEN
790,10,0.0,16200,LONDON_OPEN
795,10,0.0,16200,LONDON_OPEN
800,10,0.0,16200,LONDON_OPEN
805,10,0.0,16200,LONDON_OPEN
810,10,0.0,16200,LONDON_OPEN
815,10,0.0,16200,LONDON_OPEN
820,10,0.0,16200,LONDON_OPEN
825,10,0.0,16200,LONDON_OPEN
830,10,0.0,16200,LONDON_OPEN
835,10,0.0,16200,LONDON_OPEN
840,10,0.0,16200,LONDON_OPEN
845,10,0.0,16200,LONDON_OPEN
850,10,0.0,16200,LONDON_OPEN
855,10,0.0,16200,LONDON_OPEN
860,10,0.0,16200,LONDON_OPEN
865,10,0.0,16200,LONDON_OPEN
870,10,0.0,16200,LONDON_OPEN
875,10,0.0,16200,LONDON_OPEN
880,10,0.0,16200,LONDON_OPEN
885,10,0.0,16200,LONDON_OPEN
890,10,0.0,16200,LONDON_OPEN
895,10,0.0,16200,LONDON_OPEN
900,10,0.0,16200,LONDON_OPEN
905,10,0.0,16200,LONDON_OPEN
910,10,0.0,16200,LONDON_OPEN
915,10,0.0,16200,LONDON_OPEN
920,10,0.0,16200,LONDON_OPEN
925,10,0.0,16200,LONDON_OPEN
930,10,0.0,16200,LONDON_OPEN
935,10,0.0,16200,LONDON_OPEN
940,10,0.0,16200,LONDON_OPEN
945,10,0.0,16200,LONDON_OPEN
950,10,0.0,16200,LONDON_OPEN
955,10,0.0,16200,LONDON_OPEN
960,10,0.0,16200,LONDON_OPEN
965,10,0.0,16200,LONDON_OPEN
970,10,0.0,16200,LONDON_OPEN
975,10,0.0,16200,LONDON_OPEN
980,10,0.0,16200,LONDON_OPEN
985,10,0.0,16200,LONDON_OPEN
990,10,0.0,16200,LONDON_OPEN
995,10,0.0,16200,LONDON_OPEN
1000,10,0.0,16200,LONDON_OPEN
1005,10,0.0,16200,LONDON_OPEN
1010,10,0.0,16200,LONDON_OPEN
1015,10,0.0,16200,LONDON_OPEN
1020,10,0.0,16200,LONDON_OPEN
1025,10,0.0,16200,LONDON_OPEN
1030,10,0.0,16200,LONDON_OPEN
1035,10,0.0,16200,LONDON_OPEN
1040,10,0.0,16200,LONDON_OPEN
1045,10,0.0,16200,LONDON_OPEN
1050,10,0.0,16200,LONDON_OPEN
1055,10,0.0,16200,LONDON_OPEN
1060,10,0.0,16200,LONDON_OPEN
1065,10,0.0,16200,LONDON_OPEN
1070,10,0.0,16200,LONDON_OPEN
1075,10,0.0,16200,LONDON_OPEN
1080,10,0.0,16200,LONDON_OPEN
1085,10,0.0,16200,LONDON_OPEN
1090,10,0.0,16200,LONDON_OPEN
1095,10,0.0,16200,LONDON_OPEN
1100,10,0.0,16200,LONDON_OPEN
1105,10,0.0,16200,LONDON_OPEN
1110,10,0.0,16200,LONDON_OPEN
1115,10,0.0,16200,LONDON_OPEN
1120,10,0.0,16200,LONDON_OPEN
1125,10,0.0,16200,LONDON_OPEN
1130,10,0.0,16200,LONDON_OPEN
1135,10,0.0,16200,LONDON_OPEN
1140,10,0.0,16200,LONDON_OPEN
1145,10,0.0,16200,LONDON_OPEN
1150,10,0.0,16200,LONDON_OPEN
1155,10,0.0,16200,LONDON_OPEN
1160,10,0.0,16200,LONDON_OPEN
1165,10,0.0,16200,LONDON_OPEN
1170,10,0.0,16200,LONDON_OPEN
1175,10,0.0,16200,LONDON_OPEN
1180,10,0.0,16200,LONDON_OPEN
1185,10,0.0,16200,LONDON_OPEN
1190,10,0.0,16200,LONDON_OPEN
1195,10,0.0,16200,LONDON_OPEN
1200,10,0.0,16200,LONDON_OPEN
1205,10,0.0,16200,LONDON_OPEN
1210,10,0.0,16200,LONDON_OPEN
1215,10,0.0,16200,LONDON_OPEN
1220,10,0.0,16200,LONDON_OPEN
1225,10,0.0,16200,LONDON_OPEN
1230,10,0.0,16200,LONDON_OPEN
1235,10,0.0,16200,LONDON_OPEN
1240,10,0.0,16200,LONDON_OPEN
1245,10,0.0,16200,LONDON_OPEN
1250,10,0.0,16200,LONDON_OPEN
1255,10,0.0,16200,LONDON_OPEN
1260,10,0.0,16200,LONDON_OPEN
1265,10,0.0,16200,LONDON_OPEN
1270,10,0.0,16200,LONDON_OPEN
1275,10,0.0,16200,LONDON_OPEN
1280,10,0.0,16200,LONDON_OPEN
1285,10,0.0,16200,LONDON_OPEN
1290,10,0.0,16200,LONDON_OPEN
1295,10,0.0,16200,LONDON_OPEN
1300,10,0.0,16200,LONDON_OPEN
1305,10,0.0,16200,LONDON_OPEN
1310,10,0.0,16200,LONDON_OPEN
1315,10,0.0,16200,LONDON_OPEN
1320,10,0.0,16200,LONDON_OPEN
1325,10,0.0,16200,LONDON_OPEN
1330,10,0.0,16200,LONDON_OPEN
1335,10,0.0,16200,LONDON_OPEN
1340,10,0.0,16200,LONDON_OPEN
1345,10,0.0,16200,LONDON_OPEN
1350,10,0.0,16200,LONDON_OPEN
1355,10,0.0,16200,LONDON_OPEN
1360,10,0.0,16200,LONDON_OPEN
1365,10,0.0,16200,LONDON_OPEN
1370,10,0.0,16200,LONDON_OPEN
1375,10,0.0,16200,LONDON_OPEN
1380,10,0.0,16200,LONDON_OPEN
1385,10,0.0,16200,LONDON_OPEN
1390,10,0.0,16200,LONDON_OPEN
1395,10,0.0,16200,LONDON_OPEN
1400,10,0.0,16200,LONDON_OPEN
1405,10,0.0,16200,LONDON_OPEN
1410,10,0.0,16200,LONDON_OPEN
1415,10,0.0,16200,LONDON_OPEN
1420,10,0.0,16200,LONDON_OPEN
1425,10,0.0,16200,LONDON_OPEN
1430,10,0.0,16200,LONDON_OPEN
1435,10,0.0,16200,LONDON_OPEN
1440,10,0.0,16200,LONDON_OPEN
1445,10,0.0,16200,LONDON_OPEN
1450,10,0.0,16200,LONDON_OPEN
1455,10,0.0,16200,LONDON_OPEN
1460,10,0.0,16200,LONDON_OPEN
1465,10,0.0,16200,LONDON_OPEN
1470,10,0.0,16200,LONDON_OPEN
1475,10,0.0,16200,LONDON_OPEN
1480,10,0.0,16200,LONDON_OPEN
1485,10,0.0,16200,LONDON_OPEN
1490,10,0.0,16200,LONDON_OPEN
1495,10,0.0,16200,LONDON_OPEN
1500,10,0.0,16200,LONDON_OPEN
1505,10,0.0,16200,LONDON_OPEN
1510,10,0.0,16200,LONDON_OPEN
1515,10,0.0,16200,LONDON_OPEN
1520,10,0.0,16200,LONDON_OPEN
1525,10,0.0,16200,LONDON_OPEN
1530,10,0.0,16200,LONDON_OPEN
1535,10,0.0,16200,LONDON_OPEN
1540,10,0.0,16200,LONDON_OPEN
1545,10,0.0,16200,LONDON_OPEN
1550,10,0.0,16200,LONDON_OPEN
1555,10,0.0,16200,LONDON_OPEN
1560,10,0.0,16200,LONDON_OPEN
1565,10,0.0,16200,LONDON_OPEN
1570,10,0.0,16200,LONDON_OPEN
1575,10,0.0,16200,LONDON_OPEN
1580,10,0.0,16200,LONDON_OPEN
1585,10,0.0,16200,LONDON_OPEN
1590,10,0.0,16200,LONDON_OPEN
1595,10,0.0,16200,LONDON_OPEN
1600,10,0.0,16200,LONDON_OPEN
1605,10,0.0,16200,LONDON_OPEN
1610,10,0.0,16200,LONDON_OPEN
1615,10,0.0,16200,LONDON_OPEN
1620,10,0.0,16200,LONDON_OPEN
1625,10,0.0,16200,LONDON_OPEN
1630,10,0.0,16200,LONDON_OPEN
1635,10,0.0,16200,LONDON_OPEN
1640,10,0.0,16200,LONDON_OPEN
1645,10,0.0,16200,LONDON_OPEN
1650,10,0.0,16200,LONDON_OPEN
1655,10,0.0,16200,LONDON_OPEN
1660,10,0.0,16200,LONDON_OPEN
1665,10,0.0,16200,LONDON_OPEN
1670,10,0.0,16200,LONDON_OPEN
1675,10,0.0,16200,LONDON_OPEN
1680,10,0.0,16200,LONDON_OPEN
1685,10,0.0,16200,LONDON_OPEN
1690,10,0.0,16200,LONDON_OPEN
1695,10,0.0,16200,LONDON_OPEN
1700,10,0.0,16200,LONDON_OPEN
1705,10,0.0,16200,LONDON_OPEN
1710,10,0.0,16200,LONDON_OPEN
1715,10,0.0,16200,LONDON_OPEN
1720,10,0.0,16200,LONDON_OPEN
1725,10,0.0,16200,LONDON_OPEN
1730,10,0.0,16200,LONDON_OPEN
1735,10,0.0,16200,LONDON_OPEN
1740,10,0.0,16200,LONDON_OPEN
1745,10,0.0,16200,LONDON_OPEN
1750,10,0.0,16200,LONDON_OPEN
1755,10,0.0,16200,LONDON_OPEN
1760,10,0.0,16200,LONDON_OPEN
1765,10,0.0,16200,LONDON_OPEN
1770,10,0.0,16200,LONDON_OPEN
1775,10,0.0,16200,LONDON_OPEN
1780,10,0.0,16200,LONDON_OPEN
1785,10,0.0,16200,LONDON_OPEN
1790,10,0.0,16200,LONDON_OPEN
1795,10,0.0,16200,LONDON_OPEN
1800,10,0.0,16200,LONDON_OPEN
1805,10,0.0,16200,LONDON_OPEN
1810,10,0.0,16200,LONDON_OPEN
1815,10,0.0,16200,LONDON_OPEN
1820,10,0.0,16200,LONDON_OPEN
1825,10,0.0,16200,LONDON_OPEN
1830,10,0.0,16200,LONDON_OPEN
1835,10,0.0,16200,LONDON_OPEN
1840,10,0.0,16200,LONDON_OPEN
1845,10,0.0,16200,LONDON_OPEN
1850,10,0.0,16200,LONDON_OPEN
1855,10,0.0,16200,LONDON_OPEN
1860,10,0.0,16200,LONDON_OPEN
1865,10,0.0,16200,LONDON_OPEN
1870,10,0.0,16200,LONDON_OPEN
1875,10,0.0,16200,LONDON_OPEN
1880,10,0.0,16200,LONDON_OPEN
1885,10,0.0,16200,LONDON_OPEN
1890,10,0.0,16200,LONDON_OPEN
1895,10,0.0,16200,LONDON_OPEN
1900,10,0.0,16200,LONDON_OPEN
1905,10,0.0,16200,LONDON_OPEN
1910,10,0.0,16200,LONDON_OPEN
1915,10,0.0,16200,LONDON_OPEN
1920,10,0.0,16200,LONDON_OPEN
1925,10,0.0,16200,LONDON_OPEN
1930,10,0.0,16200,LONDON_OPEN
1935,10,0.0,16200,LONDON_OPEN
1940,10,0.0,16200,LONDON_OPEN
1945,10,0.0,16200,LONDON_OPEN
1950,10,0.0,16200,LONDON_OPEN
1955,10,0.0,16200,LONDON_OPEN
1960,10,0.0,16200,LONDON_OPEN
1965,10,0.0,16200,LONDON_OPEN
1970,10,0.0,16200,LONDON_OPEN
1975,10,0.0,16200,LONDON_OPEN
1980,10,0.0,16200,LONDON_OPEN
1985,10,0.0,16200,LONDON_OPEN
1990,10,0.0,16200,LONDON_OPEN
1995,10,0.0,16200,LONDON_OPEN
2000,10,0.0,16200,LONDON_OPEN
50,10,0.133724,53820,NY
55,10,0.095132,53820,NY
60,10,0.066351,53820,NY
65,10,0.044909,53820,NY
70,10,0.030713,53820,NY
75,10,0.020234,53820,NY
80,10,0.013638,53820,NY
85,10,0.009309,53820,NY
90,10,0.00602,53820,NY
95,10,0.00392,53820,NY
100,10,0.002397,53820,NY
105,10,0.001561,53820,NY
110,10,0.001059,53820,NY
115,10,0.000632,53820,NY
120,10,0.000465,53820,NY
125,10,0.000279,53820,NY
130,10,0.000242,53820,NY
135,10,0.000167,53820,NY
140,10,0.000111,53820,NY
145,10,5.6e-05,53820,NY
150,10,0.0,53820,NY
155,10,0.0,53820,NY
160,10,0.0,53820,NY
165,10,0.0,53820,NY
170,10,0.0,53820,NY
175,10,0.0,53820,NY
180,10,0.0,53820,NY
185,10,0.0,53820,NY
190,10,0.0,53820,NY
195,10,0.0,53820,NY
200,10,0.0,53820,NY
205,10,0.0,53820,NY
210,10,0.0,53820,NY
215,10,0.0,53820,NY
220,10,0.0,53820,NY
225,10,0.0,53820,NY
230,10,0.0,53820,NY
235,10,0.0,53820,NY
240,10,0.0,53820,NY
245,10,0.0,53820,NY
250,10,0.0,53820,NY
255,10,0.0,53820,NY
260,10,0.0,53820,NY
265,10,0.0,53820,NY
270,10,0.0,53820,NY
275,10,0.0,53820,NY
280,10,0.0,53820,NY
285,10,0.0,53820,NY
290,10,0.0,53820,NY
295,10,0.0,53820,NY
300,10,0.0,53820,NY
305,10,0.0,53820,NY
310,10,0.0,53820,NY
315,10,0.0,53820,NY
320,10,0.0,53820,NY
325,10,0.0,53820,NY
330,10,0.0,53820,NY
335,10,0.0,53820,NY
340,10,0.0,53820,NY
345,10,0.0,53820,NY
350,10,0.0,53820,NY
355,10,0.0,53820,NY
360,10,0.0,53820,NY
365,10,0.0,53820,NY
370,10,0.0,53820,NY
375,10,0.0,53820,NY
380,10,0.0,53820,NY
385,10,0.0,53820,NY
390,10,0.0,53820,NY
395,10,0.0,53820,NY
400,10,0.0,53820,NY
405,10,0.0,53820,NY
410,10,0.0,53820,NY
415,10,0.0,53820,NY
420,10,0.0,53820,NY
425,10,0.0,53820,NY
430,10,0.0,53820,NY
435,10,0.0,53820,NY
440,10,0.0,53820,NY
445,10,0.0,53820,NY
450,10,0.0,53820,NY
455,10,0.0,53820,NY
460,10,0.0,53820,NY
465,10,0.0,53820,NY
470,10,0.0,53820,NY
475,10,0.0,53820,NY
480,10,0.0,53820,NY
485,10,0.0,53820,NY
490,10,0.0,53820,NY
495,10,0.0,53820,NY
500,10,0.0,53820,NY
505,10,0.0,53820,NY
510,10,0.0,53820,NY
515,10,0.0,53820,NY
520,10,0.0,53820,NY
525,10,0.0,53820,NY
530,10,0.0,53820,NY
535,10,0.0,53820,NY
540,10,0.0,53820,NY
545,10,0.0,53820,NY
550,10,0.0,53820,NY
555,10,0.0,53820,NY
560,10,0.0,53820,NY
565,10,0.0,53820,NY
570,10,0.0,53820,NY
575,10,0.0,53820,NY
580,10,0.0,53820,NY
585,10,0.0,53820,NY
590,10,0.0,53820,NY
595,10,0.0,53820,NY
600,10,0.0,53820,NY
605,10,0.0,53820,NY
610,10,0.0,53820,NY
615,10,0.0,53820,NY
620,10,0.0,53820,NY
625,10,0.0,53820,NY
630,10,0.0,53820,NY
635,10,0.0,53820,NY
640,10,0.0,53820,NY
645,10,0.0,53820,NY
650,10,0.0,53820,NY
655,10,0.0,53820,NY
660,10,0.0,53820,NY
665,10,0.0,53820,NY
670,10,0.0,53820,NY
675,10,0.0,53820,NY
680,10,0.0,53820,NY
685,10,0.0,53820,NY
690,10,0.0,53820,NY
695,10,0.0,53820,NY
700,10,0.0,53820,NY
705,10,0.0,53820,NY
710,10,0.0,53820,NY
715,10,0.0,53820,NY
720,10,0.0,53820,NY
725,10,0.0,53820,NY
730,10,0.0,53820,NY
735,10,0.0,53820,NY
740,10,0.0,53820,NY
745,10,0.0,53820,NY
750,10,0.0,53820,NY
755,10,0.0,53820,NY
760,10,0.0,53820,NY
765,10,0.0,53820,NY
770,10,0.0,53820,NY
775,10,0.0,53820,NY
780,10,0.0,53820,NY
785,10,0.0,53820,NY
790,10,0.0,53820,NY
795,10,0.0,53820,NY
800,10,0.0,53820,NY
805,10,0.0,53820,NY
810,10,0.0,53820,NY
815,10,0.0,53820,NY
820,10,0.0,53820,NY
825,10,0.0,53820,NY
830,10,0.0,53820,NY
835,10,0.0,53820,NY
840,10,0.0,53820,NY
845,10,0.0,53820,NY
850,10,0.0,53820,NY
855,10,0.0,53820,NY
860,10,0.0,53820,NY
865,10,0.0,53820,NY
870,10,0.0,53820,NY
875,10,0.0,53820,NY
880,10,0.0,53820,NY
885,10,0.0,53820,NY
890,10,0.0,53820,NY
895,10,0.0,53820,NY
900,10,0.0,53820,NY
905,10,0.0,53820,NY
910,10,0.0,53820,NY
915,10,0.0,53820,NY
920,10,0.0,53820,NY
925,10,0.0,53820,NY
930,10,0.0,53820,NY
935,10,0.0,53820,NY
940,10,0.0,53820,NY
945,10,0.0,53820,NY
950,10,0.0,53820,NY
955,10,0.0,53820,NY
960,10,0.0,53820,NY
965,10,0.0,53820,NY
970,10,0.0,53820,NY
975,10,0.0,53820,NY
980,10,0.0,53820,NY
985,10,0.0,53820,NY
990,10,0.0,53820,NY
995,10,0.0,53820,NY
1000,10,0.0,53820,NY
1005,10,0.0,53820,NY
1010,10,0.0,53820,NY
1015,10,0.0,53820,NY
1020,10,0.0,53820,NY
1025,10,0.0,53820,NY
1030,10,0.0,53820,NY
1035,10,0.0,53820,NY
1040,10,0.0,53820,NY
1045,10,0.0,53820,NY
1050,10,0.0,53820,NY
1055,10,0.0,53820,NY
1060,10,0.0,53820,NY
1065,10,0.0,53820,NY
1070,10,0.0,53820,NY
1075,10,0.0,53820,NY
1080,10,0.0,53820,NY
1085,10,0.0,53820,NY
1090,10,0.0,53820,NY
1095,10,0.0,53820,NY
1100,10,0.0,53820,NY
1105,10,0.0,53820,NY
1110,10,0.0,53820,NY
1115,10,0.0,53820,NY
1120,10,0.0,53820,NY
1125,10,0.0,53820,NY
1130,10,0.0,53820,NY
1135,10,0.0,53820,NY
1140,10,0.0,53820,NY
1145,10,0.0,53820,NY
1150,10,0.0,53820,NY
1155,10,0.0,53820,NY
1160,10,0.0,53820,NY
1165,10,0.0,53820,NY
1170,10,0.0,53820,NY
1175,10,0.0,53820,NY
1180,10,0.0,53820,NY
1185,10,0.0,53820,NY
1190,10,0.0,53820,NY
1195,10,0.0,53820,NY
1200,10,0.0,53820,NY
1205,10,0.0,53820,NY
1210,10,0.0,53820,NY
1215,10,0.0,53820,NY
1220,10,0.0,53820,NY
1225,10,0.0,53820,NY
1230,10,0.0,53820,NY
1235,10,0.0,53820,NY
1240,10,0.0,53820,NY
1245,10,0.0,53820,NY
1250,10,0.0,53820,NY
1255,10,0.0,53820,NY
1260,10,0.0,53820,NY
1265,10,0.0,53820,NY
1270,10,0.0,53820,NY
1275,10,0.0,53820,NY
1280,10,0.0,53820,NY
1285,10,0.0,53820,NY
1290,10,0.0,53820,NY
1295,10,0.0,53820,NY
1300,10,0.0,53820,NY
1305,10,0.0,53820,NY
1310,10,0.0,53820,NY
1315,10,0.0,53820,NY
1320,10,0.0,53820,NY
1325,10,0.0,53820,NY
1330,10,0.0,53820,NY
1335,10,0.0,53820,NY
1340,10,0.0,53820,NY
1345,10,0.0,53820,NY
1350,10,0.0,53820,NY
1355,10,0.0,53820,NY
1360,10,0.0,53820,NY
1365,10,0.0,53820,NY
1370,10,0.0,53820,NY
1375,10,0.0,53820,NY
1380,10,0.0,53820,NY
1385,10,0.0,53820,NY
1390,10,0.0,53820,NY
1395,10,0.0,53820,NY
1400,10,0.0,53820,NY
1405,10,0.0,53820,NY
1410,10,0.0,53820,NY
1415,10,0.0,53820,NY
1420,10,0.0,53820,NY
1425,10,0.0,53820,NY
1430,10,0.0,53820,NY
1435,10,0.0,53820,NY
1440,10,0.0,53820,NY
1445,10,0.0,53820,NY
1450,10,0.0,53820,NY
1455,10,0.0,53820,NY
1460,10,0.0,53820,NY
1465,10,0.0,53820,NY
1470,10,0.0,53820,NY
1475,10,0.0,53820,NY
1480,10,0.0,53820,NY
1485,10,0.0,53820,NY
1490,10,0.0,53820,NY
1495,10,0.0,53820,NY
1500,10,0.0,53820,NY
1505,10,0.0,53820,NY
1510,10,0.0,53820,NY
1515,10,0.0,53820,NY
1520,10,0.0,53820,NY
1525,10,0.0,53820,NY
1530,10,0.0,53820,NY
1535,10,0.0,53820,NY
1540,10,0.0,53820,NY
1545,10,0.0,53820,NY
1550,10,0.0,53820,NY
1555,10,0.0,53820,NY
1560,10,0.0,53820,NY
1565,10,0.0,53820,NY
1570,10,0.0,53820,NY
1575,10,0.0,53820,NY
1580,10,0.0,53820,NY
1585,10,0.0,53820,NY
1590,10,0.0,53820,NY
1595,10,0.0,53820,NY
1600,10,0.0,53820,NY
1605,10,0.0,53820,NY
1610,10,0.0,53820,NY
1615,10,0.0,53820,NY
1620,10,0.0,53820,NY
1625,10,0.0,53820,NY
1630,10,0.0,53820,NY
1635,10,0.0,53820,NY
1640,10,0.0,53820,NY
1645,10,0.0,53820,NY
1650,10,0.0,53820,NY
1655,10,0.0,53820,NY
1660,10,0.0,53820,NY
1665,10,0.0,53820,NY
1670,10,0.0,53820,NY
1675,10,0.0,53820,NY
1680,10,0.0,53820,NY
1685,10,0.0,53820,NY
1690,10,0.0,53820,NY
1695,10,0.0,53820,NY
1700,10,0.0,53820,NY
1705,10,0.0,53820,NY
1710,10,0.0,53820,NY
1715,10,0.0,53820,NY
1720,10,0.0,53820,NY
1725,10,0.0,53820,NY
1730,10,0.0,53820,NY
1735,10,0.0,53820,NY
1740,10,0.0,53820,NY
1745,10,0.0,53820,NY
1750,10,0.0,53820,NY
1755,10,0.0,53820,NY
1760,10,0.0,53820,NY
1765,10,0.0,53820,NY
1770,10,0.0,53820,NY
1775,10,0.0,53820,NY
1780,10,0.0,53820,NY
1785,10,0.0,53820,NY
1790,10,0.0,53820,NY
1795,10,0.0,53820,NY
1800,10,0.0,53820,NY
1805,10,0.0,53820,NY
1810,10,0.0,53820,NY
1815,10,0.0,53820,NY
1820,10,0.0,53820,NY
1825,10,0.0,53820,NY
1830,10,0.0,53820,NY
1835,10,0.0,53820,NY
1840,10,0.0,53820,NY
1845,10,0.0,53820,NY
1850,10,0.0,53820,NY
1855,10,0.0,53820,NY
1860,10,0.0,53820,NY
1865,10,0.0,53820,NY
1870,10,0.0,53820,NY
1875,10,0.0,53820,NY
1880,10,0.0,53820,NY
1885,10,0.0,53820,NY
1890,10,0.0,53820,NY
1895,10,0.0,53820,NY
1900,10,0.0,53820,NY
1905,10,0.0,53820,NY
1910,10,0.0,53820,NY
1915,10,0.0,53820,NY
1920,10,0.0,53820,NY
1925,10,0.0,53820,NY
1930,10,0.0,53820,NY
1935,10,0.0,53820,NY
1940,10,0.0,53820,NY
1945,10,0.0,53820,NY
1950,10,0.0,53820,NY
1955,10,0.0,53820,NY
1960,10,0.0,53820,NY
1965,10,0.0,53820,NY
1970,10,0.0,53820,NY
1975,10,0.0,53820,NY
1980,10,0.0,53820,NY
1985,10,0.0,53820,NY
1990,10,0.0,53820,NY
1995,10,0.0,53820,NY
2000,10,0.0,53820,NY
50,10,0.093796,10800,NY_CLOSE
55,10,0.062222,10800,NY_CLOSE
60,10,0.0425,10800,NY_CLOSE
65,10,0.026296,10800,NY_CLOSE
70,10,0.016667,10800,NY_CLOSE
75,10,0.010556,10800,NY_CLOSE
80,10,0.006944,10800,NY_CLOSE
85,10,0.003889,10800,NY_CLOSE
90,10,0.002222,10800,NY_CLOSE
95,10,0.000926,10800,NY_CLOSE
100,10,0.000463,10800,NY_CLOSE
105,10,9.3e-05,10800,NY_CLOSE
110,10,9.3e-05,10800,NY_CLOSE
115,10,9.3e-05,10800,NY_CLOSE
120,10,9.3e-05,10800,NY_CLOSE
125,10,9.3e-05,10800,NY_CLOSE
130,10,9.3e-05,10800,NY_CLOSE
135,10,9.3e-05,10800,NY_CLOSE
140,10,0.0,10800,NY_CLOSE
145,10,0.0,10800,NY_CLOSE
150,10,0.0,10800,NY_CLOSE
155,10,0.0,10800,NY_CLOSE
160,10,0.0,10800,NY_CLOSE
165,10,0.0,10800,NY_CLOSE
170,10,0.0,10800,NY_CLOSE
175,10,0.0,10800,NY_CLOSE
180,10,0.0,10800,NY_CLOSE
185,10,0.0,10800,NY_CLOSE
190,10,0.0,10800,NY_CLOSE
195,10,0.0,10800,NY_CLOSE
200,10,0.0,10800,NY_CLOSE
205,10,0.0,10800,NY_CLOSE
210,10,0.0,10800,NY_CLOSE
215,10,0.0,10800,NY_CLOSE
220,10,0.0,10800,NY_CLOSE
225,10,0.0,10800,NY_CLOSE
230,10,0.0,10800,NY_CLOSE
235,10,0.0,10800,NY_CLOSE
240,10,0.0,10800,NY_CLOSE
245,10,0.0,10800,NY_CLOSE
250,10,0.0,10800,NY_CLOSE
255,10,0.0,10800,NY_CLOSE
260,10,0.0,10800,NY_CLOSE
265,10,0.0,10800,NY_CLOSE
270,10,0.0,10800,NY_CLOSE
275,10,0.0,10800,NY_CLOSE
280,10,0.0,10800,NY_CLOSE
285,10,0.0,10800,NY_CLOSE
290,10,0.0,10800,NY_CLOSE
295,10,0.0,10800,NY_CLOSE
300,10,0.0,10800,NY_CLOSE
305,10,0.0,10800,NY_CLOSE
310,10,0.0,10800,NY_CLOSE
315,10,0.0,10800,NY_CLOSE
320,10,0.0,10800,NY_CLOSE
325,10,0.0,10800,NY_CLOSE
330,10,0.0,10800,NY_CLOSE
335,10,0.0,10800,NY_CLOSE
340,10,0.0,10800,NY_CLOSE
345,10,0.0,10800,NY_CLOSE
350,10,0.0,10800,NY_CLOSE
355,10,0.0,10800,NY_CLOSE
360,10,0.0,10800,NY_CLOSE
365,10,0.0,10800,NY_CLOSE
370,10,0.0,10800,NY_CLOSE
375,10,0.0,10800,NY_CLOSE
380,10,0.0,10800,NY_CLOSE
385,10,0.0,10800,NY_CLOSE
390,10,0.0,10800,NY_CLOSE
395,10,0.0,10800,NY_CLOSE
400,10,0.0,10800,NY_CLOSE
405,10,0.0,10800,NY_CLOSE
410,10,0.0,10800,NY_CLOSE
415,10,0.0,10800,NY_CLOSE
420,10,0.0,10800,NY_CLOSE
425,10,0.0,10800,NY_CLOSE
430,10,0.0,10800,NY_CLOSE
435,10,0.0,10800,NY_CLOSE
440,10,0.0,10800,NY_CLOSE
445,10,0.0,10800,NY_CLOSE
450,10,0.0,10800,NY_CLOSE
455,10,0.0,10800,NY_CLOSE
460,10,0.0,10800,NY_CLOSE
465,10,0.0,10800,NY_CLOSE
470,10,0.0,10800,NY_CLOSE
475,10,0.0,10800,NY_CLOSE
480,10,0.0,10800,NY_CLOSE
485,10,0.0,10800,NY_CLOSE
490,10,0.0,10800,NY_CLOSE
495,10,0.0,10800,NY_CLOSE
500,10,0.0,10800,NY_CLOSE
505,10,0.0,10800,NY_CLOSE
510,10,0.0,10800,NY_CLOSE
515,10,0.0,10800,NY_CLOSE
520,10,0.0,10800,NY_CLOSE
525,10,0.0,10800,NY_CLOSE
530,10,0.0,10800,NY_CLOSE
535,10,0.0,10800,NY_CLOSE
540,10,0.0,10800,NY_CLOSE
545,10,0.0,10800,NY_CLOSE
550,10,0.0,10800,NY_CLOSE
555,10,0.0,10800,NY_CLOSE
560,10,0.0,10800,NY_CLOSE
565,10,0.0,10800,NY_CLOSE
570,10,0.0,10800,NY_CLOSE
575,10,0.0,10800,NY_CLOSE
580,10,0.0,10800,NY_CLOSE
585,10,0.0,10800,NY_CLOSE
590,10,0.0,10800,NY_CLOSE
595,10,0.0,10800,NY_CLOSE
600,10,0.0,10800,NY_CLOSE
605,10,0.0,10800,NY_CLOSE
610,10,0.0,10800,NY_CLOSE
615,10,0.0,10800,NY_CLOSE
620,10,0.0,10800,NY_CLOSE
625,10,0.0,10800,NY_CLOSE
630,10,0.0,10800,NY_CLOSE
635,10,0.0,10800,NY_CLOSE
640,10,0.0,10800,NY_CLOSE
645,10,0.0,10800,NY_CLOSE
650,10,0.0,10800,NY_CLOSE
655,10,0.0,10800,NY_CLOSE
660,10,0.0,10800,NY_CLOSE
665,10,0.0,10800,NY_CLOSE
670,10,0.0,10800,NY_CLOSE
675,10,0.0,10800,NY_CLOSE
680,10,0.0,10800,NY_CLOSE
685,10,0.0,10800,NY_CLOSE
690,10,0.0,10800,NY_CLOSE
695,10,0.0,10800,NY_CLOSE
700,10,0.0,10800,NY_CLOSE
705,10,0.0,10800,NY_CLOSE
710,10,0.0,10800,NY_CLOSE
715,10,0.0,10800,NY_CLOSE
720,10,0.0,10800,NY_CLOSE
725,10,0.0,10800,NY_CLOSE
730,10,0.0,10800,NY_CLOSE
735,10,0.0,10800,NY_CLOSE
740,10,0.0,10800,NY_CLOSE
745,10,0.0,10800,NY_CLOSE
750,10,0.0,10800,NY_CLOSE
755,10,0.0,10800,NY_CLOSE
760,10,0.0,10800,NY_CLOSE
765,10,0.0,10800,NY_CLOSE
770,10,0.0,10800,NY_CLOSE
775,10,0.0,10800,NY_CLOSE
780,10,0.0,10800,NY_CLOSE
785,10,0.0,10800,NY_CLOSE
790,10,0.0,10800,NY_CLOSE
795,10,0.0,10800,NY_CLOSE
800,10,0.0,10800,NY_CLOSE
805,10,0.0,10800,NY_CLOSE
810,10,0.0,10800,NY_CLOSE
815,10,0.0,10800,NY_CLOSE
820,10,0.0,10800,NY_CLOSE
825,10,0.0,10800,NY_CLOSE
830,10,0.0,10800,NY_CLOSE
835,10,0.0,10800,NY_CLOSE
840,10,0.0,10800,NY_CLOSE
845,10,0.0,10800,NY_CLOSE
850,10,0.0,10800,NY_CLOSE
855,10,0.0,10800,NY_CLOSE
860,10,0.0,10800,NY_CLOSE
865,10,0.0,10800,NY_CLOSE
870,10,0.0,10800,NY_CLOSE
875,10,0.0,10800,NY_CLOSE
880,10,0.0,10800,NY_CLOSE
885,10,0.0,10800,NY_CLOSE
890,10,0.0,10800,NY_CLOSE
895,10,0.0,10800,NY_CLOSE
900,10,0.0,10800,NY_CLOSE
905,10,0.0,10800,NY_CLOSE
910,10,0.0,10800,NY_CLOSE
915,10,0.0,10800,NY_CLOSE
920,10,0.0,10800,NY_CLOSE
925,10,0.0,10800,NY_CLOSE
930,10,0.0,10800,NY_CLOSE
935,10,0.0,10800,NY_CLOSE
940,10,0.0,10800,NY_CLOSE
945,10,0.0,10800,NY_CLOSE
950,10,0.0,10800,NY_CLOSE
955,10,0.0,10800,NY_CLOSE
960,10,0.0,10800,NY_CLOSE
965,10,0.0,10800,NY_CLOSE
970,10,0.0,10800,NY_CLOSE
975,10,0.0,10800,NY_CLOSE
980,10,0.0,10800,NY_CLOSE
985,10,0.0,10800,NY_CLOSE
990,10,0.0,10800,NY_CLOSE
995,10,0.0,10800,NY_CLOSE
1000,10,0.0,10800,NY_CLOSE
1005,10,0.0,10800,NY_CLOSE
1010,10,0.0,10800,NY_CLOSE
1015,10,0.0,10800,NY_CLOSE
1020,10,0.0,10800,NY_CLOSE
1025,10,0.0,10800,NY_CLOSE
1030,10,0.0,10800,NY_CLOSE
1035,10,0.0,10800,NY_CLOSE
1040,10,0.0,10800,NY_CLOSE
1045,10,0.0,10800,NY_CLOSE
1050,10,0.0,10800,NY_CLOSE
1055,10,0.0,10800,NY_CLOSE
1060,10,0.0,10800,NY_CLOSE
1065,10,0.0,10800,NY_CLOSE
1070,10,0.0,10800,NY_CLOSE
1075,10,0.0,10800,NY_CLOSE
1080,10,0.0,10800,NY_CLOSE
1085,10,0.0,10800,NY_CLOSE
1090,10,0.0,10800,NY_CLOSE
1095,10,0.0,10800,NY_CLOSE
1100,10,0.0,10800,NY_CLOSE
1105,10,0.0,10800,NY_CLOSE
1110,10,0.0,10800,NY_CLOSE
1115,10,0.0,10800,NY_CLOSE
1120,10,0.0,10800,NY_CLOSE
1125,10,0.0,10800,NY_CLOSE
1130,10,0.0,10800,NY_CLOSE
1135,10,0.0,10800,NY_CLOSE
1140,10,0.0,10800,NY_CLOSE
1145,10,0.0,10800,NY_CLOSE
1150,10,0.0,10800,NY_CLOSE
1155,10,0.0,10800,NY_CLOSE
1160,10,0.0,10800,NY_CLOSE
1165,10,0.0,10800,NY_CLOSE
1170,10,0.0,10800,NY_CLOSE
1175,10,0.0,10800,NY_CLOSE
1180,10,0.0,10800,NY_CLOSE
1185,10,0.0,10800,NY_CLOSE
1190,10,0.0,10800,NY_CLOSE
1195,10,0.0,10800,NY_CLOSE
1200,10,0.0,10800,NY_CLOSE
1205,10,0.0,10800,NY_CLOSE
1210,10,0.0,10800,NY_CLOSE
1215,10,0.0,10800,NY_CLOSE
1220,10,0.0,10800,NY_CLOSE
1225,10,0.0,10800,NY_CLOSE
1230,10,0.0,10800,NY_CLOSE
1235,10,0.0,10800,NY_CLOSE
1240,10,0.0,10800,NY_CLOSE
1245,10,0.0,10800,NY_CLOSE
1250,10,0.0,10800,NY_CLOSE
1255,10,0.0,10800,NY_CLOSE
1260,10,0.0,10800,NY_CLOSE
1265,10,0.0,10800,NY_CLOSE
1270,10,0.0,10800,NY_CLOSE
1275,10,0.0,10800,NY_CLOSE
1280,10,0.0,10800,NY_CLOSE
1285,10,0.0,10800,NY_CLOSE
1290,10,0.0,10800,NY_CLOSE
1295,10,0.0,10800,NY_CLOSE
1300,10,0.0,10800,NY_CLOSE
1305,10,0.0,10800,NY_CLOSE
1310,10,0.0,10800,NY_CLOSE
1315,10,0.0,10800,NY_CLOSE
1320,10,0.0,10800,NY_CLOSE
1325,10,0.0,10800,NY_CLOSE
1330,10,0.0,10800,NY_CLOSE
1335,10,0.0,10800,NY_CLOSE
1340,10,0.0,10800,NY_CLOSE
1345,10,0.0,10800,NY_CLOSE
1350,10,0.0,10800,NY_CLOSE
1355,10,0.0,10800,NY_CLOSE
1360,10,0.0,10800,NY_CLOSE
1365,10,0.0,10800,NY_CLOSE
1370,10,0.0,10800,NY_CLOSE
1375,10,0.0,10800,NY_CLOSE
1380,10,0.0,10800,NY_CLOSE
1385,10,0.0,10800,NY_CLOSE
1390,10,0.0,10800,NY_CLOSE
1395,10,0.0,10800,NY_CLOSE
1400,10,0.0,10800,NY_CLOSE
1405,10,0.0,10800,NY_CLOSE
1410,10,0.0,10800,NY_CLOSE
1415,10,0.0,10800,NY_CLOSE
1420,10,0.0,10800,NY_CLOSE
1425,10,0.0,10800,NY_CLOSE
1430,10,0.0,10800,NY_CLOSE
1435,10,0.0,10800,NY_CLOSE
1440,10,0.0,10800,NY_CLOSE
1445,10,0.0,10800,NY_CLOSE
1450,10,0.0,10800,NY_CLOSE
1455,10,0.0,10800,NY_CLOSE
1460,10,0.0,10800,NY_CLOSE
1465,10,0.0,10800,NY_CLOSE
1470,10,0.0,10800,NY_CLOSE
1475,10,0.0,10800,NY_CLOSE
1480,10,0.0,10800,NY_CLOSE
1485,10,0.0,10800,NY_CLOSE
1490,10,0.0,10800,NY_CLOSE
1495,10,0.0,10800,NY_CLOSE
1500,10,0.0,10800,NY_CLOSE
1505,10,0.0,10800,NY_CLOSE
1510,10,0.0,10800,NY_CLOSE
1515,10,0.0,10800,NY_CLOSE
1520,10,0.0,10800,NY_CLOSE
1525,10,0.0,10800,NY_CLOSE
1530,10,0.0,10800,NY_CLOSE
1535,10,0.0,10800,NY_CLOSE
1540,10,0.0,10800,NY_CLOSE
1545,10,0.0,10800,NY_CLOSE
1550,10,0.0,10800,NY_CLOSE
1555,10,0.0,10800,NY_CLOSE
1560,10,0.0,10800,NY_CLOSE
1565,10,0.0,10800,NY_CLOSE
1570,10,0.0,10800,NY_CLOSE
1575,10,0.0,10800,NY_CLOSE
1580,10,0.0,10800,NY_CLOSE
1585,10,0.0,10800,NY_CLOSE
1590,10,0.0,10800,NY_CLOSE
1595,10,0.0,10800,NY_CLOSE
1600,10,0.0,10800,NY_CLOSE
1605,10,0.0,10800,NY_CLOSE
1610,10,0.0,10800,NY_CLOSE
1615,10,0.0,10800,NY_CLOSE
1620,10,0.0,10800,NY_CLOSE
1625,10,0.0,10800,NY_CLOSE
1630,10,0.0,10800,NY_CLOSE
1635,10,0.0,10800,NY_CLOSE
1640,10,0.0,10800,NY_CLOSE
1645,10,0.0,10800,NY_CLOSE
1650,10,0.0,10800,NY_CLOSE
1655,10,0.0,10800,NY_CLOSE
1660,10,0.0,10800,NY_CLOSE
1665,10,0.0,10800,NY_CLOSE
1670,10,0.0,10800,NY_CLOSE
1675,10,0.0,10800,NY_CLOSE
1680,10,0.0,10800,NY_CLOSE
1685,10,0.0,10800,NY_CLOSE
1690,10,0.0,10800,NY_CLOSE
1695,10,0.0,10800,NY_CLOSE
1700,10,0.0,10800,NY_CLOSE
1705,10,0.0,10800,NY_CLOSE
1710,10,0.0,10800,NY_CLOSE
1715,10,0.0,10800,NY_CLOSE
1720,10,0.0,10800,NY_CLOSE
1725,10,0.0,10800,NY_CLOSE
1730,10,0.0,10800,NY_CLOSE
1735,10,0.0,10800,NY_CLOSE
1740,10,0.0,10800,NY_CLOSE
1745,10,0.0,10800,NY_CLOSE
1750,10,0.0,10800,NY_CLOSE
1755,10,0.0,10800,NY_CLOSE
1760,10,0.0,10800,NY_CLOSE
1765,10,0.0,10800,NY_CLOSE
1770,10,0.0,10800,NY_CLOSE
1775,10,0.0,10800,NY_CLOSE
1780,10,0.0,10800,NY_CLOSE
1785,10,0.0,10800,NY_CLOSE
1790,10,0.0,10800,NY_CLOSE
1795,10,0.0,10800,NY_CLOSE
1800,10,0.0,10800,NY_CLOSE
1805,10,0.0,10800,NY_CLOSE
1810,10,0.0,10800,NY_CLOSE
1815,10,0.0,10800,NY_CLOSE
1820,10,0.0,10800,NY_CLOSE
1825,10,0.0,10800,NY_CLOSE
1830,10,0.0,10800,NY_CLOSE
1835,10,0.0,10800,NY_CLOSE
1840,10,0.0,10800,NY_CLOSE
1845,10,0.0,10800,NY_CLOSE
1850,10,0.0,10800,NY_CLOSE
1855,10,0.0,10800,NY_CLOSE
1860,10,0.0,10800,NY_CLOSE
1865,10,0.0,10800,NY_CLOSE
1870,10,0.0,10800,NY_CLOSE
1875,10,0.0,10800,NY_CLOSE
1880,10,0.0,10800,NY_CLOSE
1885,10,0.0,10800,NY_CLOSE
1890,10,0.0,10800,NY_CLOSE
1895,10,0.0,10800,NY_CLOSE
1900,10,0.0,10800,NY_CLOSE
1905,10,0.0,10800,NY_CLOSE
1910,10,0.0,10800,NY_CLOSE
1915,10,0.0,10800,NY_CLOSE
1920,10,0.0,10800,NY_CLOSE
1925,10,0.0,10800,NY_CLOSE
1930,10,0.0,10800,NY_CLOSE
1935,10,0.0,10800,NY_CLOSE
1940,10,0.0,10800,NY_CLOSE
1945,10,0.0,10800,NY_CLOSE
1950,10,0.0,10800,NY_CLOSE
1955,10,0.0,10800,NY_CLOSE
1960,10,0.0,10800,NY_CLOSE
1965,10,0.0,10800,NY_CLOSE
1970,10,0.0,10800,NY_CLOSE
1975,10,0.0,10800,NY_CLOSE
1980,10,0.0,10800,NY_CLOSE
1985,10,0.0,10800,NY_CLOSE
1990,10,0.0,10800,NY_CLOSE
1995,10,0.0,10800,NY_CLOSE
2000,10,0.0,10800,NY_CLOSE
50,10,0.223426,10800,NY_OPEN
55,10,0.170648,10800,NY_OPEN
60,10,0.127315,10800,NY_OPEN
65,10,0.09463,10800,NY_OPEN
70,10,0.068796,10800,NY_OPEN
75,10,0.050556,10800,NY_OPEN
80,10,0.034815,10800,NY_OPEN
85,10,0.025278,10800,NY_OPEN
90,10,0.018981,10800,NY_OPEN
95,10,0.014444,10800,NY_OPEN
100,10,0.010556,10800,NY_OPEN
105,10,0.007593,10800,NY_OPEN
110,10,0.004815,10800,NY_OPEN
115,10,0.003611,10800,NY_OPEN
120,10,0.001759,10800,NY_OPEN
125,10,0.001111,10800,NY_OPEN
130,10,0.000741,10800,NY_OPEN
135,10,0.000556,10800,NY_OPEN
140,10,0.00037,10800,NY_OPEN
145,10,0.00037,10800,NY_OPEN
150,10,0.000185,10800,NY_OPEN
155,10,0.000185,10800,NY_OPEN
160,10,0.000185,10800,NY_OPEN
165,10,0.000185,10800,NY_OPEN
170,10,9.3e-05,10800,NY_OPEN
175,10,0.0,10800,NY_OPEN
180,10,0.0,10800,NY_OPEN
185,10,0.0,10800,NY_OPEN
190,10,0.0,10800,NY_OPEN
195,10,0.0,10800,NY_OPEN
200,10,0.0,10800,NY_OPEN
205,10,0.0,10800,NY_OPEN
210,10,0.0,10800,NY_OPEN
215,10,0.0,10800,NY_OPEN
220,10,0.0,10800,NY_OPEN
225,10,0.0,10800,NY_OPEN
230,10,0.0,10800,NY_OPEN
235,10,0.0,10800,NY_OPEN
240,10,0.0,10800,NY_OPEN
245,10,0.0,10800,NY_OPEN
250,10,0.0,10800,NY_OPEN
255,10,0.0,10800,NY_OPEN
260,10,0.0,10800,NY_OPEN
265,10,0.0,10800,NY_OPEN
270,10,0.0,10800,NY_OPEN
275,10,0.0,10800,NY_OPEN
280,10,0.0,10800,NY_OPEN
285,10,0.0,10800,NY_OPEN
290,10,0.0,10800,NY_OPEN
295,10,0.0,10800,NY_OPEN
300,10,0.0,10800,NY_OPEN
305,10,0.0,10800,NY_OPEN
310,10,0.0,10800,NY_OPEN
315,10,0.0,10800,NY_OPEN
320,10,0.0,10800,NY_OPEN
325,10,0.0,10800,NY_OPEN
330,10,0.0,10800,NY_OPEN
335,10,0.0,10800,NY_OPEN
340,10,0.0,10800,NY_OPEN
345,10,0.0,10800,NY_OPEN
350,10,0.0,10800,NY_OPEN
355,10,0.0,10800,NY_OPEN
360,10,0.0,10800,NY_OPEN
365,10,0.0,10800,NY_OPEN
370,10,0.0,10800,NY_OPEN
375,10,0.0,10800,NY_OPEN
380,10,0.0,10800,NY_OPEN
385,10,0.0,10800,NY_OPEN
390,10,0.0,10800,NY_OPEN
395,10,0.0,10800,NY_OPEN
400,10,0.0,10800,NY_OPEN
405,10,0.0,10800,NY_OPEN
410,10,0.0,10800,NY_OPEN
415,10,0.0,10800,NY_OPEN
420,10,0.0,10800,NY_OPEN
425,10,0.0,10800,NY_OPEN
430,10,0.0,10800,NY_OPEN
435,10,0.0,10800,NY_OPEN
440,10,0.0,10800,NY_OPEN
445,10,0.0,10800,NY_OPEN
450,10,0.0,10800,NY_OPEN
455,10,0.0,10800,NY_OPEN
460,10,0.0,10800,NY_OPEN
465,10,0.0,10800,NY_OPEN
470,10,0.0,10800,NY_OPEN
475,10,0.0,10800,NY_OPEN
480,10,0.0,10800,NY_OPEN
485,10,0.0,10800,NY_OPEN
490,10,0.0,10800,NY_OPEN
495,10,0.0,10800,NY_OPEN
500,10,0.0,10800,NY_OPEN
505,10,0.0,10800,NY_OPEN
510,10,0.0,10800,NY_OPEN
515,10,0.0,10800,NY_OPEN
520,10,0.0,10800,NY_OPEN
525,10,0.0,10800,NY_OPEN
530,10,0.0,10800,NY_OPEN
535,10,0.0,10800,NY_OPEN
540,10,0.0,10800,NY_OPEN
545,10,0.0,10800,NY_OPEN
550,10,0.0,10800,NY_OPEN
555,10,0.0,10800,NY_OPEN
560,10,0.0,10800,NY_OPEN
565,10,0.0,10800,NY_OPEN
570,10,0.0,10800,NY_OPEN
575,10,0.0,10800,NY_OPEN
580,10,0.0,10800,NY_OPEN
585,10,0.0,10800,NY_OPEN
590,10,0.0,10800,NY_OPEN
595,10,0.0,10800,NY_OPEN
600,10,0.0,10800,NY_OPEN
605,10,0.0,10800,NY_OPEN
610,10,0.0,10800,NY_OPEN
615,10,0.0,10800,NY_OPEN
620,10,0.0,10800,NY_OPEN
625,10,0.0,10800,NY_OPEN
630,10,0.0,10800,NY_OPEN
635,10,0.0,10800,NY_OPEN
640,10,0.0,10800,NY_OPEN
645,10,0.0,10800,NY_OPEN
650,10,0.0,10800,NY_OPEN
655,10,0.0,10800,NY_OPEN
660,10,0.0,10800,NY_OPEN
665,10,0.0,10800,NY_OPEN
670,10,0.0,10800,NY_OPEN
675,10,0.0,10800,NY_OPEN
680,10,0.0,10800,NY_OPEN
685,10,0.0,10800,NY_OPEN
690,10,0.0,10800,NY_OPEN
695,10,0.0,10800,NY_OPEN
700,10,0.0,10800,NY_OPEN
705,10,0.0,10800,NY_OPEN
710,10,0.0,10800,NY_OPEN
715,10,0.0,10800,NY_OPEN
720,10,0.0,10800,NY_OPEN
725,10,0.0,10800,NY_OPEN
730,10,0.0,10800,NY_OPEN
735,10,0.0,10800,NY_OPEN
740,10,0.0,10800,NY_OPEN
745,10,0.0,10800,NY_OPEN
750,10,0.0,10800,NY_OPEN
755,10,0.0,10800,NY_OPEN
760,10,0.0,10800,NY_OPEN
765,10,0.0,10800,NY_OPEN
770,10,0.0,10800,NY_OPEN
775,10,0.0,10800,NY_OPEN
780,10,0.0,10800,NY_OPEN
785,10,0.0,10800,NY_OPEN
790,10,0.0,10800,NY_OPEN
795,10,0.0,10800,NY_OPEN
800,10,0.0,10800,NY_OPEN
805,10,0.0,10800,NY_OPEN
810,10,0.0,10800,NY_OPEN
815,10,0.0,10800,NY_OPEN
820,10,0.0,10800,NY_OPEN
825,10,0.0,10800,NY_OPEN
830,10,0.0,10800,NY_OPEN
835,10,0.0,10800,NY_OPEN
840,10,0.0,10800,NY_OPEN
845,10,0.0,10800,NY_OPEN
850,10,0.0,10800,NY_OPEN
855,10,0.0,10800,NY_OPEN
860,10,0.0,10800,NY_OPEN
865,10,0.0,10800,NY_OPEN
870,10,0.0,10800,NY_OPEN
875,10,0.0,10800,NY_OPEN
880,10,0.0,10800,NY_OPEN
885,10,0.0,10800,NY_OPEN
890,10,0.0,10800,NY_OPEN
895,10,0.0,10800,NY_OPEN
900,10,0.0,10800,NY_OPEN
905,10,0.0,10800,NY_OPEN
910,10,0.0,10800,NY_OPEN
915,10,0.0,10800,NY_OPEN
920,10,0.0,10800,NY_OPEN
925,10,0.0,10800,NY_OPEN
930,10,0.0,10800,NY_OPEN
935,10,0.0,10800,NY_OPEN
940,10,0.0,10800,NY_OPEN
945,10,0.0,10800,NY_OPEN
950,10,0.0,10800,NY_OPEN
955,10,0.0,10800,NY_OPEN
960,10,0.0,10800,NY_OPEN
965,10,0.0,10800,NY_OPEN
970,10,0.0,10800,NY_OPEN
975,10,0.0,10800,NY_OPEN
980,10,0.0,10800,NY_OPEN
985,10,0.0,10800,NY_OPEN
990,10,0.0,10800,NY_OPEN
995,10,0.0,10800,NY_OPEN
1000,10,0.0,10800,NY_OPEN
1005,10,0.0,10800,NY_OPEN
1010,10,0.0,10800,NY_OPEN
1015,10,0.0,10800,NY_OPEN
1020,10,0.0,10800,NY_OPEN
1025,10,0.0,10800,NY_OPEN
1030,10,0.0,10800,NY_OPEN
1035,10,0.0,10800,NY_OPEN
1040,10,0.0,10800,NY_OPEN
1045,10,0.0,10800,NY_OPEN
1050,10,0.0,10800,NY_OPEN
1055,10,0.0,10800,NY_OPEN
1060,10,0.0,10800,NY_OPEN
1065,10,0.0,10800,NY_OPEN
1070,10,0.0,10800,NY_OPEN
1075,10,0.0,10800,NY_OPEN
1080,10,0.0,10800,NY_OPEN
1085,10,0.0,10800,NY_OPEN
1090,10,0.0,10800,NY_OPEN
1095,10,0.0,10800,NY_OPEN
1100,10,0.0,10800,NY_OPEN
1105,10,0.0,10800,NY_OPEN
1110,10,0.0,10800,NY_OPEN
1115,10,0.0,10800,NY_OPEN
1120,10,0.0,10800,NY_OPEN
1125,10,0.0,10800,NY_OPEN
1130,10,0.0,10800,NY_OPEN
1135,10,0.0,10800,NY_OPEN
1140,10,0.0,10800,NY_OPEN
1145,10,0.0,10800,NY_OPEN
1150,10,0.0,10800,NY_OPEN
1155,10,0.0,10800,NY_OPEN
1160,10,0.0,10800,NY_OPEN
1165,10,0.0,10800,NY_OPEN
1170,10,0.0,10800,NY_OPEN
1175,10,0.0,10800,NY_OPEN
1180,10,0.0,10800,NY_OPEN
1185,10,0.0,10800,NY_OPEN
1190,10,0.0,10800,NY_OPEN
1195,10,0.0,10800,NY_OPEN
1200,10,0.0,10800,NY_OPEN
1205,10,0.0,10800,NY_OPEN
1210,10,0.0,10800,NY_OPEN
1215,10,0.0,10800,NY_OPEN
1220,10,0.0,10800,NY_OPEN
1225,10,0.0,10800,NY_OPEN
1230,10,0.0,10800,NY_OPEN
1235,10,0.0,10800,NY_OPEN
1240,10,0.0,10800,NY_OPEN
1245,10,0.0,10800,NY_OPEN
1250,10,0.0,10800,NY_OPEN
1255,10,0.0,10800,NY_OPEN
1260,10,0.0,10800,NY_OPEN
1265,10,0.0,10800,NY_OPEN
1270,10,0.0,10800,NY_OPEN
1275,10,0.0,10800,NY_OPEN
1280,10,0.0,10800,NY_OPEN
1285,10,0.0,10800,NY_OPEN
1290,10,0.0,10800,NY_OPEN
1295,10,0.0,10800,NY_OPEN
1300,10,0.0,10800,NY_OPEN
1305,10,0.0,10800,NY_OPEN
1310,10,0.0,10800,NY_OPEN
1315,10,0.0,10800,NY_OPEN
1320,10,0.0,10800,NY_OPEN
1325,10,0.0,10800,NY_OPEN
1330,10,0.0,10800,NY_OPEN
1335,10,0.0,10800,NY_OPEN
1340,10,0.0,10800,NY_OPEN
1345,10,0.0,10800,NY_OPEN
1350,10,0.0,10800,NY_OPEN
1355,10,0.0,10800,NY_OPEN
1360,10,0.0,10800,NY_OPEN
1365,10,0.0,10800,NY_OPEN
1370,10,0.0,10800,NY_OPEN
1375,10,0.0,10800,NY_OPEN
1380,10,0.0,10800,NY_OPEN
1385,10,0.0,10800,NY_OPEN
1390,10,0.0,10800,NY_OPEN
1395,10,0.0,10800,NY_OPEN
1400,10,0.0,10800,NY_OPEN
1405,10,0.0,10800,NY_OPEN
1410,10,0.0,10800,NY_OPEN
1415,10,0.0,10800,NY_OPEN
1420,10,0.0,10800,NY_OPEN
1425,10,0.0,10800,NY_OPEN
1430,10,0.0,10800,NY_OPEN
1435,10,0.0,10800,NY_OPEN
1440,10,0.0,10800,NY_OPEN
1445,10,0.0,10800,NY_OPEN
1450,10,0.0,10800,NY_OPEN
1455,10,0.0,10800,NY_OPEN
1460,10,0.0,10800,NY_OPEN
1465,10,0.0,10800,NY_OPEN
1470,10,0.0,10800,NY_OPEN
1475,10,0.0,10800,NY_OPEN
1480,10,0.0,10800,NY_OPEN
1485,10,0.0,10800,NY_OPEN
1490,10,0.0,10800,NY_OPEN
1495,10,0.0,10800,NY_OPEN
1500,10,0.0,10800,NY_OPEN
1505,10,0.0,10800,NY_OPEN
1510,10,0.0,10800,NY_OPEN
1515,10,0.0,10800,NY_OPEN
1520,10,0.0,10800,NY_OPEN
1525,10,0.0,10800,NY_OPEN
1530,10,0.0,10800,NY_OPEN
1535,10,0.0,10800,NY_OPEN
1540,10,0.0,10800,NY_OPEN
1545,10,0.0,10800,NY_OPEN
1550,10,0.0,10800,NY_OPEN
1555,10,0.0,10800,NY_OPEN
1560,10,0.0,10800,NY_OPEN
1565,10,0.0,10800,NY_OPEN
1570,10,0.0,10800,NY_OPEN
1575,10,0.0,10800,NY_OPEN
1580,10,0.0,10800,NY_OPEN
1585,10,0.0,10800,NY_OPEN
1590,10,0.0,10800,NY_OPEN
1595,10,0.0,10800,NY_OPEN
1600,10,0.0,10800,NY_OPEN
1605,10,0.0,10800,NY_OPEN
1610,10,0.0,10800,NY_OPEN
1615,10,0.0,10800,NY_OPEN
1620,10,0.0,10800,NY_OPEN
1625,10,0.0,10800,NY_OPEN
1630,10,0.0,10800,NY_OPEN
1635,10,0.0,10800,NY_OPEN
1640,10,0.0,10800,NY_OPEN
1645,10,0.0,10800,NY_OPEN
1650,10,0.0,10800,NY_OPEN
1655,10,0.0,10800,NY_OPEN
1660,10,0.0,10800,NY_OPEN
1665,10,0.0,10800,NY_OPEN
1670,10,0.0,10800,NY_OPEN
1675,10,0.0,10800,NY_OPEN
1680,10,0.0,10800,NY_OPEN
1685,10,0.0,10800,NY_OPEN
1690,10,0.0,10800,NY_OPEN
1695,10,0.0,10800,NY_OPEN
1700,10,0.0,10800,NY_OPEN
1705,10,0.0,10800,NY_OPEN
1710,10,0.0,10800,NY_OPEN
1715,10,0.0,10800,NY_OPEN
1720,10,0.0,10800,NY_OPEN
1725,10,0.0,10800,NY_OPEN
1730,10,0.0,10800,NY_OPEN
1735,10,0.0,10800,NY_OPEN
1740,10,0.0,10800,NY_OPEN
1745,10,0.0,10800,NY_OPEN
1750,10,0.0,10800,NY_OPEN
1755,10,0.0,10800,NY_OPEN
1760,10,0.0,10800,NY_OPEN
1765,10,0.0,10800,NY_OPEN
1770,10,0.0,10800,NY_OPEN
1775,10,0.0,10800,NY_OPEN
1780,10,0.0,10800,NY_OPEN
1785,10,0.0,10800,NY_OPEN
1790,10,0.0,10800,NY_OPEN
1795,10,0.0,10800,NY_OPEN
1800,10,0.0,10800,NY_OPEN
1805,10,0.0,10800,NY_OPEN
1810,10,0.0,10800,NY_OPEN
1815,10,0.0,10800,NY_OPEN
1820,10,0.0,10800,NY_OPEN
1825,10,0.0,10800,NY_OPEN
1830,10,0.0,10800,NY_OPEN
1835,10,0.0,10800,NY_OPEN
1840,10,0.0,10800,NY_OPEN
1845,10,0.0,10800,NY_OPEN
1850,10,0.0,10800,NY_OPEN
1855,10,0.0,10800,NY_OPEN
1860,10,0.0,10800,NY_OPEN
1865,10,0.0,10800,NY_OPEN
1870,10,0.0,10800,NY_OPEN
1875,10,0.0,10800,NY_OPEN
1880,10,0.0,10800,NY_OPEN
1885,10,0.0,10800,NY_OPEN
1890,10,0.0,10800,NY_OPEN
1895,10,0.0,10800,NY_OPEN
1900,10,0.0,10800,NY_OPEN
1905,10,0.0,10800,NY_OPEN
1910,10,0.0,10800,NY_OPEN
1915,10,0.0,10800,NY_OPEN
1920,10,0.0,10800,NY_OPEN
1925,10,0.0,10800,NY_OPEN
1930,10,0.0,10800,NY_OPEN
1935,10,0.0,10800,NY_OPEN
1940,10,0.0,10800,NY_OPEN
1945,10,0.0,10800,NY_OPEN
1950,10,0.0,10800,NY_OPEN
1955,10,0.0,10800,NY_OPEN
1960,10,0.0,10800,NY_OPEN
1965,10,0.0,10800,NY_OPEN
1970,10,0.0,10800,NY_OPEN
1975,10,0.0,10800,NY_OPEN
1980,10,0.0,10800,NY_OPEN
1985,10,0.0,10800,NY_OPEN
1990,10,0.0,10800,NY_OPEN
1995,10,0.0,10800,NY_OPEN
2000,10,0.0,10800,NY_OPEN
50,10,0.114107,16020,NY_PRE
55,10,0.077903,16020,NY_PRE
60,10,0.053121,16020,NY_PRE
65,10,0.03583,16020,NY_PRE
70,10,0.022846,16020,NY_PRE
75,10,0.014794,16020,NY_PRE
80,10,0.009863,16020,NY_PRE
85,10,0.006617,16020,NY_PRE
90,10,0.004057,16020,NY_PRE
95,10,0.002747,16020,NY_PRE
100,10,0.001873,16020,NY_PRE
105,10,0.001248,16020,NY_PRE
110,10,0.000687,16020,NY_PRE
115,10,0.000375,16020,NY_PRE
120,10,0.000125,16020,NY_PRE
125,10,6.2e-05,16020,NY_PRE
130,10,6.2e-05,16020,NY_PRE
135,10,6.2e-05,16020,NY_PRE
140,10,0.0,16020,NY_PRE
145,10,0.0,16020,NY_PRE
150,10,0.0,16020,NY_PRE
155,10,0.0,16020,NY_PRE
160,10,0.0,16020,NY_PRE
165,10,0.0,16020,NY_PRE
170,10,0.0,16020,NY_PRE
175,10,0.0,16020,NY_PRE
180,10,0.0,16020,NY_PRE
185,10,0.0,16020,NY_PRE
190,10,0.0,16020,NY_PRE
195,10,0.0,16020,NY_PRE
200,10,0.0,16020,NY_PRE
205,10,0.0,16020,NY_PRE
210,10,0.0,16020,NY_PRE
215,10,0.0,16020,NY_PRE
220,10,0.0,16020,NY_PRE
225,10,0.0,16020,NY_PRE
230,10,0.0,16020,NY_PRE
235,10,0.0,16020,NY_PRE
240,10,0.0,16020,NY_PRE
245,10,0.0,16020,NY_PRE
250,10,0.0,16020,NY_PRE
255,10,0.0,16020,NY_PRE
260,10,0.0,16020,NY_PRE
265,10,0.0,16020,NY_PRE
270,10,0.0,16020,NY_PRE
275,10,0.0,16020,NY_PRE
280,10,0.0,16020,NY_PRE
285,10,0.0,16020,NY_PRE
290,10,0.0,16020,NY_PRE
295,10,0.0,16020,NY_PRE
300,10,0.0,16020,NY_PRE
305,10,0.0,16020,NY_PRE
310,10,0.0,16020,NY_PRE
315,10,0.0,16020,NY_PRE
320,10,0.0,16020,NY_PRE
325,10,0.0,16020,NY_PRE
330,10,0.0,16020,NY_PRE
335,10,0.0,16020,NY_PRE
340,10,0.0,16020,NY_PRE
345,10,0.0,16020,NY_PRE
350,10,0.0,16020,NY_PRE
355,10,0.0,16020,NY_PRE
360,10,0.0,16020,NY_PRE
365,10,0.0,16020,NY_PRE
370,10,0.0,16020,NY_PRE
375,10,0.0,16020,NY_PRE
380,10,0.0,16020,NY_PRE
385,10,0.0,16020,NY_PRE
390,10,0.0,16020,NY_PRE
395,10,0.0,16020,NY_PRE
400,10,0.0,16020,NY_PRE
405,10,0.0,16020,NY_PRE
410,10,0.0,16020,NY_PRE
415,10,0.0,16020,NY_PRE
420,10,0.0,16020,NY_PRE
425,10,0.0,16020,NY_PRE
430,10,0.0,16020,NY_PRE
435,10,0.0,16020,NY_PRE
440,10,0.0,16020,NY_PRE
445,10,0.0,16020,NY_PRE
450,10,0.0,16020,NY_PRE
455,10,0.0,16020,NY_PRE
460,10,0.0,16020,NY_PRE
465,10,0.0,16020,NY_PRE
470,10,0.0,16020,NY_PRE
475,10,0.0,16020,NY_PRE
480,10,0.0,16020,NY_PRE
485,10,0.0,16020,NY_PRE
490,10,0.0,16020,NY_PRE
495,10,0.0,16020,NY_PRE
500,10,0.0,16020,NY_PRE
505,10,0.0,16020,NY_PRE
510,10,0.0,16020,NY_PRE
515,10,0.0,16020,NY_PRE
520,10,0.0,16020,NY_PRE
525,10,0.0,16020,NY_PRE
530,10,0.0,16020,NY_PRE
535,10,0.0,16020,NY_PRE
540,10,0.0,16020,NY_PRE
545,10,0.0,16020,NY_PRE
550,10,0.0,16020,NY_PRE
555,10,0.0,16020,NY_PRE
560,10,0.0,16020,NY_PRE
565,10,0.0,16020,NY_PRE
570,10,0.0,16020,NY_PRE
575,10,0.0,16020,NY_PRE
580,10,0.0,16020,NY_PRE
585,10,0.0,16020,NY_PRE
590,10,0.0,16020,NY_PRE
595,10,0.0,16020,NY_PRE
600,10,0.0,16020,NY_PRE
605,10,0.0,16020,NY_PRE
610,10,0.0,16020,NY_PRE
615,10,0.0,16020,NY_PRE
620,10,0.0,16020,NY_PRE
625,10,0.0,16020,NY_PRE
630,10,0.0,16020,NY_PRE
635,10,0.0,16020,NY_PRE
640,10,0.0,16020,NY_PRE
645,10,0.0,16020,NY_PRE
650,10,0.0,16020,NY_PRE
655,10,0.0,16020,NY_PRE
660,10,0.0,16020,NY_PRE
665,10,0.0,16020,NY_PRE
670,10,0.0,16020,NY_PRE
675,10,0.0,16020,NY_PRE
680,10,0.0,16020,NY_PRE
685,10,0.0,16020,NY_PRE
690,10,0.0,16020,NY_PRE
695,10,0.0,16020,NY_PRE
700,10,0.0,16020,NY_PRE
705,10,0.0,16020,NY_PRE
710,10,0.0,16020,NY_PRE
715,10,0.0,16020,NY_PRE
720,10,0.0,16020,NY_PRE
725,10,0.0,16020,NY_PRE
730,10,0.0,16020,NY_PRE
735,10,0.0,16020,NY_PRE
740,10,0.0,16020,NY_PRE
745,10,0.0,16020,NY_PRE
750,10,0.0,16020,NY_PRE
755,10,0.0,16020,NY_PRE
760,10,0.0,16020,NY_PRE
765,10,0.0,16020,NY_PRE
770,10,0.0,16020,NY_PRE
775,10,0.0,16020,NY_PRE
780,10,0.0,16020,NY_PRE
785,10,0.0,16020,NY_PRE
790,10,0.0,16020,NY_PRE
795,10,0.0,16020,NY_PRE
800,10,0.0,16020,NY_PRE
805,10,0.0,16020,NY_PRE
810,10,0.0,16020,NY_PRE
815,10,0.0,16020,NY_PRE
820,10,0.0,16020,NY_PRE
825,10,0.0,16020,NY_PRE
830,10,0.0,16020,NY_PRE
835,10,0.0,16020,NY_PRE
840,10,0.0,16020,NY_PRE
845,10,0.0,16020,NY_PRE
850,10,0.0,16020,NY_PRE
855,10,0.0,16020,NY_PRE
860,10,0.0,16020,NY_PRE
865,10,0.0,16020,NY_PRE
870,10,0.0,16020,NY_PRE
875,10,0.0,16020,NY_PRE
880,10,0.0,16020,NY_PRE
885,10,0.0,16020,NY_PRE
890,10,0.0,16020,NY_PRE
895,10,0.0,16020,NY_PRE
900,10,0.0,16020,NY_PRE
905,10,0.0,16020,NY_PRE
910,10,0.0,16020,NY_PRE
915,10,0.0,16020,NY_PRE
920,10,0.0,16020,NY_PRE
925,10,0.0,16020,NY_PRE
930,10,0.0,16020,NY_PRE
935,10,0.0,16020,NY_PRE
940,10,0.0,16020,NY_PRE
945,10,0.0,16020,NY_PRE
950,10,0.0,16020,NY_PRE
955,10,0.0,16020,NY_PRE
960,10,0.0,16020,NY_PRE
965,10,0.0,16020,NY_PRE
970,10,0.0,16020,NY_PRE
975,10,0.0,16020,NY_PRE
980,10,0.0,16020,NY_PRE
985,10,0.0,16020,NY_PRE
990,10,0.0,16020,NY_PRE
995,10,0.0,16020,NY_PRE
1000,10,0.0,16020,NY_PRE
1005,10,0.0,16020,NY_PRE
1010,10,0.0,16020,NY_PRE
1015,10,0.0,16020,NY_PRE
1020,10,0.0,16020,NY_PRE
1025,10,0.0,16020,NY_PRE
1030,10,0.0,16020,NY_PRE
1035,10,0.0,16020,NY_PRE
1040,10,0.0,16020,NY_PRE
1045,10,0.0,16020,NY_PRE
1050,10,0.0,16020,NY_PRE
1055,10,0.0,16020,NY_PRE
1060,10,0.0,16020,NY_PRE
1065,10,0.0,16020,NY_PRE
1070,10,0.0,16020,NY_PRE
1075,10,0.0,16020,NY_PRE
1080,10,0.0,16020,NY_PRE
1085,10,0.0,16020,NY_PRE
1090,10,0.0,16020,NY_PRE
1095,10,0.0,16020,NY_PRE
1100,10,0.0,16020,NY_PRE
1105,10,0.0,16020,NY_PRE
1110,10,0.0,16020,NY_PRE
1115,10,0.0,16020,NY_PRE
1120,10,0.0,16020,NY_PRE
1125,10,0.0,16020,NY_PRE
1130,10,0.0,16020,NY_PRE
1135,10,0.0,16020,NY_PRE
1140,10,0.0,16020,NY_PRE
1145,10,0.0,16020,NY_PRE
1150,10,0.0,16020,NY_PRE
1155,10,0.0,16020,NY_PRE
1160,10,0.0,16020,NY_PRE
1165,10,0.0,16020,NY_PRE
1170,10,0.0,16020,NY_PRE
1175,10,0.0,16020,NY_PRE
1180,10,0.0,16020,NY_PRE
1185,10,0.0,16020,NY_PRE
1190,10,0.0,16020,NY_PRE
1195,10,0.0,16020,NY_PRE
1200,10,0.0,16020,NY_PRE
1205,10,0.0,16020,NY_PRE
1210,10,0.0,16020,NY_PRE
1215,10,0.0,16020,NY_PRE
1220,10,0.0,16020,NY_PRE
1225,10,0.0,16020,NY_PRE
1230,10,0.0,16020,NY_PRE
1235,10,0.0,16020,NY_PRE
1240,10,0.0,16020,NY_PRE
1245,10,0.0,16020,NY_PRE
1250,10,0.0,16020,NY_PRE
1255,10,0.0,16020,NY_PRE
1260,10,0.0,16020,NY_PRE
1265,10,0.0,16020,NY_PRE
1270,10,0.0,16020,NY_PRE
1275,10,0.0,16020,NY_PRE
1280,10,0.0,16020,NY_PRE
1285,10,0.0,16020,NY_PRE
1290,10,0.0,16020,NY_PRE
1295,10,0.0,16020,NY_PRE
1300,10,0.0,16020,NY_PRE
1305,10,0.0,16020,NY_PRE
1310,10,0.0,16020,NY_PRE
1315,10,0.0,16020,NY_PRE
1320,10,0.0,16020,NY_PRE
1325,10,0.0,16020,NY_PRE
1330,10,0.0,16020,NY_PRE
1335,10,0.0,16020,NY_PRE
1340,10,0.0,16020,NY_PRE
1345,10,0.0,16020,NY_PRE
1350,10,0.0,16020,NY_PRE
1355,10,0.0,16020,NY_PRE
1360,10,0.0,16020,NY_PRE
1365,10,0.0,16020,NY_PRE
1370,10,0.0,16020,NY_PRE
1375,10,0.0,16020,NY_PRE
1380,10,0.0,16020,NY_PRE
1385,10,0.0,16020,NY_PRE
1390,10,0.0,16020,NY_PRE
1395,10,0.0,16020,NY_PRE
1400,10,0.0,16020,NY_PRE
1405,10,0.0,16020,NY_PRE
1410,10,0.0,16020,NY_PRE
1415,10,0.0,16020,NY_PRE
1420,10,0.0,16020,NY_PRE
1425,10,0.0,16020,NY_PRE
1430,10,0.0,16020,NY_PRE
1435,10,0.0,16020,NY_PRE
1440,10,0.0,16020,NY_PRE
1445,10,0.0,16020,NY_PRE
1450,10,0.0,16020,NY_PRE
1455,10,0.0,16020,NY_PRE
1460,10,0.0,16020,NY_PRE
1465,10,0.0,16020,NY_PRE
1470,10,0.0,16020,NY_PRE
1475,10,0.0,16020,NY_PRE
1480,10,0.0,16020,NY_PRE
1485,10,0.0,16020,NY_PRE
1490,10,0.0,16020,NY_PRE
1495,10,0.0,16020,NY_PRE
1500,10,0.0,16020,NY_PRE
1505,10,0.0,16020,NY_PRE
1510,10,0.0,16020,NY_PRE
1515,10,0.0,16020,NY_PRE
1520,10,0.0,16020,NY_PRE
1525,10,0.0,16020,NY_PRE
1530,10,0.0,16020,NY_PRE
1535,10,0.0,16020,NY_PRE
1540,10,0.0,16020,NY_PRE
1545,10,0.0,16020,NY_PRE
1550,10,0.0,16020,NY_PRE
1555,10,0.0,16020,NY_PRE
1560,10,0.0,16020,NY_PRE
1565,10,0.0,16020,NY_PRE
1570,10,0.0,16020,NY_PRE
1575,10,0.0,16020,NY_PRE
1580,10,0.0,16020,NY_PRE
1585,10,0.0,16020,NY_PRE
1590,10,0.0,16020,NY_PRE
1595,10,0.0,16020,NY_PRE
1600,10,0.0,16020,NY_PRE
1605,10,0.0,16020,NY_PRE
1610,10,0.0,16020,NY_PRE
1615,10,0.0,16020,NY_PRE
1620,10,0.0,16020,NY_PRE
1625,10,0.0,16020,NY_PRE
1630,10,0.0,16020,NY_PRE
1635,10,0.0,16020,NY_PRE
1640,10,0.0,16020,NY_PRE
1645,10,0.0,16020,NY_PRE
1650,10,0.0,16020,NY_PRE
1655,10,0.0,16020,NY_PRE
1660,10,0.0,16020,NY_PRE
1665,10,0.0,16020,NY_PRE
1670,10,0.0,16020,NY_PRE
1675,10,0.0,16020,NY_PRE
1680,10,0.0,16020,NY_PRE
1685,10,0.0,16020,NY_PRE
1690,10,0.0,16020,NY_PRE
1695,10,0.0,16020,NY_PRE
1700,10,0.0,16020,NY_PRE
1705,10,0.0,16020,NY_PRE
1710,10,0.0,16020,NY_PRE
1715,10,0.0,16020,NY_PRE
1720,10,0.0,16020,NY_PRE
1725,10,0.0,16020,NY_PRE
1730,10,0.0,16020,NY_PRE
1735,10,0.0,16020,NY_PRE
1740,10,0.0,16020,NY_PRE
1745,10,0.0,16020,NY_PRE
1750,10,0.0,16020,NY_PRE
1755,10,0.0,16020,NY_PRE
1760,10,0.0,16020,NY_PRE
1765,10,0.0,16020,NY_PRE
1770,10,0.0,16020,NY_PRE
1775,10,0.0,16020,NY_PRE
1780,10,0.0,16020,NY_PRE
1785,10,0.0,16020,NY_PRE
1790,10,0.0,16020,NY_PRE
1795,10,0.0,16020,NY_PRE
1800,10,0.0,16020,NY_PRE
1805,10,0.0,16020,NY_PRE
1810,10,0.0,16020,NY_PRE
1815,10,0.0,16020,NY_PRE
1820,10,0.0,16020,NY_PRE
1825,10,0.0,16020,NY_PRE
1830,10,0.0,16020,NY_PRE
1835,10,0.0,16020,NY_PRE
1840,10,0.0,16020,NY_PRE
1845,10,0.0,16020,NY_PRE
1850,10,0.0,16020,NY_PRE
1855,10,0.0,16020,NY_PRE
1860,10,0.0,16020,NY_PRE
1865,10,0.0,16020,NY_PRE
1870,10,0.0,16020,NY_PRE
1875,10,0.0,16020,NY_PRE
1880,10,0.0,16020,NY_PRE
1885,10,0.0,16020,NY_PRE
1890,10,0.0,16020,NY_PRE
1895,10,0.0,16020,NY_PRE
1900,10,0.0,16020,NY_PRE
1905,10,0.0,16020,NY_PRE
1910,10,0.0,16020,NY_PRE
1915,10,0.0,16020,NY_PRE
1920,10,0.0,16020,NY_PRE
1925,10,0.0,16020,NY_PRE
1930,10,0.0,16020,NY_PRE
1935,10,0.0,16020,NY_PRE
1940,10,0.0,16020,NY_PRE
1945,10,0.0,16020,NY_PRE
1950,10,0.0,16020,NY_PRE
1955,10,0.0,16020,NY_PRE
1960,10,0.0,16020,NY_PRE
1965,10,0.0,16020,NY_PRE
1970,10,0.0,16020,NY_PRE
1975,10,0.0,16020,NY_PRE
1980,10,0.0,16020,NY_PRE
1985,10,0.0,16020,NY_PRE
1990,10,0.0,16020,NY_PRE
1995,10,0.0,16020,NY_PRE
2000,10,0.0,16020,NY_PRE
50,10,0.148148,540,UNKNOWN
55,10,0.109259,540,UNKNOWN
60,10,0.068519,540,UNKNOWN
65,10,0.046296,540,UNKNOWN
70,10,0.037037,540,UNKNOWN
75,10,0.022222,540,UNKNOWN
80,10,0.016667,540,UNKNOWN
85,10,0.011111,540,UNKNOWN
90,10,0.007407,540,UNKNOWN
95,10,0.005556,540,UNKNOWN
100,10,0.001852,540,UNKNOWN
105,10,0.001852,540,UNKNOWN
110,10,0.0,540,UNKNOWN
115,10,0.0,540,UNKNOWN
120,10,0.0,540,UNKNOWN
125,10,0.0,540,UNKNOWN
130,10,0.0,540,UNKNOWN
135,10,0.0,540,UNKNOWN
140,10,0.0,540,UNKNOWN
145,10,0.0,540,UNKNOWN
150,10,0.0,540,UNKNOWN
155,10,0.0,540,UNKNOWN
160,10,0.0,540,UNKNOWN
165,10,0.0,540,UNKNOWN
170,10,0.0,540,UNKNOWN
175,10,0.0,540,UNKNOWN
180,10,0.0,540,UNKNOWN
185,10,0.0,540,UNKNOWN
190,10,0.0,540,UNKNOWN
195,10,0.0,540,UNKNOWN
200,10,0.0,540,UNKNOWN
205,10,0.0,540,UNKNOWN
210,10,0.0,540,UNKNOWN
215,10,0.0,540,UNKNOWN
220,10,0.0,540,UNKNOWN
225,10,0.0,540,UNKNOWN
230,10,0.0,540,UNKNOWN
235,10,0.0,540,UNKNOWN
240,10,0.0,540,UNKNOWN
245,10,0.0,540,UNKNOWN
250,10,0.0,540,UNKNOWN
255,10,0.0,540,UNKNOWN
260,10,0.0,540,UNKNOWN
265,10,0.0,540,UNKNOWN
270,10,0.0,540,UNKNOWN
275,10,0.0,540,UNKNOWN
280,10,0.0,540,UNKNOWN
285,10,0.0,540,UNKNOWN
290,10,0.0,540,UNKNOWN
295,10,0.0,540,UNKNOWN
300,10,0.0,540,UNKNOWN
305,10,0.0,540,UNKNOWN
310,10,0.0,540,UNKNOWN
315,10,0.0,540,UNKNOWN
320,10,0.0,540,UNKNOWN
325,10,0.0,540,UNKNOWN
330,10,0.0,540,UNKNOWN
335,10,0.0,540,UNKNOWN
340,10,0.0,540,UNKNOWN
345,10,0.0,540,UNKNOWN
350,10,0.0,540,UNKNOWN
355,10,0.0,540,UNKNOWN
360,10,0.0,540,UNKNOWN
365,10,0.0,540,UNKNOWN
370,10,0.0,540,UNKNOWN
375,10,0.0,540,UNKNOWN
380,10,0.0,540,UNKNOWN
385,10,0.0,540,UNKNOWN
390,10,0.0,540,UNKNOWN
395,10,0.0,540,UNKNOWN
400,10,0.0,540,UNKNOWN
405,10,0.0,540,UNKNOWN
410,10,0.0,540,UNKNOWN
415,10,0.0,540,UNKNOWN
420,10,0.0,540,UNKNOWN
425,10,0.0,540,UNKNOWN
430,10,0.0,540,UNKNOWN
435,10,0.0,540,UNKNOWN
440,10,0.0,540,UNKNOWN
445,10,0.0,540,UNKNOWN
450,10,0.0,540,UNKNOWN
455,10,0.0,540,UNKNOWN
460,10,0.0,540,UNKNOWN
465,10,0.0,540,UNKNOWN
470,10,0.0,540,UNKNOWN
475,10,0.0,540,UNKNOWN
480,10,0.0,540,UNKNOWN
485,10,0.0,540,UNKNOWN
490,10,0.0,540,UNKNOWN
495,10,0.0,540,UNKNOWN
500,10,0.0,540,UNKNOWN
505,10,0.0,540,UNKNOWN
510,10,0.0,540,UNKNOWN
515,10,0.0,540,UNKNOWN
520,10,0.0,540,UNKNOWN
525,10,0.0,540,UNKNOWN
530,10,0.0,540,UNKNOWN
535,10,0.0,540,UNKNOWN
540,10,0.0,540,UNKNOWN
545,10,0.0,540,UNKNOWN
550,10,0.0,540,UNKNOWN
555,10,0.0,540,UNKNOWN
560,10,0.0,540,UNKNOWN
565,10,0.0,540,UNKNOWN
570,10,0.0,540,UNKNOWN
575,10,0.0,540,UNKNOWN
580,10,0.0,540,UNKNOWN
585,10,0.0,540,UNKNOWN
590,10,0.0,540,UNKNOWN
595,10,0.0,540,UNKNOWN
600,10,0.0,540,UNKNOWN
605,10,0.0,540,UNKNOWN
610,10,0.0,540,UNKNOWN
615,10,0.0,540,UNKNOWN
620,10,0.0,540,UNKNOWN
625,10,0.0,540,UNKNOWN
630,10,0.0,540,UNKNOWN
635,10,0.0,540,UNKNOWN
640,10,0.0,540,UNKNOWN
645,10,0.0,540,UNKNOWN
650,10,0.0,540,UNKNOWN
655,10,0.0,540,UNKNOWN
660,10,0.0,540,UNKNOWN
665,10,0.0,540,UNKNOWN
670,10,0.0,540,UNKNOWN
675,10,0.0,540,UNKNOWN
680,10,0.0,540,UNKNOWN
685,10,0.0,540,UNKNOWN
690,10,0.0,540,UNKNOWN
695,10,0.0,540,UNKNOWN
700,10,0.0,540,UNKNOWN
705,10,0.0,540,UNKNOWN
710,10,0.0,540,UNKNOWN
715,10,0.0,540,UNKNOWN
720,10,0.0,540,UNKNOWN
725,10,0.0,540,UNKNOWN
730,10,0.0,540,UNKNOWN
735,10,0.0,540,UNKNOWN
740,10,0.0,540,UNKNOWN
745,10,0.0,540,UNKNOWN
750,10,0.0,540,UNKNOWN
755,10,0.0,540,UNKNOWN
760,10,0.0,540,UNKNOWN
765,10,0.0,540,UNKNOWN
770,10,0.0,540,UNKNOWN
775,10,0.0,540,UNKNOWN
780,10,0.0,540,UNKNOWN
785,10,0.0,540,UNKNOWN
790,10,0.0,540,UNKNOWN
795,10,0.0,540,UNKNOWN
800,10,0.0,540,UNKNOWN
805,10,0.0,540,UNKNOWN
810,10,0.0,540,UNKNOWN
815,10,0.0,540,UNKNOWN
820,10,0.0,540,UNKNOWN
825,10,0.0,540,UNKNOWN
830,10,0.0,540,UNKNOWN
835,10,0.0,540,UNKNOWN
840,10,0.0,540,UNKNOWN
845,10,0.0,540,UNKNOWN
850,10,0.0,540,UNKNOWN
855,10,0.0,540,UNKNOWN
860,10,0.0,540,UNKNOWN
865,10,0.0,540,UNKNOWN
870,10,0.0,540,UNKNOWN
875,10,0.0,540,UNKNOWN
880,10,0.0,540,UNKNOWN
885,10,0.0,540,UNKNOWN
890,10,0.0,540,UNKNOWN
895,10,0.0,540,UNKNOWN
900,10,0.0,540,UNKNOWN
905,10,0.0,540,UNKNOWN
910,10,0.0,540,UNKNOWN
915,10,0.0,540,UNKNOWN
920,10,0.0,540,UNKNOWN
925,10,0.0,540,UNKNOWN
930,10,0.0,540,UNKNOWN
935,10,0.0,540,UNKNOWN
940,10,0.0,540,UNKNOWN
945,10,0.0,540,UNKNOWN
950,10,0.0,540,UNKNOWN
955,10,0.0,540,UNKNOWN
960,10,0.0,540,UNKNOWN
965,10,0.0,540,UNKNOWN
970,10,0.0,540,UNKNOWN
975,10,0.0,540,UNKNOWN
980,10,0.0,540,UNKNOWN
985,10,0.0,540,UNKNOWN
990,10,0.0,540,UNKNOWN
995,10,0.0,540,UNKNOWN
1000,10,0.0,540,UNKNOWN
1005,10,0.0,540,UNKNOWN
1010,10,0.0,540,UNKNOWN
1015,10,0.0,540,UNKNOWN
1020,10,0.0,540,UNKNOWN
1025,10,0.0,540,UNKNOWN
1030,10,0.0,540,UNKNOWN
1035,10,0.0,540,UNKNOWN
1040,10,0.0,540,UNKNOWN
1045,10,0.0,540,UNKNOWN
1050,10,0.0,540,UNKNOWN
1055,10,0.0,540,UNKNOWN
1060,10,0.0,540,UNKNOWN
1065,10,0.0,540,UNKNOWN
1070,10,0.0,540,UNKNOWN
1075,10,0.0,540,UNKNOWN
1080,10,0.0,540,UNKNOWN
1085,10,0.0,540,UNKNOWN
1090,10,0.0,540,UNKNOWN
1095,10,0.0,540,UNKNOWN
1100,10,0.0,540,UNKNOWN
1105,10,0.0,540,UNKNOWN
1110,10,0.0,540,UNKNOWN
1115,10,0.0,540,UNKNOWN
1120,10,0.0,540,UNKNOWN
1125,10,0.0,540,UNKNOWN
1130,10,0.0,540,UNKNOWN
1135,10,0.0,540,UNKNOWN
1140,10,0.0,540,UNKNOWN
1145,10,0.0,540,UNKNOWN
1150,10,0.0,540,UNKNOWN
1155,10,0.0,540,UNKNOWN
1160,10,0.0,540,UNKNOWN
1165,10,0.0,540,UNKNOWN
1170,10,0.0,540,UNKNOWN
1175,10,0.0,540,UNKNOWN
1180,10,0.0,540,UNKNOWN
1185,10,0.0,540,UNKNOWN
1190,10,0.0,540,UNKNOWN
1195,10,0.0,540,UNKNOWN
1200,10,0.0,540,UNKNOWN
1205,10,0.0,540,UNKNOWN
1210,10,0.0,540,UNKNOWN
1215,10,0.0,540,UNKNOWN
1220,10,0.0,540,UNKNOWN
1225,10,0.0,540,UNKNOWN
1230,10,0.0,540,UNKNOWN
1235,10,0.0,540,UNKNOWN
1240,10,0.0,540,UNKNOWN
1245,10,0.0,540,UNKNOWN
1250,10,0.0,540,UNKNOWN
1255,10,0.0,540,UNKNOWN
1260,10,0.0,540,UNKNOWN
1265,10,0.0,540,UNKNOWN
1270,10,0.0,540,UNKNOWN
1275,10,0.0,540,UNKNOWN
1280,10,0.0,540,UNKNOWN
1285,10,0.0,540,UNKNOWN
1290,10,0.0,540,UNKNOWN
1295,10,0.0,540,UNKNOWN
1300,10,0.0,540,UNKNOWN
1305,10,0.0,540,UNKNOWN
1310,10,0.0,540,UNKNOWN
1315,10,0.0,540,UNKNOWN
1320,10,0.0,540,UNKNOWN
1325,10,0.0,540,UNKNOWN
1330,10,0.0,540,UNKNOWN
1335,10,0.0,540,UNKNOWN
1340,10,0.0,540,UNKNOWN
1345,10,0.0,540,UNKNOWN
1350,10,0.0,540,UNKNOWN
1355,10,0.0,540,UNKNOWN
1360,10,0.0,540,UNKNOWN
1365,10,0.0,540,UNKNOWN
1370,10,0.0,540,UNKNOWN
1375,10,0.0,540,UNKNOWN
1380,10,0.0,540,UNKNOWN
1385,10,0.0,540,UNKNOWN
1390,10,0.0,540,UNKNOWN
1395,10,0.0,540,UNKNOWN
1400,10,0.0,540,UNKNOWN
1405,10,0.0,540,UNKNOWN
1410,10,0.0,540,UNKNOWN
1415,10,0.0,540,UNKNOWN
1420,10,0.0,540,UNKNOWN
1425,10,0.0,540,UNKNOWN
1430,10,0.0,540,UNKNOWN
1435,10,0.0,540,UNKNOWN
1440,10,0.0,540,UNKNOWN
1445,10,0.0,540,UNKNOWN
1450,10,0.0,540,UNKNOWN
1455,10,0.0,540,UNKNOWN
1460,10,0.0,540,UNKNOWN
1465,10,0.0,540,UNKNOWN
1470,10,0.0,540,UNKNOWN
1475,10,0.0,540,UNKNOWN
1480,10,0.0,540,UNKNOWN
1485,10,0.0,540,UNKNOWN
1490,10,0.0,540,UNKNOWN
1495,10,0.0,540,UNKNOWN
1500,10,0.0,540,UNKNOWN
1505,10,0.0,540,UNKNOWN
1510,10,0.0,540,UNKNOWN
1515,10,0.0,540,UNKNOWN
1520,10,0.0,540,UNKNOWN
1525,10,0.0,540,UNKNOWN
1530,10,0.0,540,UNKNOWN
1535,10,0.0,540,UNKNOWN
1540,10,0.0,540,UNKNOWN
1545,10,0.0,540,UNKNOWN
1550,10,0.0,540,UNKNOWN
1555,10,0.0,540,UNKNOWN
1560,10,0.0,540,UNKNOWN
1565,10,0.0,540,UNKNOWN
1570,10,0.0,540,UNKNOWN
1575,10,0.0,540,UNKNOWN
1580,10,0.0,540,UNKNOWN
1585,10,0.0,540,UNKNOWN
1590,10,0.0,540,UNKNOWN
1595,10,0.0,540,UNKNOWN
1600,10,0.0,540,UNKNOWN
1605,10,0.0,540,UNKNOWN
1610,10,0.0,540,UNKNOWN
1615,10,0.0,540,UNKNOWN
1620,10,0.0,540,UNKNOWN
1625,10,0.0,540,UNKNOWN
1630,10,0.0,540,UNKNOWN
1635,10,0.0,540,UNKNOWN
1640,10,0.0,540,UNKNOWN
1645,10,0.0,540,UNKNOWN
1650,10,0.0,540,UNKNOWN
1655,10,0.0,540,UNKNOWN
1660,10,0.0,540,UNKNOWN
1665,10,0.0,540,UNKNOWN
1670,10,0.0,540,UNKNOWN
1675,10,0.0,540,UNKNOWN
1680,10,0.0,540,UNKNOWN
1685,10,0.0,540,UNKNOWN
1690,10,0.0,540,UNKNOWN
1695,10,0.0,540,UNKNOWN
1700,10,0.0,540,UNKNOWN
1705,10,0.0,540,UNKNOWN
1710,10,0.0,540,UNKNOWN
1715,10,0.0,540,UNKNOWN
1720,10,0.0,540,UNKNOWN
1725,10,0.0,540,UNKNOWN
1730,10,0.0,540,UNKNOWN
1735,10,0.0,540,UNKNOWN
1740,10,0.0,540,UNKNOWN
1745,10,0.0,540,UNKNOWN
1750,10,0.0,540,UNKNOWN
1755,10,0.0,540,UNKNOWN
1760,10,0.0,540,UNKNOWN
1765,10,0.0,540,UNKNOWN
1770,10,0.0,540,UNKNOWN
1775,10,0.0,540,UNKNOWN
1780,10,0.0,540,UNKNOWN
1785,10,0.0,540,UNKNOWN
1790,10,0.0,540,UNKNOWN
1795,10,0.0,540,UNKNOWN
1800,10,0.0,540,UNKNOWN
1805,10,0.0,540,UNKNOWN
1810,10,0.0,540,UNKNOWN
1815,10,0.0,540,UNKNOWN
1820,10,0.0,540,UNKNOWN
1825,10,0.0,540,UNKNOWN
1830,10,0.0,540,UNKNOWN
1835,10,0.0,540,UNKNOWN
1840,10,0.0,540,UNKNOWN
1845,10,0.0,540,UNKNOWN
1850,10,0.0,540,UNKNOWN
1855,10,0.0,540,UNKNOWN
1860,10,0.0,540,UNKNOWN
1865,10,0.0,540,UNKNOWN
1870,10,0.0,540,UNKNOWN
1875,10,0.0,540,UNKNOWN
1880,10,0.0,540,UNKNOWN
1885,10,0.0,540,UNKNOWN
1890,10,0.0,540,UNKNOWN
1895,10,0.0,540,UNKNOWN
1900,10,0.0,540,UNKNOWN
1905,10,0.0,540,UNKNOWN
1910,10,0.0,540,UNKNOWN
1915,10,0.0,540,UNKNOWN
1920,10,0.0,540,UNKNOWN
1925,10,0.0,540,UNKNOWN
1930,10,0.0,540,UNKNOWN
1935,10,0.0,540,UNKNOWN
1940,10,0.0,540,UNKNOWN
1945,10,0.0,540,UNKNOWN
1950,10,0.0,540,UNKNOWN
1955,10,0.0,540,UNKNOWN
1960,10,0.0,540,UNKNOWN
1965,10,0.0,540,UNKNOWN
1970,10,0.0,540,UNKNOWN
1975,10,0.0,540,UNKNOWN
1980,10,0.0,540,UNKNOWN
1985,10,0.0,540,UNKNOWN
1990,10,0.0,540,UNKNOWN
1995,10,0.0,540,UNKNOWN
2000,10,0.0,540,UNKNOWN
50,30,0.384087,259199,ALL
55,30,0.318566,259199,ALL
60,30,0.261687,259199,ALL
65,30,0.213326,259199,ALL
70,30,0.173245,259199,ALL
75,30,0.139997,259199,ALL
80,30,0.11323,259199,ALL
85,30,0.091636,259199,ALL
90,30,0.073851,259199,ALL
95,30,0.058538,259199,ALL
100,30,0.047006,259199,ALL
105,30,0.037176,259199,ALL
110,30,0.029248,259199,ALL
115,30,0.022863,259199,ALL
120,30,0.018117,259199,ALL
125,30,0.014171,259199,ALL
130,30,0.010995,259199,ALL
135,30,0.008669,259199,ALL
140,30,0.006844,259199,ALL
145,30,0.005359,259199,ALL
150,30,0.004171,259199,ALL
155,30,0.003299,259199,ALL
160,30,0.002585,259199,ALL
165,30,0.00206,259199,ALL
170,30,0.001597,259199,ALL
175,30,0.001223,259199,ALL
180,30,0.000976,259199,ALL
185,30,0.000733,259199,ALL
190,30,0.000567,259199,ALL
195,30,0.00044,259199,ALL
200,30,0.000347,259199,ALL
205,30,0.000231,259199,ALL
210,30,0.000185,259199,ALL
215,30,0.000135,259199,ALL
220,30,0.000112,259199,ALL
225,30,9.6e-05,259199,ALL
230,30,7.3e-05,259199,ALL
235,30,6.9e-05,259199,ALL
240,30,5.4e-05,259199,ALL
245,30,3.5e-05,259199,ALL
250,30,3.1e-05,259199,ALL
255,30,1.9e-05,259199,ALL
260,30,8e-06,259199,ALL
265,30,8e-06,259199,ALL
270,30,8e-06,259199,ALL
275,30,8e-06,259199,ALL
280,30,8e-06,259199,ALL
285,30,8e-06,259199,ALL
290,30,4e-06,259199,ALL
295,30,4e-06,259199,ALL
300,30,0.0,259199,ALL
305,30,0.0,259199,ALL
310,30,0.0,259199,ALL
315,30,0.0,259199,ALL
320,30,0.0,259199,ALL
325,30,0.0,259199,ALL
330,30,0.0,259199,ALL
335,30,0.0,259199,ALL
340,30,0.0,259199,ALL
345,30,0.0,259199,ALL
350,30,0.0,259199,ALL
355,30,0.0,259199,ALL
360,30,0.0,259199,ALL
365,30,0.0,259199,ALL
370,30,0.0,259199,ALL
375,30,0.0,259199,ALL
380,30,0.0,259199,ALL
385,30,0.0,259199,ALL
390,30,0.0,259199,ALL
395,30,0.0,259199,ALL
400,30,0.0,259199,ALL
405,30,0.0,259199,ALL
410,30,0.0,259199,ALL
415,30,0.0,259199,ALL
420,30,0.0,259199,ALL
425,30,0.0,259199,ALL
430,30,0.0,259199,ALL
435,30,0.0,259199,ALL
440,30,0.0,259199,ALL
445,30,0.0,259199,ALL
450,30,0.0,259199,ALL
455,30,0.0,259199,ALL
460,30,0.0,259199,ALL
465,30,0.0,259199,ALL
470,30,0.0,259199,ALL
475,30,0.0,259199,ALL
480,30,0.0,259199,ALL
485,30,0.0,259199,ALL
490,30,0.0,259199,ALL
495,30,0.0,259199,ALL
500,30,0.0,259199,ALL
505,30,0.0,259199,ALL
510,30,0.0,259199,ALL
515,30,0.0,259199,ALL
520,30,0.0,259199,ALL
525,30,0.0,259199,ALL
530,30,0.0,259199,ALL
535,30,0.0,259199,ALL
540,30,0.0,259199,ALL
545,30,0.0,259199,ALL
550,30,0.0,259199,ALL
555,30,0.0,259199,ALL
560,30,0.0,259199,ALL
565,30,0.0,259199,ALL
570,30,0.0,259199,ALL
575,30,0.0,259199,ALL
580,30,0.0,259199,ALL
585,30,0.0,259199,ALL
590,30,0.0,259199,ALL
595,30,0.0,259199,ALL
600,30,0.0,259199,ALL
605,30,0.0,259199,ALL
610,30,0.0,259199,ALL
615,30,0.0,259199,ALL
620,30,0.0,259199,ALL
625,30,0.0,259199,ALL
630,30,0.0,259199,ALL
635,30,0.0,259199,ALL
640,30,0.0,259199,ALL
645,30,0.0,259199,ALL
650,30,0.0,259199,ALL
655,30,0.0,259199,ALL
660,30,0.0,259199,ALL
665,30,0.0,259199,ALL
670,30,0.0,259199,ALL
675,30,0.0,259199,ALL
680,30,0.0,259199,ALL
685,30,0.0,259199,ALL
690,30,0.0,259199,ALL
695,30,0.0,259199,ALL
700,30,0.0,259199,ALL
705,30,0.0,259199,ALL
710,30,0.0,259199,ALL
715,30,0.0,259199,ALL
720,30,0.0,259199,ALL
725,30,0.0,259199,ALL
730,30,0.0,259199,ALL
735,30,0.0,259199,ALL
740,30,0.0,259199,ALL
745,30,0.0,259199,ALL
750,30,0.0,259199,ALL
755,30,0.0,259199,ALL
760,30,0.0,259199,ALL
765,30,0.0,259199,ALL
770,30,0.0,259199,ALL
775,30,0.0,259199,ALL
780,30,0.0,259199,ALL
785,30,0.0,259199,ALL
790,30,0.0,259199,ALL
795,30,0.0,259199,ALL
800,30,0.0,259199,ALL
805,30,0.0,259199,ALL
810,30,0.0,259199,ALL
815,30,0.0,259199,ALL
820,30,0.0,259199,ALL
825,30,0.0,259199,ALL
830,30,0.0,259199,ALL
835,30,0.0,259199,ALL
840,30,0.0,259199,ALL
845,30,0.0,259199,ALL
850,30,0.0,259199,ALL
855,30,0.0,259199,ALL
860,30,0.0,259199,ALL
865,30,0.0,259199,ALL
870,30,0.0,259199,ALL
875,30,0.0,259199,ALL
880,30,0.0,259199,ALL
885,30,0.0,259199,ALL
890,30,0.0,259199,ALL
895,30,0.0,259199,ALL
900,30,0.0,259199,ALL
905,30,0.0,259199,ALL
910,30,0.0,259199,ALL
915,30,0.0,259199,ALL
920,30,0.0,259199,ALL
925,30,0.0,259199,ALL
930,30,0.0,259199,ALL
935,30,0.0,259199,ALL
940,30,0.0,259199,ALL
945,30,0.0,259199,ALL
950,30,0.0,259199,ALL
955,30,0.0,259199,ALL
960,30,0.0,259199,ALL
965,30,0.0,259199,ALL
970,30,0.0,259199,ALL
975,30,0.0,259199,ALL
980,30,0.0,259199,ALL
985,30,0.0,259199,ALL
990,30,0.0,259199,ALL
995,30,0.0,259199,ALL
1000,30,0.0,259199,ALL
1005,30,0.0,259199,ALL
1010,30,0.0,259199,ALL
1015,30,0.0,259199,ALL
1020,30,0.0,259199,ALL
1025,30,0.0,259199,ALL
1030,30,0.0,259199,ALL
1035,30,0.0,259199,ALL
1040,30,0.0,259199,ALL
1045,30,0.0,259199,ALL
1050,30,0.0,259199,ALL
1055,30,0.0,259199,ALL
1060,30,0.0,259199,ALL
1065,30,0.0,259199,ALL
1070,30,0.0,259199,ALL
1075,30,0.0,259199,ALL
1080,30,0.0,259199,ALL
1085,30,0.0,259199,ALL
1090,30,0.0,259199,ALL
1095,30,0.0,259199,ALL
1100,30,0.0,259199,ALL
1105,30,0.0,259199,ALL
1110,30,0.0,259199,ALL
1115,30,0.0,259199,ALL
1120,30,0.0,259199,ALL
1125,30,0.0,259199,ALL
1130,30,0.0,259199,ALL
1135,30,0.0,259199,ALL
1140,30,0.0,259199,ALL
1145,30,0.0,259199,ALL
1150,30,0.0,259199,ALL
1155,30,0.0,259199,ALL
1160,30,0.0,259199,ALL
1165,30,0.0,259199,ALL
1170,30,0.0,259199,ALL
1175,30,0.0,259199,ALL
1180,30,0.0,259199,ALL
1185,30,0.0,259199,ALL
1190,30,0.0,259199,ALL
1195,30,0.0,259199,ALL
1200,30,0.0,259199,ALL
1205,30,0.0,259199,ALL
1210,30,0.0,259199,ALL
1215,30,0.0,259199,ALL
1220,30,0.0,259199,ALL
1225,30,0.0,259199,ALL
1230,30,0.0,259199,ALL
1235,30,0.0,259199,ALL
1240,30,0.0,259199,ALL
1245,30,0.0,259199,ALL
1250,30,0.0,259199,ALL
1255,30,0.0,259199,ALL
1260,30,0.0,259199,ALL
1265,30,0.0,259199,ALL
1270,30,0.0,259199,ALL
1275,30,0.0,259199,ALL
1280,30,0.0,259199,ALL
1285,30,0.0,259199,ALL
1290,30,0.0,259199,ALL
1295,30,0.0,259199,ALL
1300,30,0.0,259199,ALL
1305,30,0.0,259199,ALL
1310,30,0.0,259199,ALL
1315,30,0.0,259199,ALL
1320,30,0.0,259199,ALL
1325,30,0.0,259199,ALL
1330,30,0.0,259199,ALL
1335,30,0.0,259199,ALL
1340,30,0.0,259199,ALL
1345,30,0.0,259199,ALL
1350,30,0.0,259199,ALL
1355,30,0.0,259199,ALL
1360,30,0.0,259199,ALL
1365,30,0.0,259199,ALL
1370,30,0.0,259199,ALL
1375,30,0.0,259199,ALL
1380,30,0.0,259199,ALL
1385,30,0.0,259199,ALL
1390,30,0.0,259199,ALL
1395,30,0.0,259199,ALL
1400,30,0.0,259199,ALL
1405,30,0.0,259199,ALL
1410,30,0.0,259199,ALL
1415,30,0.0,259199,ALL
1420,30,0.0,259199,ALL
1425,30,0.0,259199,ALL
1430,30,0.0,259199,ALL
1435,30,0.0,259199,ALL
1440,30,0.0,259199,ALL
1445,30,0.0,259199,ALL
1450,30,0.0,259199,ALL
1455,30,0.0,259199,ALL
1460,30,0.0,259199,ALL
1465,30,0.0,259199,ALL
1470,30,0.0,259199,ALL
1475,30,0.0,259199,ALL
1480,30,0.0,259199,ALL
1485,30,0.0,259199,ALL
1490,30,0.0,259199,ALL
1495,30,0.0,259199,ALL
1500,30,0.0,259199,ALL
1505,30,0.0,259199,ALL
1510,30,0.0,259199,ALL
1515,30,0.0,259199,ALL
1520,30,0.0,259199,ALL
1525,30,0.0,259199,ALL
1530,30,0.0,259199,ALL
1535,30,0.0,259199,ALL
1540,30,0.0,259199,ALL
1545,30,0.0,259199,ALL
1550,30,0.0,259199,ALL
1555,30,0.0,259199,ALL
1560,30,0.0,259199,ALL
1565,30,0.0,259199,ALL
1570,30,0.0,259199,ALL
1575,30,0.0,259199,ALL
1580,30,0.0,259199,ALL
1585,30,0.0,259199,ALL
1590,30,0.0,259199,ALL
1595,30,0.0,259199,ALL
1600,30,0.0,259199,ALL
1605,30,0.0,259199,ALL
1610,30,0.0,259199,ALL
1615,30,0.0,259199,ALL
1620,30,0.0,259199,ALL
1625,30,0.0,259199,ALL
1630,30,0.0,259199,ALL
1635,30,0.0,259199,ALL
1640,30,0.0,259199,ALL
1645,30,0.0,259199,ALL
1650,30,0.0,259199,ALL
1655,30,0.0,259199,ALL
1660,30,0.0,259199,ALL
1665,30,0.0,259199,ALL
1670,30,0.0,259199,ALL
1675,30,0.0,259199,ALL
1680,30,0.0,259199,ALL
1685,30,0.0,259199,ALL
1690,30,0.0,259199,ALL
1695,30,0.0,259199,ALL
1700,30,0.0,259199,ALL
1705,30,0.0,259199,ALL
1710,30,0.0,259199,ALL
1715,30,0.0,259199,ALL
1720,30,0.0,259199,ALL
1725,30,0.0,259199,ALL
1730,30,0.0,259199,ALL
1735,30,0.0,259199,ALL
1740,30,0.0,259199,ALL
1745,30,0.0,259199,ALL
1750,30,0.0,259199,ALL
1755,30,0.0,259199,ALL
1760,30,0.0,259199,ALL
1765,30,0.0,259199,ALL
1770,30,0.0,259199,ALL
1775,30,0.0,259199,ALL
1780,30,0.0,259199,ALL
1785,30,0.0,259199,ALL
1790,30,0.0,259199,ALL
1795,30,0.0,259199,ALL
1800,30,0.0,259199,ALL
1805,30,0.0,259199,ALL
1810,30,0.0,259199,ALL
1815,30,0.0,259199,ALL
1820,30,0.0,259199,ALL
1825,30,0.0,259199,ALL
1830,30,0.0,259199,ALL
1835,30,0.0,259199,ALL
1840,30,0.0,259199,ALL
1845,30,0.0,259199,ALL
1850,30,0.0,259199,ALL
1855,30,0.0,259199,ALL
1860,30,0.0,259199,ALL
1865,30,0.0,259199,ALL
1870,30,0.0,259199,ALL
1875,30,0.0,259199,ALL
1880,30,0.0,259199,ALL
1885,30,0.0,259199,ALL
1890,30,0.0,259199,ALL
1895,30,0.0,259199,ALL
1900,30,0.0,259199,ALL
1905,30,0.0,259199,ALL
1910,30,0.0,259199,ALL
1915,30,0.0,259199,ALL
1920,30,0.0,259199,ALL
1925,30,0.0,259199,ALL
1930,30,0.0,259199,ALL
1935,30,0.0,259199,ALL
1940,30,0.0,259199,ALL
1945,30,0.0,259199,ALL
1950,30,0.0,259199,ALL
1955,30,0.0,259199,ALL
1960,30,0.0,259199,ALL
1965,30,0.0,259199,ALL
1970,30,0.0,259199,ALL
1975,30,0.0,259199,ALL
1980,30,0.0,259199,ALL
1985,30,0.0,259199,ALL
1990,30,0.0,259199,ALL
1995,30,0.0,259199,ALL
2000,30,0.0,259199,ALL
50,30,0.26361,70020,ASIA
55,30,0.205241,70020,ASIA
60,30,0.158512,70020,ASIA
65,30,0.120837,70020,ASIA
70,30,0.090203,70020,ASIA
75,30,0.06828,70020,ASIA
80,30,0.050971,70020,ASIA
85,30,0.037661,70020,ASIA
90,30,0.027535,70020,ASIA
95,30,0.019537,70020,ASIA
100,30,0.01401,70020,ASIA
105,30,0.009926,70020,ASIA
110,30,0.006884,70020,ASIA
115,30,0.004699,70020,ASIA
120,30,0.003128,70020,ASIA
125,30,0.002114,70020,ASIA
130,30,0.001471,70020,ASIA
135,30,0.001071,70020,ASIA
140,30,0.000785,70020,ASIA
145,30,0.0006,70020,ASIA
150,30,0.000457,70020,ASIA
155,30,0.000328,70020,ASIA
160,30,0.000186,70020,ASIA
165,30,0.000143,70020,ASIA
170,30,0.000114,70020,ASIA
175,30,4.3e-05,70020,ASIA
180,30,4.3e-05,70020,ASIA
185,30,2.9e-05,70020,ASIA
190,30,1.4e-05,70020,ASIA
195,30,0.0,70020,ASIA
200,30,0.0,70020,ASIA
205,30,0.0,70020,ASIA
210,30,0.0,70020,ASIA
215,30,0.0,70020,ASIA
220,30,0.0,70020,ASIA
225,30,0.0,70020,ASIA
230,30,0.0,70020,ASIA
235,30,0.0,70020,ASIA
240,30,0.0,70020,ASIA
245,30,0.0,70020,ASIA
250,30,0.0,70020,ASIA
255,30,0.0,70020,ASIA
260,30,0.0,70020,ASIA
265,30,0.0,70020,ASIA
270,30,0.0,70020,ASIA
275,30,0.0,70020,ASIA
280,30,0.0,70020,ASIA
285,30,0.0,70020,ASIA
290,30,0.0,70020,ASIA
295,30,0.0,70020,ASIA
300,30,0.0,70020,ASIA
305,30,0.0,70020,ASIA
310,30,0.0,70020,ASIA
315,30,0.0,70020,ASIA
320,30,0.0,70020,ASIA
325,30,0.0,70020,ASIA
330,30,0.0,70020,ASIA
335,30,0.0,70020,ASIA
340,30,0.0,70020,ASIA
345,30,0.0,70020,ASIA
350,30,0.0,70020,ASIA
355,30,0.0,70020,ASIA
360,30,0.0,70020,ASIA
365,30,0.0,70020,ASIA
370,30,0.0,70020,ASIA
375,30,0.0,70020,ASIA
380,30,0.0,70020,ASIA
385,30,0.0,70020,ASIA
390,30,0.0,70020,ASIA
395,30,0.0,70020,ASIA
400,30,0.0,70020,ASIA
405,30,0.0,70020,ASIA
410,30,0.0,70020,ASIA
415,30,0.0,70020,ASIA
420,30,0.0,70020,ASIA
425,30,0.0,70020,ASIA
430,30,0.0,70020,ASIA
435,30,0.0,70020,ASIA
440,30,0.0,70020,ASIA
445,30,0.0,70020,ASIA
450,30,0.0,70020,ASIA
455,30,0.0,70020,ASIA
460,30,0.0,70020,ASIA
465,30,0.0,70020,ASIA
470,30,0.0,70020,ASIA
475,30,0.0,70020,ASIA
480,30,0.0,70020,ASIA
485,30,0.0,70020,ASIA
490,30,0.0,70020,ASIA
495,30,0.0,70020,ASIA
500,30,0.0,70020,ASIA
505,30,0.0,70020,ASIA
510,30,0.0,70020,ASIA
515,30,0.0,70020,ASIA
520,30,0.0,70020,ASIA
525,30,0.0,70020,ASIA
530,30,0.0,70020,ASIA
535,30,0.0,70020,ASIA
540,30,0.0,70020,ASIA
545,30,0.0,70020,ASIA
550,30,0.0,70020,ASIA
555,30,0.0,70020,ASIA
560,30,0.0,70020,ASIA
565,30,0.0,70020,ASIA
570,30,0.0,70020,ASIA
575,30,0.0,70020,ASIA
580,30,0.0,70020,ASIA
585,30,0.0,70020,ASIA
590,30,0.0,70020,ASIA
595,30,0.0,70020,ASIA
600,30,0.0,70020,ASIA
605,30,0.0,70020,ASIA
610,30,0.0,70020,ASIA
615,30,0.0,70020,ASIA
620,30,0.0,70020,ASIA
625,30,0.0,70020,ASIA
630,30,0.0,70020,ASIA
635,30,0.0,70020,ASIA
640,30,0.0,70020,ASIA
645,30,0.0,70020,ASIA
650,30,0.0,70020,ASIA
655,30,0.0,70020,ASIA
660,30,0.0,70020,ASIA
665,30,0.0,70020,ASIA
670,30,0.0,70020,ASIA
675,30,0.0,70020,ASIA
680,30,0.0,70020,ASIA
685,30,0.0,70020,ASIA
690,30,0.0,70020,ASIA
695,30,0.0,70020,ASIA
700,30,0.0,70020,ASIA
705,30,0.0,70020,ASIA
710,30,0.0,70020,ASIA
715,30,0.0,70020,ASIA
720,30,0.0,70020,ASIA
725,30,0.0,70020,ASIA
730,30,0.0,70020,ASIA
735,30,0.0,70020,ASIA
740,30,0.0,70020,ASIA
745,30,0.0,70020,ASIA
750,30,0.0,70020,ASIA
755,30,0.0,70020,ASIA
760,30,0.0,70020,ASIA
765,30,0.0,70020,ASIA
770,30,0.0,70020,ASIA
775,30,0.0,70020,ASIA
780,30,0.0,70020,ASIA
785,30,0.0,70020,ASIA
790,30,0.0,70020,ASIA
795,30,0.0,70020,ASIA
800,30,0.0,70020,ASIA
805,30,0.0,70020,ASIA
810,30,0.0,70020,ASIA
815,30,0.0,70020,ASIA
820,30,0.0,70020,ASIA
825,30,0.0,70020,ASIA
830,30,0.0,70020,ASIA
835,30,0.0,70020,ASIA
840,30,0.0,70020,ASIA
845,30,0.0,70020,ASIA
850,30,0.0,70020,ASIA
855,30,0.0,70020,ASIA
860,30,0.0,70020,ASIA
865,30,0.0,70020,ASIA
870,30,0.0,70020,ASIA
875,30,0.0,70020,ASIA
880,30,0.0,70020,ASIA
885,30,0.0,70020,ASIA
890,30,0.0,70020,ASIA
895,30,0.0,70020,ASIA
900,30,0.0,70020,ASIA
905,30,0.0,70020,ASIA
910,30,0.0,70020,ASIA
915,30,0.0,70020,ASIA
920,30,0.0,70020,ASIA
925,30,0.0,70020,ASIA
930,30,0.0,70020,ASIA
935,30,0.0,70020,ASIA
940,30,0.0,70020,ASIA
945,30,0.0,70020,ASIA
950,30,0.0,70020,ASIA
955,30,0.0,70020,ASIA
960,30,0.0,70020,ASIA
965,30,0.0,70020,ASIA
970,30,0.0,70020,ASIA
975,30,0.0,70020,ASIA
980,30,0.0,70020,ASIA
985,30,0.0,70020,ASIA
990,30,0.0,70020,ASIA
995,30,0.0,70020,ASIA
1000,30,0.0,70020,ASIA
1005,30,0.0,70020,ASIA
1010,30,0.0,70020,ASIA
1015,30,0.0,70020,ASIA
1020,30,0.0,70020,ASIA
1025,30,0.0,70020,ASIA
1030,30,0.0,70020,ASIA
1035,30,0.0,70020,ASIA
1040,30,0.0,70020,ASIA
1045,30,0.0,70020,ASIA
1050,30,0.0,70020,ASIA
1055,30,0.0,70020,ASIA
1060,30,0.0,70020,ASIA
1065,30,0.0,70020,ASIA
1070,30,0.0,70020,ASIA
1075,30,0.0,70020,ASIA
1080,30,0.0,70020,ASIA
1085,30,0.0,70020,ASIA
1090,30,0.0,70020,ASIA
1095,30,0.0,70020,ASIA
1100,30,0.0,70020,ASIA
1105,30,0.0,70020,ASIA
1110,30,0.0,70020,ASIA
1115,30,0.0,70020,ASIA
1120,30,0.0,70020,ASIA
1125,30,0.0,70020,ASIA
1130,30,0.0,70020,ASIA
1135,30,0.0,70020,ASIA
1140,30,0.0,70020,ASIA
1145,30,0.0,70020,ASIA
1150,30,0.0,70020,ASIA
1155,30,0.0,70020,ASIA
1160,30,0.0,70020,ASIA
1165,30,0.0,70020,ASIA
1170,30,0.0,70020,ASIA
1175,30,0.0,70020,ASIA
1180,30,0.0,70020,ASIA
1185,30,0.0,70020,ASIA
1190,30,0.0,70020,ASIA
1195,30,0.0,70020,ASIA
1200,30,0.0,70020,ASIA
1205,30,0.0,70020,ASIA
1210,30,0.0,70020,ASIA
1215,30,0.0,70020,ASIA
1220,30,0.0,70020,ASIA
1225,30,0.0,70020,ASIA
1230,30,0.0,70020,ASIA
1235,30,0.0,70020,ASIA
1240,30,0.0,70020,ASIA
1245,30,0.0,70020,ASIA
1250,30,0.0,70020,ASIA
1255,30,0.0,70020,ASIA
1260,30,0.0,70020,ASIA
1265,30,0.0,70020,ASIA
1270,30,0.0,70020,ASIA
1275,30,0.0,70020,ASIA
1280,30,0.0,70020,ASIA
1285,30,0.0,70020,ASIA
1290,30,0.0,70020,ASIA
1295,30,0.0,70020,ASIA
1300,30,0.0,70020,ASIA
1305,30,0.0,70020,ASIA
1310,30,0.0,70020,ASIA
1315,30,0.0,70020,ASIA
1320,30,0.0,70020,ASIA
1325,30,0.0,70020,ASIA
1330,30,0.0,70020,ASIA
1335,30,0.0,70020,ASIA
1340,30,0.0,70020,ASIA
1345,30,0.0,70020,ASIA
1350,30,0.0,70020,ASIA
1355,30,0.0,70020,ASIA
1360,30,0.0,70020,ASIA
1365,30,0.0,70020,ASIA
1370,30,0.0,70020,ASIA
1375,30,0.0,70020,ASIA
1380,30,0.0,70020,ASIA
1385,30,0.0,70020,ASIA
1390,30,0.0,70020,ASIA
1395,30,0.0,70020,ASIA
1400,30,0.0,70020,ASIA
1405,30,0.0,70020,ASIA
1410,30,0.0,70020,ASIA
1415,30,0.0,70020,ASIA
1420,30,0.0,70020,ASIA
1425,30,0.0,70020,ASIA
1430,30,0.0,70020,ASIA
1435,30,0.0,70020,ASIA
1440,30,0.0,70020,ASIA
1445,30,0.0,70020,ASIA
1450,30,0.0,70020,ASIA
1455,30,0.0,70020,ASIA
1460,30,0.0,70020,ASIA
1465,30,0.0,70020,ASIA
1470,30,0.0,70020,ASIA
1475,30,0.0,70020,ASIA
1480,30,0.0,70020,ASIA
1485,30,0.0,70020,ASIA
1490,30,0.0,70020,ASIA
1495,30,0.0,70020,ASIA
1500,30,0.0,70020,ASIA
1505,30,0.0,70020,ASIA
1510,30,0.0,70020,ASIA
1515,30,0.0,70020,ASIA
1520,30,0.0,70020,ASIA
1525,30,0.0,70020,ASIA
1530,30,0.0,70020,ASIA
1535,30,0.0,70020,ASIA
1540,30,0.0,70020,ASIA
1545,30,0.0,70020,ASIA
1550,30,0.0,70020,ASIA
1555,30,0.0,70020,ASIA
1560,30,0.0,70020,ASIA
1565,30,0.0,70020,ASIA
1570,30,0.0,70020,ASIA
1575,30,0.0,70020,ASIA
1580,30,0.0,70020,ASIA
1585,30,0.0,70020,ASIA
1590,30,0.0,70020,ASIA
1595,30,0.0,70020,ASIA
1600,30,0.0,70020,ASIA
1605,30,0.0,70020,ASIA
1610,30,0.0,70020,ASIA
1615,30,0.0,70020,ASIA
1620,30,0.0,70020,ASIA
1625,30,0.0,70020,ASIA
1630,30,0.0,70020,ASIA
1635,30,0.0,70020,ASIA
1640,30,0.0,70020,ASIA
1645,30,0.0,70020,ASIA
1650,30,0.0,70020,ASIA
1655,30,0.0,70020,ASIA
1660,30,0.0,70020,ASIA
1665,30,0.0,70020,ASIA
1670,30,0.0,70020,ASIA
1675,30,0.0,70020,ASIA
1680,30,0.0,70020,ASIA
1685,30,0.0,70020,ASIA
1690,30,0.0,70020,ASIA
1695,30,0.0,70020,ASIA
1700,30,0.0,70020,ASIA
1705,30,0.0,70020,ASIA
1710,30,0.0,70020,ASIA
1715,30,0.0,70020,ASIA
1720,30,0.0,70020,ASIA
1725,30,0.0,70020,ASIA
1730,30,0.0,70020,ASIA
1735,30,0.0,70020,ASIA
1740,30,0.0,70020,ASIA
1745,30,0.0,70020,ASIA
1750,30,0.0,70020,ASIA
1755,30,0.0,70020,ASIA
1760,30,0.0,70020,ASIA
1765,30,0.0,70020,ASIA
1770,30,0.0,70020,ASIA
1775,30,0.0,70020,ASIA
1780,30,0.0,70020,ASIA
1785,30,0.0,70020,ASIA
1790,30,0.0,70020,ASIA
1795,30,0.0,70020,ASIA
1800,30,0.0,70020,ASIA
1805,30,0.0,70020,ASIA
1810,30,0.0,70020,ASIA
1815,30,0.0,70020,ASIA
1820,30,0.0,70020,ASIA
1825,30,0.0,70020,ASIA
1830,30,0.0,70020,ASIA
1835,30,0.0,70020,ASIA
1840,30,0.0,70020,ASIA
1845,30,0.0,70020,ASIA
1850,30,0.0,70020,ASIA
1855,30,0.0,70020,ASIA
1860,30,0.0,70020,ASIA
1865,30,0.0,70020,ASIA
1870,30,0.0,70020,ASIA
1875,30,0.0,70020,ASIA
1880,30,0.0,70020,ASIA
1885,30,0.0,70020,ASIA
1890,30,0.0,70020,ASIA
1895,30,0.0,70020,ASIA
1900,30,0.0,70020,ASIA
1905,30,0.0,70020,ASIA
1910,30,0.0,70020,ASIA
1915,30,0.0,70020,ASIA
1920,30,0.0,70020,ASIA
1925,30,0.0,70020,ASIA
1930,30,0.0,70020,ASIA
1935,30,0.0,70020,ASIA
1940,30,0.0,70020,ASIA
1945,30,0.0,70020,ASIA
1950,30,0.0,70020,ASIA
1955,30,0.0,70020,ASIA
1960,30,0.0,70020,ASIA
1965,30,0.0,70020,ASIA
1970,30,0.0,70020,ASIA
1975,30,0.0,70020,ASIA
1980,30,0.0,70020,ASIA
1985,30,0.0,70020,ASIA
1990,30,0.0,70020,ASIA
1995,30,0.0,70020,ASIA
2000,30,0.0,70020,ASIA
50,30,0.381875,43200,EU
55,30,0.314884,43200,EU
60,30,0.255093,43200,EU
65,30,0.205463,43200,EU
70,30,0.165556,43200,EU
75,30,0.131481,43200,EU
80,30,0.104583,43200,EU
85,30,0.084259,43200,EU
90,30,0.066528,43200,EU
95,30,0.051852,43200,EU
100,30,0.040324,43200,EU
105,30,0.031389,43200,EU
110,30,0.024213,43200,EU
115,30,0.018403,43200,EU
120,30,0.013773,43200,EU
125,30,0.010278,43200,EU
130,30,0.007315,43200,EU
135,30,0.005764,43200,EU
140,30,0.004468,43200,EU
145,30,0.003102,43200,EU
150,30,0.002199,43200,EU
155,30,0.001782,43200,EU
160,30,0.001343,43200,EU
165,30,0.001042,43200,EU
170,30,0.000648,43200,EU
175,30,0.000556,43200,EU
180,30,0.00044,43200,EU
185,30,0.000278,43200,EU
190,30,0.000185,43200,EU
195,30,6.9e-05,43200,EU
200,30,6.9e-05,43200,EU
205,30,6.9e-05,43200,EU
210,30,4.6e-05,43200,EU
215,30,4.6e-05,43200,EU
220,30,2.3e-05,43200,EU
225,30,2.3e-05,43200,EU
230,30,0.0,43200,EU
235,30,0.0,43200,EU
240,30,0.0,43200,EU
245,30,0.0,43200,EU
250,30,0.0,43200,EU
255,30,0.0,43200,EU
260,30,0.0,43200,EU
265,30,0.0,43200,EU
270,30,0.0,43200,EU
275,30,0.0,43200,EU
280,30,0.0,43200,EU
285,30,0.0,43200,EU
290,30,0.0,43200,EU
295,30,0.0,43200,EU
300,30,0.0,43200,EU
305,30,0.0,43200,EU
310,30,0.0,43200,EU
315,30,0.0,43200,EU
320,30,0.0,43200,EU
325,30,0.0,43200,EU
330,30,0.0,43200,EU
335,30,0.0,43200,EU
340,30,0.0,43200,EU
345,30,0.0,43200,EU
350,30,0.0,43200,EU
355,30,0.0,43200,EU
360,30,0.0,43200,EU
365,30,0.0,43200,EU
370,30,0.0,43200,EU
375,30,0.0,43200,EU
380,30,0.0,43200,EU
385,30,0.0,43200,EU
390,30,0.0,43200,EU
395,30,0.0,43200,EU
400,30,0.0,43200,EU
405,30,0.0,43200,EU
410,30,0.0,43200,EU
415,30,0.0,43200,EU
420,30,0.0,43200,EU
425,30,0.0,43200,EU
430,30,0.0,43200,EU
435,30,0.0,43200,EU
440,30,0.0,43200,EU
445,30,0.0,43200,EU
450,30,0.0,43200,EU
455,30,0.0,43200,EU
460,30,0.0,43200,EU
465,30,0.0,43200,EU
470,30,0.0,43200,EU
475,30,0.0,43200,EU
480,30,0.0,43200,EU
485,30,0.0,43200,EU
490,30,0.0,43200,EU
495,30,0.0,43200,EU
500,30,0.0,43200,EU
505,30,0.0,43200,EU
510,30,0.0,43200,EU
515,30,0.0,43200,EU
520,30,0.0,43200,EU
525,30,0.0,43200,EU
530,30,0.0,43200,EU
535,30,0.0,43200,EU
540,30,0.0,43200,EU
545,30,0.0,43200,EU
550,30,0.0,43200,EU
555,30,0.0,43200,EU
560,30,0.0,43200,EU
565,30,0.0,43200,EU
570,30,0.0,43200,EU
575,30,0.0,43200,EU
580,30,0.0,43200,EU
585,30,0.0,43200,EU
590,30,0.0,43200,EU
595,30,0.0,43200,EU
600,30,0.0,43200,EU
605,30,0.0,43200,EU
610,30,0.0,43200,EU
615,30,0.0,43200,EU
620,30,0.0,43200,EU
625,30,0.0,43200,EU
630,30,0.0,43200,EU
635,30,0.0,43200,EU
640,30,0.0,43200,EU
645,30,0.0,43200,EU
650,30,0.0,43200,EU
655,30,0.0,43200,EU
660,30,0.0,43200,EU
665,30,0.0,43200,EU
670,30,0.0,43200,EU
675,30,0.0,43200,EU
680,30,0.0,43200,EU
685,30,0.0,43200,EU
690,30,0.0,43200,EU
695,30,0.0,43200,EU
700,30,0.0,43200,EU
705,30,0.0,43200,EU
710,30,0.0,43200,EU
715,30,0.0,43200,EU
720,30,0.0,43200,EU
725,30,0.0,43200,EU
730,30,0.0,43200,EU
735,30,0.0,43200,EU
740,30,0.0,43200,EU
745,30,0.0,43200,EU
750,30,0.0,43200,EU
755,30,0.0,43200,EU
760,30,0.0,43200,EU
765,30,0.0,43200,EU
770,30,0.0,43200,EU
775,30,0.0,43200,EU
780,30,0.0,43200,EU
785,30,0.0,43200,EU
790,30,0.0,43200,EU
795,30,0.0,43200,EU
800,30,0.0,43200,EU
805,30,0.0,43200,EU
810,30,0.0,43200,EU
815,30,0.0,43200,EU
820,30,0.0,43200,EU
825,30,0.0,43200,EU
830,30,0.0,43200,EU
835,30,0.0,43200,EU
840,30,0.0,43200,EU
845,30,0.0,43200,EU
850,30,0.0,43200,EU
855,30,0.0,43200,EU
860,30,0.0,43200,EU
865,30,0.0,43200,EU
870,30,0.0,43200,EU
875,30,0.0,43200,EU
880,30,0.0,43200,EU
885,30,0.0,43200,EU
890,30,0.0,43200,EU
895,30,0.0,43200,EU
900,30,0.0,43200,EU
905,30,0.0,43200,EU
910,30,0.0,43200,EU
915,30,0.0,43200,EU
920,30,0.0,43200,EU
925,30,0.0,43200,EU
930,30,0.0,43200,EU
935,30,0.0,43200,EU
940,30,0.0,43200,EU
945,30,0.0,43200,EU
950,30,0.0,43200,EU
955,30,0.0,43200,EU
960,30,0.0,43200,EU
965,30,0.0,43200,EU
970,30,0.0,43200,EU
975,30,0.0,43200,EU
980,30,0.0,43200,EU
985,30,0.0,43200,EU
990,30,0.0,43200,EU
995,30,0.0,43200,EU
1000,30,0.0,43200,EU
1005,30,0.0,43200,EU
1010,30,0.0,43200,EU
1015,30,0.0,43200,EU
1020,30,0.0,43200,EU
1025,30,0.0,43200,EU
1030,30,0.0,43200,EU
1035,30,0.0,43200,EU
1040,30,0.0,43200,EU
1045,30,0.0,43200,EU
1050,30,0.0,43200,EU
1055,30,0.0,43200,EU
1060,30,0.0,43200,EU
1065,30,0.0,43200,EU
1070,30,0.0,43200,EU
1075,30,0.0,43200,EU
1080,30,0.0,43200,EU
1085,30,0.0,43200,EU
1090,30,0.0,43200,EU
1095,30,0.0,43200,EU
1100,30,0.0,43200,EU
1105,30,0.0,43200,EU
1110,30,0.0,43200,EU
1115,30,0.0,43200,EU
1120,30,0.0,43200,EU
1125,30,0.0,43200,EU
1130,30,0.0,43200,EU
1135,30,0.0,43200,EU
1140,30,0.0,43200,EU
1145,30,0.0,43200,EU
1150,30,0.0,43200,EU
1155,30,0.0,43200,EU
1160,30,0.0,43200,EU
1165,30,0.0,43200,EU
1170,30,0.0,43200,EU
1175,30,0.0,43200,EU
1180,30,0.0,43200,EU
1185,30,0.0,43200,EU
1190,30,0.0,43200,EU
1195,30,0.0,43200,EU
1200,30,0.0,43200,EU
1205,30,0.0,43200,EU
1210,30,0.0,43200,EU
1215,30,0.0,43200,EU
1220,30,0.0,43200,EU
1225,30,0.0,43200,EU
1230,30,0.0,43200,EU
1235,30,0.0,43200,EU
1240,30,0.0,43200,EU
1245,30,0.0,43200,EU
1250,30,0.0,43200,EU
1255,30,0.0,43200,EU
1260,30,0.0,43200,EU
1265,30,0.0,43200,EU
1270,30,0.0,43200,EU
1275,30,0.0,43200,EU
1280,30,0.0,43200,EU
1285,30,0.0,43200,EU
1290,30,0.0,43200,EU
1295,30,0.0,43200,EU
1300,30,0.0,43200,EU
1305,30,0.0,43200,EU
1310,30,0.0,43200,EU
1315,30,0.0,43200,EU
1320,30,0.0,43200,EU
1325,30,0.0,43200,EU
1330,30,0.0,43200,EU
1335,30,0.0,43200,EU
1340,30,0.0,43200,EU
1345,30,0.0,43200,EU
1350,30,0.0,43200,EU
1355,30,0.0,43200,EU
1360,30,0.0,43200,EU
1365,30,0.0,43200,EU
1370,30,0.0,43200,EU
1375,30,0.0,43200,EU
1380,30,0.0,43200,EU
1385,30,0.0,43200,EU
1390,30,0.0,43200,EU
1395,30,0.0,43200,EU
1400,30,0.0,43200,EU
1405,30,0.0,43200,EU
1410,30,0.0,43200,EU
1415,30,0.0,43200,EU
1420,30,0.0,43200,EU
1425,30,0.0,43200,EU
1430,30,0.0,43200,EU
1435,30,0.0,43200,EU
1440,30,0.0,43200,EU
1445,30,0.0,43200,EU
1450,30,0.0,43200,EU
1455,30,0.0,43200,EU
1460,30,0.0,43200,EU
1465,30,0.0,43200,EU
1470,30,0.0,43200,EU
1475,30,0.0,43200,EU
1480,30,0.0,43200,EU
1485,30,0.0,43200,EU
1490,30,0.0,43200,EU
1495,30,0.0,43200,EU
1500,30,0.0,43200,EU
1505,30,0.0,43200,EU
1510,30,0.0,43200,EU
1515,30,0.0,43200,EU
1520,30,0.0,43200,EU
1525,30,0.0,43200,EU
1530,30,0.0,43200,EU
1535,30,0.0,43200,EU
1540,30,0.0,43200,EU
1545,30,0.0,43200,EU
1550,30,0.0,43200,EU
1555,30,0.0,43200,EU
1560,30,0.0,43200,EU
1565,30,0.0,43200,EU
1570,30,0.0,43200,EU
1575,30,0.0,43200,EU
1580,30,0.0,43200,EU
1585,30,0.0,43200,EU
1590,30,0.0,43200,EU
1595,30,0.0,43200,EU
1600,30,0.0,43200,EU
1605,30,0.0,43200,EU
1610,30,0.0,43200,EU
1615,30,0.0,43200,EU
1620,30,0.0,43200,EU
1625,30,0.0,43200,EU
1630,30,0.0,43200,EU
1635,30,0.0,43200,EU
1640,30,0.0,43200,EU
1645,30,0.0,43200,EU
1650,30,0.0,43200,EU
1655,30,0.0,43200,EU
1660,30,0.0,43200,EU
1665,30,0.0,43200,EU
1670,30,0.0,43200,EU
1675,30,0.0,43200,EU
1680,30,0.0,43200,EU
1685,30,0.0,43200,EU
1690,30,0.0,43200,EU
1695,30,0.0,43200,EU
1700,30,0.0,43200,EU
1705,30,0.0,43200,EU
1710,30,0.0,43200,EU
1715,30,0.0,43200,EU
1720,30,0.0,43200,EU
1725,30,0.0,43200,EU
1730,30,0.0,43200,EU
1735,30,0.0,43200,EU
1740,30,0.0,43200,EU
1745,30,0.0,43200,EU
1750,30,0.0,43200,EU
1755,30,0.0,43200,EU
1760,30,0.0,43200,EU
1765,30,0.0,43200,EU
1770,30,0.0,43200,EU
1775,30,0.0,43200,EU
1780,30,0.0,43200,EU
1785,30,0.0,43200,EU
1790,30,0.0,43200,EU
1795,30,0.0,43200,EU
1800,30,0.0,43200,EU
1805,30,0.0,43200,EU
1810,30,0.0,43200,EU
1815,30,0.0,43200,EU
1820,30,0.0,43200,EU
1825,30,0.0,43200,EU
1830,30,0.0,43200,EU
1835,30,0.0,43200,EU
1840,30,0.0,43200,EU
1845,30,0.0,43200,EU
1850,30,0.0,43200,EU
1855,30,0.0,43200,EU
1860,30,0.0,43200,EU
1865,30,0.0,43200,EU
1870,30,0.0,43200,EU
1875,30,0.0,43200,EU
1880,30,0.0,43200,EU
1885,30,0.0,43200,EU
1890,30,0.0,43200,EU
1895,30,0.0,43200,EU
1900,30,0.0,43200,EU
1905,30,0.0,43200,EU
1910,30,0.0,43200,EU
1915,30,0.0,43200,EU
1920,30,0.0,43200,EU
1925,30,0.0,43200,EU
1930,30,0.0,43200,EU
1935,30,0.0,43200,EU
1940,30,0.0,43200,EU
1945,30,0.0,43200,EU
1950,30,0.0,43200,EU
1955,30,0.0,43200,EU
1960,30,0.0,43200,EU
1965,30,0.0,43200,EU
1970,30,0.0,43200,EU
1975,30,0.0,43200,EU
1980,30,0.0,43200,EU
1985,30,0.0,43200,EU
1990,30,0.0,43200,EU
1995,30,0.0,43200,EU
2000,30,0.0,43200,EU
50,30,0.300325,37799,EVENING
55,30,0.237758,37799,EVENING
60,30,0.186592,37799,EVENING
65,30,0.145665,37799,EVENING
70,30,0.111141,37799,EVENING
75,30,0.083838,37799,EVENING
80,30,0.064473,37799,EVENING
85,30,0.04934,37799,EVENING
90,30,0.037197,37799,EVENING
95,30,0.027355,37799,EVENING
100,30,0.021059,37799,EVENING
105,30,0.015106,37799,EVENING
110,30,0.010503,37799,EVENING
115,30,0.007804,37799,EVENING
120,30,0.006111,37799,EVENING
125,30,0.004392,37799,EVENING
130,30,0.003201,37799,EVENING
135,30,0.002275,37799,EVENING
140,30,0.001429,37799,EVENING
145,30,0.001032,37799,EVENING
150,30,0.000714,37799,EVENING
155,30,0.000503,37799,EVENING
160,30,0.00037,37799,EVENING
165,30,0.000238,37799,EVENING
170,30,0.000106,37799,EVENING
175,30,7.9e-05,37799,EVENING
180,30,7.9e-05,37799,EVENING
185,30,2.6e-05,37799,EVENING
190,30,2.6e-05,37799,EVENING
195,30,0.0,37799,EVENING
200,30,0.0,37799,EVENING
205,30,0.0,37799,EVENING
210,30,0.0,37799,EVENING
215,30,0.0,37799,EVENING
220,30,0.0,37799,EVENING
225,30,0.0,37799,EVENING
230,30,0.0,37799,EVENING
235,30,0.0,37799,EVENING
240,30,0.0,37799,EVENING
245,30,0.0,37799,EVENING
250,30,0.0,37799,EVENING
255,30,0.0,37799,EVENING
260,30,0.0,37799,EVENING
265,30,0.0,37799,EVENING
270,30,0.0,37799,EVENING
275,30,0.0,37799,EVENING
280,30,0.0,37799,EVENING
285,30,0.0,37799,EVENING
290,30,0.0,37799,EVENING
295,30,0.0,37799,EVENING
300,30,0.0,37799,EVENING
305,30,0.0,37799,EVENING
310,30,0.0,37799,EVENING
315,30,0.0,37799,EVENING
320,30,0.0,37799,EVENING
325,30,0.0,37799,EVENING
330,30,0.0,37799,EVENING
335,30,0.0,37799,EVENING
340,30,0.0,37799,EVENING
345,30,0.0,37799,EVENING
350,30,0.0,37799,EVENING
355,30,0.0,37799,EVENING
360,30,0.0,37799,EVENING
365,30,0.0,37799,EVENING
370,30,0.0,37799,EVENING
375,30,0.0,37799,EVENING
380,30,0.0,37799,EVENING
385,30,0.0,37799,EVENING
390,30,0.0,37799,EVENING
395,30,0.0,37799,EVENING
400,30,0.0,37799,EVENING
405,30,0.0,37799,EVENING
410,30,0.0,37799,EVENING
415,30,0.0,37799,EVENING
420,30,0.0,37799,EVENING
425,30,0.0,37799,EVENING
430,30,0.0,37799,EVENING
435,30,0.0,37799,EVENING
440,30,0.0,37799,EVENING
445,30,0.0,37799,EVENING
450,30,0.0,37799,EVENING
455,30,0.0,37799,EVENING
460,30,0.0,37799,EVENING
465,30,0.0,37799,EVENING
470,30,0.0,37799,EVENING
475,30,0.0,37799,EVENING
480,30,0.0,37799,EVENING
485,30,0.0,37799,EVENING
490,30,0.0,37799,EVENING
495,30,0.0,37799,EVENING
500,30,0.0,37799,EVENING
505,30,0.0,37799,EVENING
510,30,0.0,37799,EVENING
515,30,0.0,37799,EVENING
520,30,0.0,37799,EVENING
525,30,0.0,37799,EVENING
530,30,0.0,37799,EVENING
535,30,0.0,37799,EVENING
540,30,0.0,37799,EVENING
545,30,0.0,37799,EVENING
550,30,0.0,37799,EVENING
555,30,0.0,37799,EVENING
560,30,0.0,37799,EVENING
565,30,0.0,37799,EVENING
570,30,0.0,37799,EVENING
575,30,0.0,37799,EVENING
580,30,0.0,37799,EVENING
585,30,0.0,37799,EVENING
590,30,0.0,37799,EVENING
595,30,0.0,37799,EVENING
600,30,0.0,37799,EVENING
605,30,0.0,37799,EVENING
610,30,0.0,37799,EVENING
615,30,0.0,37799,EVENING
620,30,0.0,37799,EVENING
625,30,0.0,37799,EVENING
630,30,0.0,37799,EVENING
635,30,0.0,37799,EVENING
640,30,0.0,37799,EVENING
645,30,0.0,37799,EVENING
650,30,0.0,37799,EVENING
655,30,0.0,37799,EVENING
660,30,0.0,37799,EVENING
665,30,0.0,37799,EVENING
670,30,0.0,37799,EVENING
675,30,0.0,37799,EVENING
680,30,0.0,37799,EVENING
685,30,0.0,37799,EVENING
690,30,0.0,37799,EVENING
695,30,0.0,37799,EVENING
700,30,0.0,37799,EVENING
705,30,0.0,37799,EVENING
710,30,0.0,37799,EVENING
715,30,0.0,37799,EVENING
720,30,0.0,37799,EVENING
725,30,0.0,37799,EVENING
730,30,0.0,37799,EVENING
735,30,0.0,37799,EVENING
740,30,0.0,37799,EVENING
745,30,0.0,37799,EVENING
750,30,0.0,37799,EVENING
755,30,0.0,37799,EVENING
760,30,0.0,37799,EVENING
765,30,0.0,37799,EVENING
770,30,0.0,37799,EVENING
775,30,0.0,37799,EVENING
780,30,0.0,37799,EVENING
785,30,0.0,37799,EVENING
790,30,0.0,37799,EVENING
795,30,0.0,37799,EVENING
800,30,0.0,37799,EVENING
805,30,0.0,37799,EVENING
810,30,0.0,37799,EVENING
815,30,0.0,37799,EVENING
820,30,0.0,37799,EVENING
825,30,0.0,37799,EVENING
830,30,0.0,37799,EVENING
835,30,0.0,37799,EVENING
840,30,0.0,37799,EVENING
845,30,0.0,37799,EVENING
850,30,0.0,37799,EVENING
855,30,0.0,37799,EVENING
860,30,0.0,37799,EVENING
865,30,0.0,37799,EVENING
870,30,0.0,37799,EVENING
875,30,0.0,37799,EVENING
880,30,0.0,37799,EVENING
885,30,0.0,37799,EVENING
890,30,0.0,37799,EVENING
895,30,0.0,37799,EVENING
900,30,0.0,37799,EVENING
905,30,0.0,37799,EVENING
910,30,0.0,37799,EVENING
915,30,0.0,37799,EVENING
920,30,0.0,37799,EVENING
925,30,0.0,37799,EVENING
930,30,0.0,37799,EVENING
935,30,0.0,37799,EVENING
940,30,0.0,37799,EVENING
945,30,0.0,37799,EVENING
950,30,0.0,37799,EVENING
955,30,0.0,37799,EVENING
960,30,0.0,37799,EVENING
965,30,0.0,37799,EVENING
970,30,0.0,37799,EVENING
975,30,0.0,37799,EVENING
980,30,0.0,37799,EVENING
985,30,0.0,37799,EVENING
990,30,0.0,37799,EVENING
995,30,0.0,37799,EVENING
1000,30,0.0,37799,EVENING
1005,30,0.0,37799,EVENING
1010,30,0.0,37799,EVENING
1015,30,0.0,37799,EVENING
1020,30,0.0,37799,EVENING
1025,30,0.0,37799,EVENING
1030,30,0.0,37799,EVENING
1035,30,0.0,37799,EVENING
1040,30,0.0,37799,EVENING
1045,30,0.0,37799,EVENING
1050,30,0.0,37799,EVENING
1055,30,0.0,37799,EVENING
1060,30,0.0,37799,EVENING
1065,30,0.0,37799,EVENING
1070,30,0.0,37799,EVENING
1075,30,0.0,37799,EVENING
1080,30,0.0,37799,EVENING
1085,30,0.0,37799,EVENING
1090,30,0.0,37799,EVENING
1095,30,0.0,37799,EVENING
1100,30,0.0,37799,EVENING
1105,30,0.0,37799,EVENING
1110,30,0.0,37799,EVENING
1115,30,0.0,37799,EVENING
1120,30,0.0,37799,EVENING
1125,30,0.0,37799,EVENING
1130,30,0.0,37799,EVENING
1135,30,0.0,37799,EVENING
1140,30,0.0,37799,EVENING
1145,30,0.0,37799,EVENING
1150,30,0.0,37799,EVENING
1155,30,0.0,37799,EVENING
1160,30,0.0,37799,EVENING
1165,30,0.0,37799,EVENING
1170,30,0.0,37799,EVENING
1175,30,0.0,37799,EVENING
1180,30,0.0,37799,EVENING
1185,30,0.0,37799,EVENING
1190,30,0.0,37799,EVENING
1195,30,0.0,37799,EVENING
1200,30,0.0,37799,EVENING
1205,30,0.0,37799,EVENING
1210,30,0.0,37799,EVENING
1215,30,0.0,37799,EVENING
1220,30,0.0,37799,EVENING
1225,30,0.0,37799,EVENING
1230,30,0.0,37799,EVENING
1235,30,0.0,37799,EVENING
1240,30,0.0,37799,EVENING
1245,30,0.0,37799,EVENING
1250,30,0.0,37799,EVENING
1255,30,0.0,37799,EVENING
1260,30,0.0,37799,EVENING
1265,30,0.0,37799,EVENING
1270,30,0.0,37799,EVENING
1275,30,0.0,37799,EVENING
1280,30,0.0,37799,EVENING
1285,30,0.0,37799,EVENING
1290,30,0.0,37799,EVENING
1295,30,0.0,37799,EVENING
1300,30,0.0,37799,EVENING
1305,30,0.0,37799,EVENING
1310,30,0.0,37799,EVENING
1315,30,0.0,37799,EVENING
1320,30,0.0,37799,EVENING
1325,30,0.0,37799,EVENING
1330,30,0.0,37799,EVENING
1335,30,0.0,37799,EVENING
1340,30,0.0,37799,EVENING
1345,30,0.0,37799,EVENING
1350,30,0.0,37799,EVENING
1355,30,0.0,37799,EVENING
1360,30,0.0,37799,EVENING
1365,30,0.0,37799,EVENING
1370,30,0.0,37799,EVENING
1375,30,0.0,37799,EVENING
1380,30,0.0,37799,EVENING
1385,30,0.0,37799,EVENING
1390,30,0.0,37799,EVENING
1395,30,0.0,37799,EVENING
1400,30,0.0,37799,EVENING
1405,30,0.0,37799,EVENING
1410,30,0.0,37799,EVENING
1415,30,0.0,37799,EVENING
1420,30,0.0,37799,EVENING
1425,30,0.0,37799,EVENING
1430,30,0.0,37799,EVENING
1435,30,0.0,37799,EVENING
1440,30,0.0,37799,EVENING
1445,30,0.0,37799,EVENING
1450,30,0.0,37799,EVENING
1455,30,0.0,37799,EVENING
1460,30,0.0,37799,EVENING
1465,30,0.0,37799,EVENING
1470,30,0.0,37799,EVENING
1475,30,0.0,37799,EVENING
1480,30,0.0,37799,EVENING
1485,30,0.0,37799,EVENING
1490,30,0.0,37799,EVENING
1495,30,0.0,37799,EVENING
1500,30,0.0,37799,EVENING
1505,30,0.0,37799,EVENING
1510,30,0.0,37799,EVENING
1515,30,0.0,37799,EVENING
1520,30,0.0,37799,EVENING
1525,30,0.0,37799,EVENING
1530,30,0.0,37799,EVENING
1535,30,0.0,37799,EVENING
1540,30,0.0,37799,EVENING
1545,30,0.0,37799,EVENING
1550,30,0.0,37799,EVENING
1555,30,0.0,37799,EVENING
1560,30,0.0,37799,EVENING
1565,30,0.0,37799,EVENING
1570,30,0.0,37799,EVENING
1575,30,0.0,37799,EVENING
1580,30,0.0,37799,EVENING
1585,30,0.0,37799,EVENING
1590,30,0.0,37799,EVENING
1595,30,0.0,37799,EVENING
1600,30,0.0,37799,EVENING
1605,30,0.0,37799,EVENING
1610,30,0.0,37799,EVENING
1615,30,0.0,37799,EVENING
1620,30,0.0,37799,EVENING
1625,30,0.0,37799,EVENING
1630,30,0.0,37799,EVENING
1635,30,0.0,37799,EVENING
1640,30,0.0,37799,EVENING
1645,30,0.0,37799,EVENING
1650,30,0.0,37799,EVENING
1655,30,0.0,37799,EVENING
1660,30,0.0,37799,EVENING
1665,30,0.0,37799,EVENING
1670,30,0.0,37799,EVENING
1675,30,0.0,37799,EVENING
1680,30,0.0,37799,EVENING
1685,30,0.0,37799,EVENING
1690,30,0.0,37799,EVENING
1695,30,0.0,37799,EVENING
1700,30,0.0,37799,EVENING
1705,30,0.0,37799,EVENING
1710,30,0.0,37799,EVENING
1715,30,0.0,37799,EVENING
1720,30,0.0,37799,EVENING
1725,30,0.0,37799,EVENING
1730,30,0.0,37799,EVENING
1735,30,0.0,37799,EVENING
1740,30,0.0,37799,EVENING
1745,30,0.0,37799,EVENING
1750,30,0.0,37799,EVENING
1755,30,0.0,37799,EVENING
1760,30,0.0,37799,EVENING
1765,30,0.0,37799,EVENING
1770,30,0.0,37799,EVENING
1775,30,0.0,37799,EVENING
1780,30,0.0,37799,EVENING
1785,30,0.0,37799,EVENING
1790,30,0.0,37799,EVENING
1795,30,0.0,37799,EVENING
1800,30,0.0,37799,EVENING
1805,30,0.0,37799,EVENING
1810,30,0.0,37799,EVENING
1815,30,0.0,37799,EVENING
1820,30,0.0,37799,EVENING
1825,30,0.0,37799,EVENING
1830,30,0.0,37799,EVENING
1835,30,0.0,37799,EVENING
1840,30,0.0,37799,EVENING
1845,30,0.0,37799,EVENING
1850,30,0.0,37799,EVENING
1855,30,0.0,37799,EVENING
1860,30,0.0,37799,EVENING
1865,30,0.0,37799,EVENING
1870,30,0.0,37799,EVENING
1875,30,0.0,37799,EVENING
1880,30,0.0,37799,EVENING
1885,30,0.0,37799,EVENING
1890,30,0.0,37799,EVENING
1895,30,0.0,37799,EVENING
1900,30,0.0,37799,EVENING
1905,30,0.0,37799,EVENING
1910,30,0.0,37799,EVENING
1915,30,0.0,37799,EVENING
1920,30,0.0,37799,EVENING
1925,30,0.0,37799,EVENING
1930,30,0.0,37799,EVENING
1935,30,0.0,37799,EVENING
1940,30,0.0,37799,EVENING
1945,30,0.0,37799,EVENING
1950,30,0.0,37799,EVENING
1955,30,0.0,37799,EVENING
1960,30,0.0,37799,EVENING
1965,30,0.0,37799,EVENING
1970,30,0.0,37799,EVENING
1975,30,0.0,37799,EVENING
1980,30,0.0,37799,EVENING
1985,30,0.0,37799,EVENING
1990,30,0.0,37799,EVENING
1995,30,0.0,37799,EVENING
2000,30,0.0,37799,EVENING
50,30,0.495741,16200,LONDON_OPEN
55,30,0.426543,16200,LONDON_OPEN
60,30,0.361049,16200,LONDON_OPEN
65,30,0.302284,16200,LONDON_OPEN
70,30,0.253642,16200,LONDON_OPEN
75,30,0.20858,16200,LONDON_OPEN
80,30,0.172469,16200,LONDON_OPEN
85,30,0.142593,16200,LONDON_OPEN
90,30,0.116481,16200,LONDON_OPEN
95,30,0.093333,16200,LONDON_OPEN
100,30,0.076914,16200,LONDON_OPEN
105,30,0.062099,16200,LONDON_OPEN
110,30,0.050062,16200,LONDON_OPEN
115,30,0.040309,16200,LONDON_OPEN
120,30,0.032963,16200,LONDON_OPEN
125,30,0.025802,16200,LONDON_OPEN
130,30,0.019877,16200,LONDON_OPEN
135,30,0.01537,16200,LONDON_OPEN
140,30,0.012346,16200,LONDON_OPEN
145,30,0.009259,16200,LONDON_OPEN
150,30,0.007099,16200,LONDON_OPEN
155,30,0.005988,16200,LONDON_OPEN
160,30,0.004691,16200,LONDON_OPEN
165,30,0.003519,16200,LONDON_OPEN
170,30,0.002716,16200,LONDON_OPEN
175,30,0.002037,16200,LONDON_OPEN
180,30,0.00142,16200,LONDON_OPEN
185,30,0.001049,16200,LONDON_OPEN
190,30,0.000988,16200,LONDON_OPEN
195,30,0.000741,16200,LONDON_OPEN
200,30,0.000556,16200,LONDON_OPEN
205,30,0.00037,16200,LONDON_OPEN
210,30,0.000309,16200,LONDON_OPEN
215,30,0.000185,16200,LONDON_OPEN
220,30,6.2e-05,16200,LONDON_OPEN
225,30,6.2e-05,16200,LONDON_OPEN
230,30,6.2e-05,16200,LONDON_OPEN
235,30,6.2e-05,16200,LONDON_OPEN
240,30,6.2e-05,16200,LONDON_OPEN
245,30,0.0,16200,LONDON_OPEN
250,30,0.0,16200,LONDON_OPEN
255,30,0.0,16200,LONDON_OPEN
260,30,0.0,16200,LONDON_OPEN
265,30,0.0,16200,LONDON_OPEN
270,30,0.0,16200,LONDON_OPEN
275,30,0.0,16200,LONDON_OPEN
280,30,0.0,16200,LONDON_OPEN
285,30,0.0,16200,LONDON_OPEN
290,30,0.0,16200,LONDON_OPEN
295,30,0.0,16200,LONDON_OPEN
300,30,0.0,16200,LONDON_OPEN
305,30,0.0,16200,LONDON_OPEN
310,30,0.0,16200,LONDON_OPEN
315,30,0.0,16200,LONDON_OPEN
320,30,0.0,16200,LONDON_OPEN
325,30,0.0,16200,LONDON_OPEN
330,30,0.0,16200,LONDON_OPEN
335,30,0.0,16200,LONDON_OPEN
340,30,0.0,16200,LONDON_OPEN
345,30,0.0,16200,LONDON_OPEN
350,30,0.0,16200,LONDON_OPEN
355,30,0.0,16200,LONDON_OPEN
360,30,0.0,16200,LONDON_OPEN
365,30,0.0,16200,LONDON_OPEN
370,30,0.0,16200,LONDON_OPEN
375,30,0.0,16200,LONDON_OPEN
380,30,0.0,16200,LONDON_OPEN
385,30,0.0,16200,LONDON_OPEN
390,30,0.0,16200,LONDON_OPEN
395,30,0.0,16200,LONDON_OPEN
400,30,0.0,16200,LONDON_OPEN
405,30,0.0,16200,LONDON_OPEN
410,30,0.0,16200,LONDON_OPEN
415,30,0.0,16200,LONDON_OPEN
420,30,0.0,16200,LONDON_OPEN
425,30,0.0,16200,LONDON_OPEN
430,30,0.0,16200,LONDON_OPEN
435,30,0.0,16200,LONDON_OPEN
440,30,0.0,16200,LONDON_OPEN
445,30,0.0,16200,LONDON_OPEN
450,30,0.0,16200,LONDON_OPEN
455,30,0.0,16200,LONDON_OPEN
460,30,0.0,16200,LONDON_OPEN
465,30,0.0,16200,LONDON_OPEN
470,30,0.0,16200,LONDON_OPEN
475,30,0.0,16200,LONDON_OPEN
480,30,0.0,16200,LONDON_OPEN
485,30,0.0,16200,LONDON_OPEN
490,30,0.0,16200,LONDON_OPEN
495,30,0.0,16200,LONDON_OPEN
500,30,0.0,16200,LONDON_OPEN
505,30,0.0,16200,LONDON_OPEN
510,30,0.0,16200,LONDON_OPEN
515,30,0.0,16200,LONDON_OPEN
520,30,0.0,16200,LONDON_OPEN
525,30,0.0,16200,LONDON_OPEN
530,30,0.0,16200,LONDON_OPEN
535,30,0.0,16200,LONDON_OPEN
540,30,0.0,16200,LONDON_OPEN
545,30,0.0,16200,LONDON_OPEN
550,30,0.0,16200,LONDON_OPEN
555,30,0.0,16200,LONDON_OPEN
560,30,0.0,16200,LONDON_OPEN
565,30,0.0,16200,LONDON_OPEN
570,30,0.0,16200,LONDON_OPEN
575,30,0.0,16200,LONDON_OPEN
580,30,0.0,16200,LONDON_OPEN
585,30,0.0,16200,LONDON_OPEN
590,30,0.0,16200,LONDON_OPEN
595,30,0.0,16200,LONDON_OPEN
600,30,0.0,16200,LONDON_OPEN
605,30,0.0,16200,LONDON_OPEN
610,30,0.0,16200,LONDON_OPEN
615,30,0.0,16200,LONDON_OPEN
620,30,0.0,16200,LONDON_OPEN
625,30,0.0,16200,LONDON_OPEN
630,30,0.0,16200,LONDON_OPEN
635,30,0.0,16200,LONDON_OPEN
640,30,0.0,16200,LONDON_OPEN
645,30,0.0,16200,LONDON_OPEN
650,30,0.0,16200,LONDON_OPEN
655,30,0.0,16200,LONDON_OPEN
660,30,0.0,16200,LONDON_OPEN
665,30,0.0,16200,LONDON_OPEN
670,30,0.0,16200,LONDON_OPEN
675,30,0.0,16200,LONDON_OPEN
680,30,0.0,16200,LONDON_OPEN
685,30,0.0,16200,LONDON_OPEN
690,30,0.0,16200,LONDON_OPEN
695,30,0.0,16200,LONDON_OPEN
700,30,0.0,16200,LONDON_OPEN
705,30,0.0,16200,LONDON_OPEN
710,30,0.0,16200,LONDON_OPEN
715,30,0.0,16200,LONDON_OPEN
720,30,0.0,16200,LONDON_OPEN
725,30,0.0,16200,LONDON_OPEN
730,30,0.0,16200,LONDON_OPEN
735,30,0.0,16200,LONDON_OPEN
740,30,0.0,16200,LONDON_OPEN
745,30,0.0,16200,LONDON_OPEN
750,30,0.0,16200,LONDON_OPEN
755,30,0.0,16200,LONDON_OPEN
760,30,0.0,16200,LONDON_OPEN
765,30,0.0,16200,LONDON_OPEN
770,30,0.0,16200,LONDON_OPEN
775,30,0.0,16200,LONDON_OPEN
780,30,0.0,16200,LONDON_OPEN
785,30,0.0,16200,LONDON_OPEN
790,30,0.0,16200,LONDON_OPEN
795,30,0.0,16200,LONDON_OPEN
800,30,0.0,16200,LONDON_OPEN
805,30,0.0,16200,LONDON_OPEN
810,30,0.0,16200,LONDON_OPEN
815,30,0.0,16200,LONDON_OPEN
820,30,0.0,16200,LONDON_OPEN
825,30,0.0,16200,LONDON_OPEN
830,30,0.0,16200,LONDON_OPEN
835,30,0.0,16200,LONDON_OPEN
840,30,0.0,16200,LONDON_OPEN
845,30,0.0,16200,LONDON_OPEN
850,30,0.0,16200,LONDON_OPEN
855,30,0.0,16200,LONDON_OPEN
860,30,0.0,16200,LONDON_OPEN
865,30,0.0,16200,LONDON_OPEN
870,30,0.0,16200,LONDON_OPEN
875,30,0.0,16200,LONDON_OPEN
880,30,0.0,16200,LONDON_OPEN
885,30,0.0,16200,LONDON_OPEN
890,30,0.0,16200,LONDON_OPEN
895,30,0.0,16200,LONDON_OPEN
900,30,0.0,16200,LONDON_OPEN
905,30,0.0,16200,LONDON_OPEN
910,30,0.0,16200,LONDON_OPEN
915,30,0.0,16200,LONDON_OPEN
920,30,0.0,16200,LONDON_OPEN
925,30,0.0,16200,LONDON_OPEN
930,30,0.0,16200,LONDON_OPEN
935,30,0.0,16200,LONDON_OPEN
940,30,0.0,16200,LONDON_OPEN
945,30,0.0,16200,LONDON_OPEN
950,30,0.0,16200,LONDON_OPEN
955,30,0.0,16200,LONDON_OPEN
960,30,0.0,16200,LONDON_OPEN
965,30,0.0,16200,LONDON_OPEN
970,30,0.0,16200,LONDON_OPEN
975,30,0.0,16200,LONDON_OPEN
980,30,0.0,16200,LONDON_OPEN
985,30,0.0,16200,LONDON_OPEN
990,30,0.0,16200,LONDON_OPEN
995,30,0.0,16200,LONDON_OPEN
1000,30,0.0,16200,LONDON_OPEN
1005,30,0.0,16200,LONDON_OPEN
1010,30,0.0,16200,LONDON_OPEN
1015,30,0.0,16200,LONDON_OPEN
1020,30,0.0,16200,LONDON_OPEN
1025,30,0.0,16200,LONDON_OPEN
1030,30,0.0,16200,LONDON_OPEN
1035,30,0.0,16200,LONDON_OPEN
1040,30,0.0,16200,LONDON_OPEN
1045,30,0.0,16200,LONDON_OPEN
1050,30,0.0,16200,LONDON_OPEN
1055,30,0.0,16200,LONDON_OPEN
1060,30,0.0,16200,LONDON_OPEN
1065,30,0.0,16200,LONDON_OPEN
1070,30,0.0,16200,LONDON_OPEN
1075,30,0.0,16200,LONDON_OPEN
1080,30,0.0,16200,LONDON_OPEN
1085,30,0.0,16200,LONDON_OPEN
1090,30,0.0,16200,LONDON_OPEN
1095,30,0.0,16200,LONDON_OPEN
1100,30,0.0,16200,LONDON_OPEN
1105,30,0.0,16200,LONDON_OPEN
1110,30,0.0,16200,LONDON_OPEN
1115,30,0.0,16200,LONDON_OPEN
1120,30,0.0,16200,LONDON_OPEN
1125,30,0.0,16200,LONDON_OPEN
1130,30,0.0,16200,LONDON_OPEN
1135,30,0.0,16200,LONDON_OPEN
1140,30,0.0,16200,LONDON_OPEN
1145,30,0.0,16200,LONDON_OPEN
1150,30,0.0,16200,LONDON_OPEN
1155,30,0.0,16200,LONDON_OPEN
1160,30,0.0,16200,LONDON_OPEN
1165,30,0.0,16200,LONDON_OPEN
1170,30,0.0,16200,LONDON_OPEN
1175,30,0.0,16200,LONDON_OPEN
1180,30,0.0,16200,LONDON_OPEN
1185,30,0.0,16200,LONDON_OPEN
1190,30,0.0,16200,LONDON_OPEN
1195,30,0.0,16200,LONDON_OPEN
1200,30,0.0,16200,LONDON_OPEN
1205,30,0.0,16200,LONDON_OPEN
1210,30,0.0,16200,LONDON_OPEN
1215,30,0.0,16200,LONDON_OPEN
1220,30,0.0,16200,LONDON_OPEN
1225,30,0.0,16200,LONDON_OPEN
1230,30,0.0,16200,LONDON_OPEN
1235,30,0.0,16200,LONDON_OPEN
1240,30,0.0,16200,LONDON_OPEN
1245,30,0.0,16200,LONDON_OPEN
1250,30,0.0,16200,LONDON_OPEN
1255,30,0.0,16200,LONDON_OPEN
1260,30,0.0,16200,LONDON_OPEN
1265,30,0.0,16200,LONDON_OPEN
1270,30,0.0,16200,LONDON_OPEN
1275,30,0.0,16200,LONDON_OPEN
1280,30,0.0,16200,LONDON_OPEN
1285,30,0.0,16200,LONDON_OPEN
1290,30,0.0,16200,LONDON_OPEN
1295,30,0.0,16200,LONDON_OPEN
1300,30,0.0,16200,LONDON_OPEN
1305,30,0.0,16200,LONDON_OPEN
1310,30,0.0,16200,LONDON_OPEN
1315,30,0.0,16200,LONDON_OPEN
1320,30,0.0,16200,LONDON_OPEN
1325,30,0.0,16200,LONDON_OPEN
1330,30,0.0,16200,LONDON_OPEN
1335,30,0.0,16200,LONDON_OPEN
1340,30,0.0,16200,LONDON_OPEN
1345,30,0.0,16200,LONDON_OPEN
1350,30,0.0,16200,LONDON_OPEN
1355,30,0.0,16200,LONDON_OPEN
1360,30,0.0,16200,LONDON_OPEN
1365,30,0.0,16200,LONDON_OPEN
1370,30,0.0,16200,LONDON_OPEN
1375,30,0.0,16200,LONDON_OPEN
1380,30,0.0,16200,LONDON_OPEN
1385,30,0.0,16200,LONDON_OPEN
1390,30,0.0,16200,LONDON_OPEN
1395,30,0.0,16200,LONDON_OPEN
1400,30,0.0,16200,LONDON_OPEN
1405,30,0.0,16200,LONDON_OPEN
1410,30,0.0,16200,LONDON_OPEN
1415,30,0.0,16200,LONDON_OPEN
1420,30,0.0,16200,LONDON_OPEN
1425,30,0.0,16200,LONDON_OPEN
1430,30,0.0,16200,LONDON_OPEN
1435,30,0.0,16200,LONDON_OPEN
1440,30,0.0,16200,LONDON_OPEN
1445,30,0.0,16200,LONDON_OPEN
1450,30,0.0,16200,LONDON_OPEN
1455,30,0.0,16200,LONDON_OPEN
1460,30,0.0,16200,LONDON_OPEN
1465,30,0.0,16200,LONDON_OPEN
1470,30,0.0,16200,LONDON_OPEN
1475,30,0.0,16200,LONDON_OPEN
1480,30,0.0,16200,LONDON_OPEN
1485,30,0.0,16200,LONDON_OPEN
1490,30,0.0,16200,LONDON_OPEN
1495,30,0.0,16200,LONDON_OPEN
1500,30,0.0,16200,LONDON_OPEN
1505,30,0.0,16200,LONDON_OPEN
1510,30,0.0,16200,LONDON_OPEN
1515,30,0.0,16200,LONDON_OPEN
1520,30,0.0,16200,LONDON_OPEN
1525,30,0.0,16200,LONDON_OPEN
1530,30,0.0,16200,LONDON_OPEN
1535,30,0.0,16200,LONDON_OPEN
1540,30,0.0,16200,LONDON_OPEN
1545,30,0.0,16200,LONDON_OPEN
1550,30,0.0,16200,LONDON_OPEN
1555,30,0.0,16200,LONDON_OPEN
1560,30,0.0,16200,LONDON_OPEN
1565,30,0.0,16200,LONDON_OPEN
1570,30,0.0,16200,LONDON_OPEN
1575,30,0.0,16200,LONDON_OPEN
1580,30,0.0,16200,LONDON_OPEN
1585,30,0.0,16200,LONDON_OPEN
1590,30,0.0,16200,LONDON_OPEN
1595,30,0.0,16200,LONDON_OPEN
1600,30,0.0,16200,LONDON_OPEN
1605,30,0.0,16200,LONDON_OPEN
1610,30,0.0,16200,LONDON_OPEN
1615,30,0.0,16200,LONDON_OPEN
1620,30,0.0,16200,LONDON_OPEN
1625,30,0.0,16200,LONDON_OPEN
1630,30,0.0,16200,LONDON_OPEN
1635,30,0.0,16200,LONDON_OPEN
1640,30,0.0,16200,LONDON_OPEN
1645,30,0.0,16200,LONDON_OPEN
1650,30,0.0,16200,LONDON_OPEN
1655,30,0.0,16200,LONDON_OPEN
1660,30,0.0,16200,LONDON_OPEN
1665,30,0.0,16200,LONDON_OPEN
1670,30,0.0,16200,LONDON_OPEN
1675,30,0.0,16200,LONDON_OPEN
1680,30,0.0,16200,LONDON_OPEN
1685,30,0.0,16200,LONDON_OPEN
1690,30,0.0,16200,LONDON_OPEN
1695,30,0.0,16200,LONDON_OPEN
1700,30,0.0,16200,LONDON_OPEN
1705,30,0.0,16200,LONDON_OPEN
1710,30,0.0,16200,LONDON_OPEN
1715,30,0.0,16200,LONDON_OPEN
1720,30,0.0,16200,LONDON_OPEN
1725,30,0.0,16200,LONDON_OPEN
1730,30,0.0,16200,LONDON_OPEN
1735,30,0.0,16200,LONDON_OPEN
1740,30,0.0,16200,LONDON_OPEN
1745,30,0.0,16200,LONDON_OPEN
1750,30,0.0,16200,LONDON_OPEN
1755,30,0.0,16200,LONDON_OPEN
1760,30,0.0,16200,LONDON_OPEN
1765,30,0.0,16200,LONDON_OPEN
1770,30,0.0,16200,LONDON_OPEN
1775,30,0.0,16200,LONDON_OPEN
1780,30,0.0,16200,LONDON_OPEN
1785,30,0.0,16200,LONDON_OPEN
1790,30,0.0,16200,LONDON_OPEN
1795,30,0.0,16200,LONDON_OPEN
1800,30,0.0,16200,LONDON_OPEN
1805,30,0.0,16200,LONDON_OPEN
1810,30,0.0,16200,LONDON_OPEN
1815,30,0.0,16200,LONDON_OPEN
1820,30,0.0,16200,LONDON_OPEN
1825,30,0.0,16200,LONDON_OPEN
1830,30,0.0,16200,LONDON_OPEN
1835,30,0.0,16200,LONDON_OPEN
1840,30,0.0,16200,LONDON_OPEN
1845,30,0.0,16200,LONDON_OPEN
1850,30,0.0,16200,LONDON_OPEN
1855,30,0.0,16200,LONDON_OPEN
1860,30,0.0,16200,LONDON_OPEN
1865,30,0.0,16200,LONDON_OPEN
1870,30,0.0,16200,LONDON_OPEN
1875,30,0.0,16200,LONDON_OPEN
1880,30,0.0,16200,LONDON_OPEN
1885,30,0.0,16200,LONDON_OPEN
1890,30,0.0,16200,LONDON_OPEN
1895,30,0.0,16200,LONDON_OPEN
1900,30,0.0,16200,LONDON_OPEN
1905,30,0.0,16200,LONDON_OPEN
1910,30,0.0,16200,LONDON_OPEN
1915,30,0.0,16200,LONDON_OPEN
1920,30,0.0,16200,LONDON_OPEN
1925,30,0.0,16200,LONDON_OPEN
1930,30,0.0,16200,LONDON_OPEN
1935,30,0.0,16200,LONDON_OPEN
1940,30,0.0,16200,LONDON_OPEN
1945,30,0.0,16200,LONDON_OPEN
1950,30,0.0,16200,LONDON_OPEN
1955,30,0.0,16200,LONDON_OPEN
1960,30,0.0,16200,LONDON_OPEN
1965,30,0.0,16200,LONDON_OPEN
1970,30,0.0,16200,LONDON_OPEN
1975,30,0.0,16200,LONDON_OPEN
1980,30,0.0,16200,LONDON_OPEN
1985,30,0.0,16200,LONDON_OPEN
1990,30,0.0,16200,LONDON_OPEN
1995,30,0.0,16200,LONDON_OPEN
2000,30,0.0,16200,LONDON_OPEN
50,30,0.492326,53820,NY
55,30,0.420513,53820,NY
60,30,0.354905,53820,NY
65,30,0.2979,53820,NY
70,30,0.249108,53820,NY
75,30,0.206949,53820,NY
80,30,0.172055,53820,NY
85,30,0.142345,53820,NY
90,30,0.117781,53820,NY
95,30,0.095912,53820,NY
100,30,0.07841,53820,NY
105,30,0.063174,53820,NY
110,30,0.050539,53820,NY
115,30,0.040152,53820,NY
120,30,0.032386,53820,NY
125,30,0.025678,53820,NY
130,30,0.020104,53820,NY
135,30,0.015979,53820,NY
140,30,0.012802,53820,NY
145,30,0.010275,53820,NY
150,30,0.00799,53820,NY
155,30,0.006169,53820,NY
160,30,0.004775,53820,NY
165,30,0.003828,53820,NY
170,30,0.002954,53820,NY
175,30,0.002081,53820,NY
180,30,0.001672,53820,NY
185,30,0.001319,53820,NY
190,30,0.001059,53820,NY
195,30,0.000892,53820,NY
200,30,0.000595,53820,NY
205,30,0.000483,53820,NY
210,30,0.00039,53820,NY
215,30,0.000279,53820,NY
220,30,0.00026,53820,NY
225,30,0.000242,53820,NY
230,30,0.000186,53820,NY
235,30,0.000167,53820,NY
240,30,0.00013,53820,NY
245,30,9.3e-05,53820,NY
250,30,7.4e-05,53820,NY
255,30,3.7e-05,53820,NY
260,30,0.0,53820,NY
265,30,0.0,53820,NY
270,30,0.0,53820,NY
275,30,0.0,53820,NY
280,30,0.0,53820,NY
285,30,0.0,53820,NY
290,30,0.0,53820,NY
295,30,0.0,53820,NY
300,30,0.0,53820,NY
305,30,0.0,53820,NY
310,30,0.0,53820,NY
315,30,0.0,53820,NY
320,30,0.0,53820,NY
325,30,0.0,53820,NY
330,30,0.0,53820,NY
335,30,0.0,53820,NY
340,30,0.0,53820,NY
345,30,0.0,53820,NY
350,30,0.0,53820,NY
355,30,0.0,53820,NY
360,30,0.0,53820,NY
365,30,0.0,53820,NY
370,30,0.0,53820,NY
375,30,0.0,53820,NY
380,30,0.0,53820,NY
385,30,0.0,53820,NY
390,30,0.0,53820,NY
395,30,0.0,53820,NY
400,30,0.0,53820,NY
405,30,0.0,53820,NY
410,30,0.0,53820,NY
415,30,0.0,53820,NY
420,30,0.0,53820,NY
425,30,0.0,53820,NY
430,30,0.0,53820,NY
435,30,0.0,53820,NY
440,30,0.0,53820,NY
445,30,0.0,53820,NY
450,30,0.0,53820,NY
455,30,0.0,53820,NY
460,30,0.0,53820,NY
465,30,0.0,53820,NY
470,30,0.0,53820,NY
475,30,0.0,53820,NY
480,30,0.0,53820,NY
485,30,0.0,53820,NY
490,30,0.0,53820,NY
495,30,0.0,53820,NY
500,30,0.0,53820,NY
505,30,0.0,53820,NY
510,30,0.0,53820,NY
515,30,0.0,53820,NY
520,30,0.0,53820,NY
525,30,0.0,53820,NY
530,30,0.0,53820,NY
535,30,0.0,53820,NY
540,30,0.0,53820,NY
545,30,0.0,53820,NY
550,30,0.0,53820,NY
555,30,0.0,53820,NY
560,30,0.0,53820,NY
565,30,0.0,53820,NY
570,30,0.0,53820,NY
575,30,0.0,53820,NY
580,30,0.0,53820,NY
585,30,0.0,53820,NY
590,30,0.0,53820,NY
595,30,0.0,53820,NY
600,30,0.0,53820,NY
605,30,0.0,53820,NY
610,30,0.0,53820,NY
615,30,0.0,53820,NY
620,30,0.0,53820,NY
625,30,0.0,53820,NY
630,30,0.0,53820,NY
635,30,0.0,53820,NY
640,30,0.0,53820,NY
645,30,0.0,53820,NY
650,30,0.0,53820,NY
655,30,0.0,53820,NY
660,30,0.0,53820,NY
665,30,0.0,53820,NY
670,30,0.0,53820,NY
675,30,0.0,53820,NY
680,30,0.0,53820,NY
685,30,0.0,53820,NY
690,30,0.0,53820,NY
695,30,0.0,53820,NY
700,30,0.0,53820,NY
705,30,0.0,53820,NY
710,30,0.0,53820,NY
715,30,0.0,53820,NY
720,30,0.0,53820,NY
725,30,0.0,53820,NY
730,30,0.0,53820,NY
735,30,0.0,53820,NY
740,30,0.0,53820,NY
745,30,0.0,53820,NY
750,30,0.0,53820,NY
755,30,0.0,53820,NY
760,30,0.0,53820,NY
765,30,0.0,53820,NY
770,30,0.0,53820,NY
775,30,0.0,53820,NY
780,30,0.0,53820,NY
785,30,0.0,53820,NY
790,30,0.0,53820,NY
795,30,0.0,53820,NY
800,30,0.0,53820,NY
805,30,0.0,53820,NY
810,30,0.0,53820,NY
815,30,0.0,53820,NY
820,30,0.0,53820,NY
825,30,0.0,53820,NY
830,30,0.0,53820,NY
835,30,0.0,53820,NY
840,30,0.0,53820,NY
845,30,0.0,53820,NY
850,30,0.0,53820,NY
855,30,0.0,53820,NY
860,30,0.0,53820,NY
865,30,0.0,53820,NY
870,30,0.0,53820,NY
875,30,0.0,53820,NY
880,30,0.0,53820,NY
885,30,0.0,53820,NY
890,30,0.0,53820,NY
895,30,0.0,53820,NY
900,30,0.0,53820,NY
905,30,0.0,53820,NY
910,30,0.0,53820,NY
915,30,0.0,53820,NY
920,30,0.0,53820,NY
925,30,0.0,53820,NY
930,30,0.0,53820,NY
935,30,0.0,53820,NY
940,30,0.0,53820,NY
945,30,0.0,53820,NY
950,30,0.0,53820,NY
955,30,0.0,53820,NY
960,30,0.0,53820,NY
965,30,0.0,53820,NY
970,30,0.0,53820,NY
975,30,0.0,53820,NY
980,30,0.0,53820,NY
985,30,0.0,53820,NY
990,30,0.0,53820,NY
995,30,0.0,53820,NY
1000,30,0.0,53820,NY
1005,30,0.0,53820,NY
1010,30,0.0,53820,NY
1015,30,0.0,53820,NY
1020,30,0.0,53820,NY
1025,30,0.0,53820,NY
1030,30,0.0,53820,NY
1035,30,0.0,53820,NY
1040,30,0.0,53820,NY
1045,30,0.0,53820,NY
1050,30,0.0,53820,NY
1055,30,0.0,53820,NY
1060,30,0.0,53820,NY
1065,30,0.0,53820,NY
1070,30,0.0,53820,NY
1075,30,0.0,53820,NY
1080,30,0.0,53820,NY
1085,30,0.0,53820,NY
1090,30,0.0,53820,NY
1095,30,0.0,53820,NY
1100,30,0.0,53820,NY
1105,30,0.0,53820,NY
1110,30,0.0,53820,NY
1115,30,0.0,53820,NY
1120,30,0.0,53820,NY
1125,30,0.0,53820,NY
1130,30,0.0,53820,NY
1135,30,0.0,53820,NY
1140,30,0.0,53820,NY
1145,30,0.0,53820,NY
1150,30,0.0,53820,NY
1155,30,0.0,53820,NY
1160,30,0.0,53820,NY
1165,30,0.0,53820,NY
1170,30,0.0,53820,NY
1175,30,0.0,53820,NY
1180,30,0.0,53820,NY
1185,30,0.0,53820,NY
1190,30,0.0,53820,NY
1195,30,0.0,53820,NY
1200,30,0.0,53820,NY
1205,30,0.0,53820,NY
1210,30,0.0,53820,NY
1215,30,0.0,53820,NY
1220,30,0.0,53820,NY
1225,30,0.0,53820,NY
1230,30,0.0,53820,NY
1235,30,0.0,53820,NY
1240,30,0.0,53820,NY
1245,30,0.0,53820,NY
1250,30,0.0,53820,NY
1255,30,0.0,53820,NY
1260,30,0.0,53820,NY
1265,30,0.0,53820,NY
1270,30,0.0,53820,NY
1275,30,0.0,53820,NY
1280,30,0.0,53820,NY
1285,30,0.0,53820,NY
1290,30,0.0,53820,NY
1295,30,0.0,53820,NY
1300,30,0.0,53820,NY
1305,30,0.0,53820,NY
1310,30,0.0,53820,NY
1315,30,0.0,53820,NY
1320,30,0.0,53820,NY
1325,30,0.0,53820,NY
1330,30,0.0,53820,NY
1335,30,0.0,53820,NY
1340,30,0.0,53820,NY
1345,30,0.0,53820,NY
1350,30,0.0,53820,NY
1355,30,0.0,53820,NY
1360,30,0.0,53820,NY
1365,30,0.0,53820,NY
1370,30,0.0,53820,NY
1375,30,0.0,53820,NY
1380,30,0.0,53820,NY
1385,30,0.0,53820,NY
1390,30,0.0,53820,NY
1395,30,0.0,53820,NY
1400,30,0.0,53820,NY
1405,30,0.0,53820,NY
1410,30,0.0,53820,NY
1415,30,0.0,53820,NY
1420,30,0.0,53820,NY
1425,30,0.0,53820,NY
1430,30,0.0,53820,NY
1435,30,0.0,53820,NY
1440,30,0.0,53820,NY
1445,30,0.0,53820,NY
1450,30,0.0,53820,NY
1455,30,0.0,53820,NY
1460,30,0.0,53820,NY
1465,30,0.0,53820,NY
1470,30,0.0,53820,NY
1475,30,0.0,53820,NY
1480,30,0.0,53820,NY
1485,30,0.0,53820,NY
1490,30,0.0,53820,NY
1495,30,0.0,53820,NY
1500,30,0.0,53820,NY
1505,30,0.0,53820,NY
1510,30,0.0,53820,NY
1515,30,0.0,53820,NY
1520,30,0.0,53820,NY
1525,30,0.0,53820,NY
1530,30,0.0,53820,NY
1535,30,0.0,53820,NY
1540,30,0.0,53820,NY
1545,30,0.0,53820,NY
1550,30,0.0,53820,NY
1555,30,0.0,53820,NY
1560,30,0.0,53820,NY
1565,30,0.0,53820,NY
1570,30,0.0,53820,NY
1575,30,0.0,53820,NY
1580,30,0.0,53820,NY
1585,30,0.0,53820,NY
1590,30,0.0,53820,NY
1595,30,0.0,53820,NY
1600,30,0.0,53820,NY
1605,30,0.0,53820,NY
1610,30,0.0,53820,NY
1615,30,0.0,53820,NY
1620,30,0.0,53820,NY
1625,30,0.0,53820,NY
1630,30,0.0,53820,NY
1635,30,0.0,53820,NY
1640,30,0.0,53820,NY
1645,30,0.0,53820,NY
1650,30,0.0,53820,NY
1655,30,0.0,53820,NY
1660,30,0.0,53820,NY
1665,30,0.0,53820,NY
1670,30,0.0,53820,NY
1675,30,0.0,53820,NY
1680,30,0.0,53820,NY
1685,30,0.0,53820,NY
1690,30,0.0,53820,NY
1695,30,0.0,53820,NY
1700,30,0.0,53820,NY
1705,30,0.0,53820,NY
1710,30,0.0,53820,NY
1715,30,0.0,53820,NY
1720,30,0.0,53820,NY
1725,30,0.0,53820,NY
1730,30,0.0,53820,NY
1735,30,0.0,53820,NY
1740,30,0.0,53820,NY
1745,30,0.0,53820,NY
1750,30,0.0,53820,NY
1755,30,0.0,53820,NY
1760,30,0.0,53820,NY
1765,30,0.0,53820,NY
1770,30,0.0,53820,NY
1775,30,0.0,53820,NY
1780,30,0.0,53820,NY
1785,30,0.0,53820,NY
1790,30,0.0,53820,NY
1795,30,0.0,53820,NY
1800,30,0.0,53820,NY
1805,30,0.0,53820,NY
1810,30,0.0,53820,NY
1815,30,0.0,53820,NY
1820,30,0.0,53820,NY
1825,30,0.0,53820,NY
1830,30,0.0,53820,NY
1835,30,0.0,53820,NY
1840,30,0.0,53820,NY
1845,30,0.0,53820,NY
1850,30,0.0,53820,NY
1855,30,0.0,53820,NY
1860,30,0.0,53820,NY
1865,30,0.0,53820,NY
1870,30,0.0,53820,NY
1875,30,0.0,53820,NY
1880,30,0.0,53820,NY
1885,30,0.0,53820,NY
1890,30,0.0,53820,NY
1895,30,0.0,53820,NY
1900,30,0.0,53820,NY
1905,30,0.0,53820,NY
1910,30,0.0,53820,NY
1915,30,0.0,53820,NY
1920,30,0.0,53820,NY
1925,30,0.0,53820,NY
1930,30,0.0,53820,NY
1935,30,0.0,53820,NY
1940,30,0.0,53820,NY
1945,30,0.0,53820,NY
1950,30,0.0,53820,NY
1955,30,0.0,53820,NY
1960,30,0.0,53820,NY
1965,30,0.0,53820,NY
1970,30,0.0,53820,NY
1975,30,0.0,53820,NY
1980,30,0.0,53820,NY
1985,30,0.0,53820,NY
1990,30,0.0,53820,NY
1995,30,0.0,53820,NY
2000,30,0.0,53820,NY
50,30,0.420278,10800,NY_CLOSE
55,30,0.346296,10800,NY_CLOSE
60,30,0.288981,10800,NY_CLOSE
65,30,0.236204,10800,NY_CLOSE
70,30,0.19287,10800,NY_CLOSE
75,30,0.152407,10800,NY_CLOSE
80,30,0.125,10800,NY_CLOSE
85,30,0.100556,10800,NY_CLOSE
90,30,0.079167,10800,NY_CLOSE
95,30,0.06287,10800,NY_CLOSE
100,30,0.05,10800,NY_CLOSE
105,30,0.040185,10800,NY_CLOSE
110,30,0.03037,10800,NY_CLOSE
115,30,0.023148,10800,NY_CLOSE
120,30,0.017778,10800,NY_CLOSE
125,30,0.013426,10800,NY_CLOSE
130,30,0.010556,10800,NY_CLOSE
135,30,0.008426,10800,NY_CLOSE
140,30,0.006389,10800,NY_CLOSE
145,30,0.004722,10800,NY_CLOSE
150,30,0.003241,10800,NY_CLOSE
155,30,0.002407,10800,NY_CLOSE
160,30,0.001574,10800,NY_CLOSE
165,30,0.000833,10800,NY_CLOSE
170,30,0.000463,10800,NY_CLOSE
175,30,0.000463,10800,NY_CLOSE
180,30,0.000278,10800,NY_CLOSE
185,30,9.3e-05,10800,NY_CLOSE
190,30,9.3e-05,10800,NY_CLOSE
195,30,9.3e-05,10800,NY_CLOSE
200,30,9.3e-05,10800,NY_CLOSE
205,30,9.3e-05,10800,NY_CLOSE
210,30,9.3e-05,10800,NY_CLOSE
215,30,9.3e-05,10800,NY_CLOSE
220,30,9.3e-05,10800,NY_CLOSE
225,30,9.3e-05,10800,NY_CLOSE
230,30,9.3e-05,10800,NY_CLOSE
235,30,9.3e-05,10800,NY_CLOSE
240,30,0.0,10800,NY_CLOSE
245,30,0.0,10800,NY_CLOSE
250,30,0.0,10800,NY_CLOSE
255,30,0.0,10800,NY_CLOSE
260,30,0.0,10800,NY_CLOSE
265,30,0.0,10800,NY_CLOSE
270,30,0.0,10800,NY_CLOSE
275,30,0.0,10800,NY_CLOSE
280,30,0.0,10800,NY_CLOSE
285,30,0.0,10800,NY_CLOSE
290,30,0.0,10800,NY_CLOSE
295,30,0.0,10800,NY_CLOSE
300,30,0.0,10800,NY_CLOSE
305,30,0.0,10800,NY_CLOSE
310,30,0.0,10800,NY_CLOSE
315,30,0.0,10800,NY_CLOSE
320,30,0.0,10800,NY_CLOSE
325,30,0.0,10800,NY_CLOSE
330,30,0.0,10800,NY_CLOSE
335,30,0.0,10800,NY_CLOSE
340,30,0.0,10800,NY_CLOSE
345,30,0.0,10800,NY_CLOSE
350,30,0.0,10800,NY_CLOSE
355,30,0.0,10800,NY_CLOSE
360,30,0.0,10800,NY_CLOSE
365,30,0.0,10800,NY_CLOSE
370,30,0.0,10800,NY_CLOSE
375,30,0.0,10800,NY_CLOSE
380,30,0.0,10800,NY_CLOSE
385,30,0.0,10800,NY_CLOSE
390,30,0.0,10800,NY_CLOSE
395,30,0.0,10800,NY_CLOSE
400,30,0.0,10800,NY_CLOSE
405,30,0.0,10800,NY_CLOSE
410,30,0.0,10800,NY_CLOSE
415,30,0.0,10800,NY_CLOSE
420,30,0.0,10800,NY_CLOSE
425,30,0.0,10800,NY_CLOSE
430,30,0.0,10800,NY_CLOSE
435,30,0.0,10800,NY_CLOSE
440,30,0.0,10800,NY_CLOSE
445,30,0.0,10800,NY_CLOSE
450,30,0.0,10800,NY_CLOSE
455,30,0.0,10800,NY_CLOSE
460,30,0.0,10800,NY_CLOSE
465,30,0.0,10800,NY_CLOSE
470,30,0.0,10800,NY_CLOSE
475,30,0.0,10800,NY_CLOSE
480,30,0.0,10800,NY_CLOSE
485,30,0.0,10800,NY_CLOSE
490,30,0.0,10800,NY_CLOSE
495,30,0.0,10800,NY_CLOSE
500,30,0.0,10800,NY_CLOSE
505,30,0.0,10800,NY_CLOSE
510,30,0.0,10800,NY_CLOSE
515,30,0.0,10800,NY_CLOSE
520,30,0.0,10800,NY_CLOSE
525,30,0.0,10800,NY_CLOSE
530,30,0.0,10800,NY_CLOSE
535,30,0.0,10800,NY_CLOSE
540,30,0.0,10800,NY_CLOSE
545,30,0.0,10800,NY_CLOSE
550,30,0.0,10800,NY_CLOSE
555,30,0.0,10800,NY_CLOSE
560,30,0.0,10800,NY_CLOSE
565,30,0.0,10800,NY_CLOSE
570,30,0.0,10800,NY_CLOSE
575,30,0.0,10800,NY_CLOSE
580,30,0.0,10800,NY_CLOSE
585,30,0.0,10800,NY_CLOSE
590,30,0.0,10800,NY_CLOSE
595,30,0.0,10800,NY_CLOSE
600,30,0.0,10800,NY_CLOSE
605,30,0.0,10800,NY_CLOSE
610,30,0.0,10800,NY_CLOSE
615,30,0.0,10800,NY_CLOSE
620,30,0.0,10800,NY_CLOSE
625,30,0.0,10800,NY_CLOSE
630,30,0.0,10800,NY_CLOSE
635,30,0.0,10800,NY_CLOSE
640,30,0.0,10800,NY_CLOSE
645,30,0.0,10800,NY_CLOSE
650,30,0.0,10800,NY_CLOSE
655,30,0.0,10800,NY_CLOSE
660,30,0.0,10800,NY_CLOSE
665,30,0.0,10800,NY_CLOSE
670,30,0.0,10800,NY_CLOSE
675,30,0.0,10800,NY_CLOSE
680,30,0.0,10800,NY_CLOSE
685,30,0.0,10800,NY_CLOSE
690,30,0.0,10800,NY_CLOSE
695,30,0.0,10800,NY_CLOSE
700,30,0.0,10800,NY_CLOSE
705,30,0.0,10800,NY_CLOSE
710,30,0.0,10800,NY_CLOSE
715,30,0.0,10800,NY_CLOSE
720,30,0.0,10800,NY_CLOSE
725,30,0.0,10800,NY_CLOSE
730,30,0.0,10800,NY_CLOSE
735,30,0.0,10800,NY_CLOSE
740,30,0.0,10800,NY_CLOSE
745,30,0.0,10800,NY_CLOSE
750,30,0.0,10800,NY_CLOSE
755,30,0.0,10800,NY_CLOSE
760,30,0.0,10800,NY_CLOSE
765,30,0.0,10800,NY_CLOSE
770,30,0.0,10800,NY_CLOSE
775,30,0.0,10800,NY_CLOSE
780,30,0.0,10800,NY_CLOSE
785,30,0.0,10800,NY_CLOSE
790,30,0.0,10800,NY_CLOSE
795,30,0.0,10800,NY_CLOSE
800,30,0.0,10800,NY_CLOSE
805,30,0.0,10800,NY_CLOSE
810,30,0.0,10800,NY_CLOSE
815,30,0.0,10800,NY_CLOSE
820,30,0.0,10800,NY_CLOSE
825,30,0.0,10800,NY_CLOSE
830,30,0.0,10800,NY_CLOSE
835,30,0.0,10800,NY_CLOSE
840,30,0.0,10800,NY_CLOSE
845,30,0.0,10800,NY_CLOSE
850,30,0.0,10800,NY_CLOSE
855,30,0.0,10800,NY_CLOSE
860,30,0.0,10800,NY_CLOSE
865,30,0.0,10800,NY_CLOSE
870,30,0.0,10800,NY_CLOSE
875,30,0.0,10800,NY_CLOSE
880,30,0.0,10800,NY_CLOSE
885,30,0.0,10800,NY_CLOSE
890,30,0.0,10800,NY_CLOSE
895,30,0.0,10800,NY_CLOSE
900,30,0.0,10800,NY_CLOSE
905,30,0.0,10800,NY_CLOSE
910,30,0.0,10800,NY_CLOSE
915,30,0.0,10800,NY_CLOSE
920,30,0.0,10800,NY_CLOSE
925,30,0.0,10800,NY_CLOSE
930,30,0.0,10800,NY_CLOSE
935,30,0.0,10800,NY_CLOSE
940,30,0.0,10800,NY_CLOSE
945,30,0.0,10800,NY_CLOSE
950,30,0.0,10800,NY_CLOSE
955,30,0.0,10800,NY_CLOSE
960,30,0.0,10800,NY_CLOSE
965,30,0.0,10800,NY_CLOSE
970,30,0.0,10800,NY_CLOSE
975,30,0.0,10800,NY_CLOSE
980,30,0.0,10800,NY_CLOSE
985,30,0.0,10800,NY_CLOSE
990,30,0.0,10800,NY_CLOSE
995,30,0.0,10800,NY_CLOSE
1000,30,0.0,10800,NY_CLOSE
1005,30,0.0,10800,NY_CLOSE
1010,30,0.0,10800,NY_CLOSE
1015,30,0.0,10800,NY_CLOSE
1020,30,0.0,10800,NY_CLOSE
1025,30,0.0,10800,NY_CLOSE
1030,30,0.0,10800,NY_CLOSE
1035,30,0.0,10800,NY_CLOSE
1040,30,0.0,10800,NY_CLOSE
1045,30,0.0,10800,NY_CLOSE
1050,30,0.0,10800,NY_CLOSE
1055,30,0.0,10800,NY_CLOSE
1060,30,0.0,10800,NY_CLOSE
1065,30,0.0,10800,NY_CLOSE
1070,30,0.0,10800,NY_CLOSE
1075,30,0.0,10800,NY_CLOSE
1080,30,0.0,10800,NY_CLOSE
1085,30,0.0,10800,NY_CLOSE
1090,30,0.0,10800,NY_CLOSE
1095,30,0.0,10800,NY_CLOSE
1100,30,0.0,10800,NY_CLOSE
1105,30,0.0,10800,NY_CLOSE
1110,30,0.0,10800,NY_CLOSE
1115,30,0.0,10800,NY_CLOSE
1120,30,0.0,10800,NY_CLOSE
1125,30,0.0,10800,NY_CLOSE
1130,30,0.0,10800,NY_CLOSE
1135,30,0.0,10800,NY_CLOSE
1140,30,0.0,10800,NY_CLOSE
1145,30,0.0,10800,NY_CLOSE
1150,30,0.0,10800,NY_CLOSE
1155,30,0.0,10800,NY_CLOSE
1160,30,0.0,10800,NY_CLOSE
1165,30,0.0,10800,NY_CLOSE
1170,30,0.0,10800,NY_CLOSE
1175,30,0.0,10800,NY_CLOSE
1180,30,0.0,10800,NY_CLOSE
1185,30,0.0,10800,NY_CLOSE
1190,30,0.0,10800,NY_CLOSE
1195,30,0.0,10800,NY_CLOSE
1200,30,0.0,10800,NY_CLOSE
1205,30,0.0,10800,NY_CLOSE
1210,30,0.0,10800,NY_CLOSE
1215,30,0.0,10800,NY_CLOSE
1220,30,0.0,10800,NY_CLOSE
1225,30,0.0,10800,NY_CLOSE
1230,30,0.0,10800,NY_CLOSE
1235,30,0.0,10800,NY_CLOSE
1240,30,0.0,10800,NY_CLOSE
1245,30,0.0,10800,NY_CLOSE
1250,30,0.0,10800,NY_CLOSE
1255,30,0.0,10800,NY_CLOSE
1260,30,0.0,10800,NY_CLOSE
1265,30,0.0,10800,NY_CLOSE
1270,30,0.0,10800,NY_CLOSE
1275,30,0.0,10800,NY_CLOSE
1280,30,0.0,10800,NY_CLOSE
1285,30,0.0,10800,NY_CLOSE
1290,30,0.0,10800,NY_CLOSE
1295,30,0.0,10800,NY_CLOSE
1300,30,0.0,10800,NY_CLOSE
1305,30,0.0,10800,NY_CLOSE
1310,30,0.0,10800,NY_CLOSE
1315,30,0.0,10800,NY_CLOSE
1320,30,0.0,10800,NY_CLOSE
1325,30,0.0,10800,NY_CLOSE
1330,30,0.0,10800,NY_CLOSE
1335,30,0.0,10800,NY_CLOSE
1340,30,0.0,10800,NY_CLOSE
1345,30,0.0,10800,NY_CLOSE
1350,30,0.0,10800,NY_CLOSE
1355,30,0.0,10800,NY_CLOSE
1360,30,0.0,10800,NY_CLOSE
1365,30,0.0,10800,NY_CLOSE
1370,30,0.0,10800,NY_CLOSE
1375,30,0.0,10800,NY_CLOSE
1380,30,0.0,10800,NY_CLOSE
1385,30,0.0,10800,NY_CLOSE
1390,30,0.0,10800,NY_CLOSE
1395,30,0.0,10800,NY_CLOSE
1400,30,0.0,10800,NY_CLOSE
1405,30,0.0,10800,NY_CLOSE
1410,30,0.0,10800,NY_CLOSE
1415,30,0.0,10800,NY_CLOSE
1420,30,0.0,10800,NY_CLOSE
1425,30,0.0,10800,NY_CLOSE
1430,30,0.0,10800,NY_CLOSE
1435,30,0.0,10800,NY_CLOSE
1440,30,0.0,10800,NY_CLOSE
1445,30,0.0,10800,NY_CLOSE
1450,30,0.0,10800,NY_CLOSE
1455,30,0.0,10800,NY_CLOSE
1460,30,0.0,10800,NY_CLOSE
1465,30,0.0,10800,NY_CLOSE
1470,30,0.0,10800,NY_CLOSE
1475,30,0.0,10800,NY_CLOSE
1480,30,0.0,10800,NY_CLOSE
1485,30,0.0,10800,NY_CLOSE
1490,30,0.0,10800,NY_CLOSE
1495,30,0.0,10800,NY_CLOSE
1500,30,0.0,10800,NY_CLOSE
1505,30,0.0,10800,NY_CLOSE
1510,30,0.0,10800,NY_CLOSE
1515,30,0.0,10800,NY_CLOSE
1520,30,0.0,10800,NY_CLOSE
1525,30,0.0,10800,NY_CLOSE
1530,30,0.0,10800,NY_CLOSE
1535,30,0.0,10800,NY_CLOSE
1540,30,0.0,10800,NY_CLOSE
1545,30,0.0,10800,NY_CLOSE
1550,30,0.0,10800,NY_CLOSE
1555,30,0.0,10800,NY_CLOSE
1560,30,0.0,10800,NY_CLOSE
1565,30,0.0,10800,NY_CLOSE
1570,30,0.0,10800,NY_CLOSE
1575,30,0.0,10800,NY_CLOSE
1580,30,0.0,10800,NY_CLOSE
1585,30,0.0,10800,NY_CLOSE
1590,30,0.0,10800,NY_CLOSE
1595,30,0.0,10800,NY_CLOSE
1600,30,0.0,10800,NY_CLOSE
1605,30,0.0,10800,NY_CLOSE
1610,30,0.0,10800,NY_CLOSE
1615,30,0.0,10800,NY_CLOSE
1620,30,0.0,10800,NY_CLOSE
1625,30,0.0,10800,NY_CLOSE
1630,30,0.0,10800,NY_CLOSE
1635,30,0.0,10800,NY_CLOSE
1640,30,0.0,10800,NY_CLOSE
1645,30,0.0,10800,NY_CLOSE
1650,30,0.0,10800,NY_CLOSE
1655,30,0.0,10800,NY_CLOSE
1660,30,0.0,10800,NY_CLOSE
1665,30,0.0,10800,NY_CLOSE
1670,30,0.0,10800,NY_CLOSE
1675,30,0.0,10800,NY_CLOSE
1680,30,0.0,10800,NY_CLOSE
1685,30,0.0,10800,NY_CLOSE
1690,30,0.0,10800,NY_CLOSE
1695,30,0.0,10800,NY_CLOSE
1700,30,0.0,10800,NY_CLOSE
1705,30,0.0,10800,NY_CLOSE
1710,30,0.0,10800,NY_CLOSE
1715,30,0.0,10800,NY_CLOSE
1720,30,0.0,10800,NY_CLOSE
1725,30,0.0,10800,NY_CLOSE
1730,30,0.0,10800,NY_CLOSE
1735,30,0.0,10800,NY_CLOSE
1740,30,0.0,10800,NY_CLOSE
1745,30,0.0,10800,NY_CLOSE
1750,30,0.0,10800,NY_CLOSE
1755,30,0.0,10800,NY_CLOSE
1760,30,0.0,10800,NY_CLOSE
1765,30,0.0,10800,NY_CLOSE
1770,30,0.0,10800,NY_CLOSE
1775,30,0.0,10800,NY_CLOSE
1780,30,0.0,10800,NY_CLOSE
1785,30,0.0,10800,NY_CLOSE
1790,30,0.0,10800,NY_CLOSE
1795,30,0.0,10800,NY_CLOSE
1800,30,0.0,10800,NY_CLOSE
1805,30,0.0,10800,NY_CLOSE
1810,30,0.0,10800,NY_CLOSE
1815,30,0.0,10800,NY_CLOSE
1820,30,0.0,10800,NY_CLOSE
1825,30,0.0,10800,NY_CLOSE
1830,30,0.0,10800,NY_CLOSE
1835,30,0.0,10800,NY_CLOSE
1840,30,0.0,10800,NY_CLOSE
1845,30,0.0,10800,NY_CLOSE
1850,30,0.0,10800,NY_CLOSE
1855,30,0.0,10800,NY_CLOSE
1860,30,0.0,10800,NY_CLOSE
1865,30,0.0,10800,NY_CLOSE
1870,30,0.0,10800,NY_CLOSE
1875,30,0.0,10800,NY_CLOSE
1880,30,0.0,10800,NY_CLOSE
1885,30,0.0,10800,NY_CLOSE
1890,30,0.0,10800,NY_CLOSE
1895,30,0.0,10800,NY_CLOSE
1900,30,0.0,10800,NY_CLOSE
1905,30,0.0,10800,NY_CLOSE
1910,30,0.0,10800,NY_CLOSE
1915,30,0.0,10800,NY_CLOSE
1920,30,0.0,10800,NY_CLOSE
1925,30,0.0,10800,NY_CLOSE
1930,30,0.0,10800,NY_CLOSE
1935,30,0.0,10800,NY_CLOSE
1940,30,0.0,10800,NY_CLOSE
1945,30,0.0,10800,NY_CLOSE
1950,30,0.0,10800,NY_CLOSE
1955,30,0.0,10800,NY_CLOSE
1960,30,0.0,10800,NY_CLOSE
1965,30,0.0,10800,NY_CLOSE
1970,30,0.0,10800,NY_CLOSE
1975,30,0.0,10800,NY_CLOSE
1980,30,0.0,10800,NY_CLOSE
1985,30,0.0,10800,NY_CLOSE
1990,30,0.0,10800,NY_CLOSE
1995,30,0.0,10800,NY_CLOSE
2000,30,0.0,10800,NY_CLOSE
50,30,0.619074,10800,NY_OPEN
55,30,0.547963,10800,NY_OPEN
60,30,0.482315,10800,NY_OPEN
65,30,0.418889,10800,NY_OPEN
70,30,0.366944,10800,NY_OPEN
75,30,0.3175,10800,NY_OPEN
80,30,0.271296,10800,NY_OPEN
85,30,0.235463,10800,NY_OPEN
90,30,0.20287,10800,NY_OPEN
95,30,0.171759,10800,NY_OPEN
100,30,0.146852,10800,NY_OPEN
105,30,0.123241,10800,NY_OPEN
110,30,0.103704,10800,NY_OPEN
115,30,0.085926,10800,NY_OPEN
120,30,0.071759,10800,NY_OPEN
125,30,0.060556,10800,NY_OPEN
130,30,0.05037,10800,NY_OPEN
135,30,0.040741,10800,NY_OPEN
140,30,0.033056,10800,NY_OPEN
145,30,0.027315,10800,NY_OPEN
150,30,0.023241,10800,NY_OPEN
155,30,0.019259,10800,NY_OPEN
160,30,0.016574,10800,NY_OPEN
165,30,0.014074,10800,NY_OPEN
170,30,0.012037,10800,NY_OPEN
175,30,0.01,10800,NY_OPEN
180,30,0.008148,10800,NY_OPEN
185,30,0.006204,10800,NY_OPEN
190,30,0.004815,10800,NY_OPEN
195,30,0.004074,10800,NY_OPEN
200,30,0.003611,10800,NY_OPEN
205,30,0.002037,10800,NY_OPEN
210,30,0.001574,10800,NY_OPEN
215,30,0.001204,10800,NY_OPEN
220,30,0.001019,10800,NY_OPEN
225,30,0.000741,10800,NY_OPEN
230,30,0.000556,10800,NY_OPEN
235,30,0.000556,10800,NY_OPEN
240,30,0.000463,10800,NY_OPEN
245,30,0.00037,10800,NY_OPEN
250,30,0.00037,10800,NY_OPEN
255,30,0.000278,10800,NY_OPEN
260,30,0.000185,10800,NY_OPEN
265,30,0.000185,10800,NY_OPEN
270,30,0.000185,10800,NY_OPEN
275,30,0.000185,10800,NY_OPEN
280,30,0.000185,10800,NY_OPEN
285,30,0.000185,10800,NY_OPEN
290,30,9.3e-05,10800,NY_OPEN
295,30,9.3e-05,10800,NY_OPEN
300,30,0.0,10800,NY_OPEN
305,30,0.0,10800,NY_OPEN
310,30,0.0,10800,NY_OPEN
315,30,0.0,10800,NY_OPEN
320,30,0.0,10800,NY_OPEN
325,30,0.0,10800,NY_OPEN
330,30,0.0,10800,NY_OPEN
335,30,0.0,10800,NY_OPEN
340,30,0.0,10800,NY_OPEN
345,30,0.0,10800,NY_OPEN
350,30,0.0,10800,NY_OPEN
355,30,0.0,10800,NY_OPEN
360,30,0.0,10800,NY_OPEN
365,30,0.0,10800,NY_OPEN
370,30,0.0,10800,NY_OPEN
375,30,0.0,10800,NY_OPEN
380,30,0.0,10800,NY_OPEN
385,30,0.0,10800,NY_OPEN
390,30,0.0,10800,NY_OPEN
395,30,0.0,10800,NY_OPEN
400,30,0.0,10800,NY_OPEN
405,30,0.0,10800,NY_OPEN
410,30,0.0,10800,NY_OPEN
415,30,0.0,10800,NY_OPEN
420,30,0.0,10800,NY_OPEN
425,30,0.0,10800,NY_OPEN
430,30,0.0,10800,NY_OPEN
435,30,0.0,10800,NY_OPEN
440,30,0.0,10800,NY_OPEN
445,30,0.0,10800,NY_OPEN
450,30,0.0,10800,NY_OPEN
455,30,0.0,10800,NY_OPEN
460,30,0.0,10800,NY_OPEN
465,30,0.0,10800,NY_OPEN
470,30,0.0,10800,NY_OPEN
475,30,0.0,10800,NY_OPEN
480,30,0.0,10800,NY_OPEN
485,30,0.0,10800,NY_OPEN
490,30,0.0,10800,NY_OPEN
495,30,0.0,10800,NY_OPEN
500,30,0.0,10800,NY_OPEN
505,30,0.0,10800,NY_OPEN
510,30,0.0,10800,NY_OPEN
515,30,0.0,10800,NY_OPEN
520,30,0.0,10800,NY_OPEN
525,30,0.0,10800,NY_OPEN
530,30,0.0,10800,NY_OPEN
535,30,0.0,10800,NY_OPEN
540,30,0.0,10800,NY_OPEN
545,30,0.0,10800,NY_OPEN
550,30,0.0,10800,NY_OPEN
555,30,0.0,10800,NY_OPEN
560,30,0.0,10800,NY_OPEN
565,30,0.0,10800,NY_OPEN
570,30,0.0,10800,NY_OPEN
575,30,0.0,10800,NY_OPEN
580,30,0.0,10800,NY_OPEN
585,30,0.0,10800,NY_OPEN
590,30,0.0,10800,NY_OPEN
595,30,0.0,10800,NY_OPEN
600,30,0.0,10800,NY_OPEN
605,30,0.0,10800,NY_OPEN
610,30,0.0,10800,NY_OPEN
615,30,0.0,10800,NY_OPEN
620,30,0.0,10800,NY_OPEN
625,30,0.0,10800,NY_OPEN
630,30,0.0,10800,NY_OPEN
635,30,0.0,10800,NY_OPEN
640,30,0.0,10800,NY_OPEN
645,30,0.0,10800,NY_OPEN
650,30,0.0,10800,NY_OPEN
655,30,0.0,10800,NY_OPEN
660,30,0.0,10800,NY_OPEN
665,30,0.0,10800,NY_OPEN
670,30,0.0,10800,NY_OPEN
675,30,0.0,10800,NY_OPEN
680,30,0.0,10800,NY_OPEN
685,30,0.0,10800,NY_OPEN
690,30,0.0,10800,NY_OPEN
695,30,0.0,10800,NY_OPEN
700,30,0.0,10800,NY_OPEN
705,30,0.0,10800,NY_OPEN
710,30,0.0,10800,NY_OPEN
715,30,0.0,10800,NY_OPEN
720,30,0.0,10800,NY_OPEN
725,30,0.0,10800,NY_OPEN
730,30,0.0,10800,NY_OPEN
735,30,0.0,10800,NY_OPEN
740,30,0.0,10800,NY_OPEN
745,30,0.0,10800,NY_OPEN
750,30,0.0,10800,NY_OPEN
755,30,0.0,10800,NY_OPEN
760,30,0.0,10800,NY_OPEN
765,30,0.0,10800,NY_OPEN
770,30,0.0,10800,NY_OPEN
775,30,0.0,10800,NY_OPEN
780,30,0.0,10800,NY_OPEN
785,30,0.0,10800,NY_OPEN
790,30,0.0,10800,NY_OPEN
795,30,0.0,10800,NY_OPEN
800,30,0.0,10800,NY_OPEN
805,30,0.0,10800,NY_OPEN
810,30,0.0,10800,NY_OPEN
815,30,0.0,10800,NY_OPEN
820,30,0.0,10800,NY_OPEN
825,30,0.0,10800,NY_OPEN
830,30,0.0,10800,NY_OPEN
835,30,0.0,10800,NY_OPEN
840,30,0.0,10800,NY_OPEN
845,30,0.0,10800,NY_OPEN
850,30,0.0,10800,NY_OPEN
855,30,0.0,10800,NY_OPEN
860,30,0.0,10800,NY_OPEN
865,30,0.0,10800,NY_OPEN
870,30,0.0,10800,NY_OPEN
875,30,0.0,10800,NY_OPEN
880,30,0.0,10800,NY_OPEN
885,30,0.0,10800,NY_OPEN
890,30,0.0,10800,NY_OPEN
895,30,0.0,10800,NY_OPEN
900,30,0.0,10800,NY_OPEN
905,30,0.0,10800,NY_OPEN
910,30,0.0,10800,NY_OPEN
915,30,0.0,10800,NY_OPEN
920,30,0.0,10800,NY_OPEN
925,30,0.0,10800,NY_OPEN
930,30,0.0,10800,NY_OPEN
935,30,0.0,10800,NY_OPEN
940,30,0.0,10800,NY_OPEN
945,30,0.0,10800,NY_OPEN
950,30,0.0,10800,NY_OPEN
955,30,0.0,10800,NY_OPEN
960,30,0.0,10800,NY_OPEN
965,30,0.0,10800,NY_OPEN
970,30,0.0,10800,NY_OPEN
975,30,0.0,10800,NY_OPEN
980,30,0.0,10800,NY_OPEN
985,30,0.0,10800,NY_OPEN
990,30,0.0,10800,NY_OPEN
995,30,0.0,10800,NY_OPEN
1000,30,0.0,10800,NY_OPEN
1005,30,0.0,10800,NY_OPEN
1010,30,0.0,10800,NY_OPEN
1015,30,0.0,10800,NY_OPEN
1020,30,0.0,10800,NY_OPEN
1025,30,0.0,10800,NY_OPEN
1030,30,0.0,10800,NY_OPEN
1035,30,0.0,10800,NY_OPEN
1040,30,0.0,10800,NY_OPEN
1045,30,0.0,10800,NY_OPEN
1050,30,0.0,10800,NY_OPEN
1055,30,0.0,10800,NY_OPEN
1060,30,0.0,10800,NY_OPEN
1065,30,0.0,10800,NY_OPEN
1070,30,0.0,10800,NY_OPEN
1075,30,0.0,10800,NY_OPEN
1080,30,0.0,10800,NY_OPEN
1085,30,0.0,10800,NY_OPEN
1090,30,0.0,10800,NY_OPEN
1095,30,0.0,10800,NY_OPEN
1100,30,0.0,10800,NY_OPEN
1105,30,0.0,10800,NY_OPEN
1110,30,0.0,10800,NY_OPEN
1115,30,0.0,10800,NY_OPEN
1120,30,0.0,10800,NY_OPEN
1125,30,0.0,10800,NY_OPEN
1130,30,0.0,10800,NY_OPEN
1135,30,0.0,10800,NY_OPEN
1140,30,0.0,10800,NY_OPEN
1145,30,0.0,10800,NY_OPEN
1150,30,0.0,10800,NY_OPEN
1155,30,0.0,10800,NY_OPEN
1160,30,0.0,10800,NY_OPEN
1165,30,0.0,10800,NY_OPEN
1170,30,0.0,10800,NY_OPEN
1175,30,0.0,10800,NY_OPEN
1180,30,0.0,10800,NY_OPEN
1185,30,0.0,10800,NY_OPEN
1190,30,0.0,10800,NY_OPEN
1195,30,0.0,10800,NY_OPEN
1200,30,0.0,10800,NY_OPEN
1205,30,0.0,10800,NY_OPEN
1210,30,0.0,10800,NY_OPEN
1215,30,0.0,10800,NY_OPEN
1220,30,0.0,10800,NY_OPEN
1225,30,0.0,10800,NY_OPEN
1230,30,0.0,10800,NY_OPEN
1235,30,0.0,10800,NY_OPEN
1240,30,0.0,10800,NY_OPEN
1245,30,0.0,10800,NY_OPEN
1250,30,0.0,10800,NY_OPEN
1255,30,0.0,10800,NY_OPEN
1260,30,0.0,10800,NY_OPEN
1265,30,0.0,10800,NY_OPEN
1270,30,0.0,10800,NY_OPEN
1275,30,0.0,10800,NY_OPEN
1280,30,0.0,10800,NY_OPEN
1285,30,0.0,10800,NY_OPEN
1290,30,0.0,10800,NY_OPEN
1295,30,0.0,10800,NY_OPEN
1300,30,0.0,10800,NY_OPEN
1305,30,0.0,10800,NY_OPEN
1310,30,0.0,10800,NY_OPEN
1315,30,0.0,10800,NY_OPEN
1320,30,0.0,10800,NY_OPEN
1325,30,0.0,10800,NY_OPEN
1330,30,0.0,10800,NY_OPEN
1335,30,0.0,10800,NY_OPEN
1340,30,0.0,10800,NY_OPEN
1345,30,0.0,10800,NY_OPEN
1350,30,0.0,10800,NY_OPEN
1355,30,0.0,10800,NY_OPEN
1360,30,0.0,10800,NY_OPEN
1365,30,0.0,10800,NY_OPEN
1370,30,0.0,10800,NY_OPEN
1375,30,0.0,10800,NY_OPEN
1380,30,0.0,10800,NY_OPEN
1385,30,0.0,10800,NY_OPEN
1390,30,0.0,10800,NY_OPEN
1395,30,0.0,10800,NY_OPEN
1400,30,0.0,10800,NY_OPEN
1405,30,0.0,10800,NY_OPEN
1410,30,0.0,10800,NY_OPEN
1415,30,0.0,10800,NY_OPEN
1420,30,0.0,10800,NY_OPEN
1425,30,0.0,10800,NY_OPEN
1430,30,0.0,10800,NY_OPEN
1435,30,0.0,10800,NY_OPEN
1440,30,0.0,10800,NY_OPEN
1445,30,0.0,10800,NY_OPEN
1450,30,0.0,10800,NY_OPEN
1455,30,0.0,10800,NY_OPEN
1460,30,0.0,10800,NY_OPEN
1465,30,0.0,10800,NY_OPEN
1470,30,0.0,10800,NY_OPEN
1475,30,0.0,10800,NY_OPEN
1480,30,0.0,10800,NY_OPEN
1485,30,0.0,10800,NY_OPEN
1490,30,0.0,10800,NY_OPEN
1495,30,0.0,10800,NY_OPEN
1500,30,0.0,10800,NY_OPEN
1505,30,0.0,10800,NY_OPEN
1510,30,0.0,10800,NY_OPEN
1515,30,0.0,10800,NY_OPEN
1520,30,0.0,10800,NY_OPEN
1525,30,0.0,10800,NY_OPEN
1530,30,0.0,10800,NY_OPEN
1535,30,0.0,10800,NY_OPEN
1540,30,0.0,10800,NY_OPEN
1545,30,0.0,10800,NY_OPEN
1550,30,0.0,10800,NY_OPEN
1555,30,0.0,10800,NY_OPEN
1560,30,0.0,10800,NY_OPEN
1565,30,0.0,10800,NY_OPEN
1570,30,0.0,10800,NY_OPEN
1575,30,0.0,10800,NY_OPEN
1580,30,0.0,10800,NY_OPEN
1585,30,0.0,10800,NY_OPEN
1590,30,0.0,10800,NY_OPEN
1595,30,0.0,10800,NY_OPEN
1600,30,0.0,10800,NY_OPEN
1605,30,0.0,10800,NY_OPEN
1610,30,0.0,10800,NY_OPEN
1615,30,0.0,10800,NY_OPEN
1620,30,0.0,10800,NY_OPEN
1625,30,0.0,10800,NY_OPEN
1630,30,0.0,10800,NY_OPEN
1635,30,0.0,10800,NY_OPEN
1640,30,0.0,10800,NY_OPEN
1645,30,0.0,10800,NY_OPEN
1650,30,0.0,10800,NY_OPEN
1655,30,0.0,10800,NY_OPEN
1660,30,0.0,10800,NY_OPEN
1665,30,0.0,10800,NY_OPEN
1670,30,0.0,10800,NY_OPEN
1675,30,0.0,10800,NY_OPEN
1680,30,0.0,10800,NY_OPEN
1685,30,0.0,10800,NY_OPEN
1690,30,0.0,10800,NY_OPEN
1695,30,0.0,10800,NY_OPEN
1700,30,0.0,10800,NY_OPEN
1705,30,0.0,10800,NY_OPEN
1710,30,0.0,10800,NY_OPEN
1715,30,0.0,10800,NY_OPEN
1720,30,0.0,10800,NY_OPEN
1725,30,0.0,10800,NY_OPEN
1730,30,0.0,10800,NY_OPEN
1735,30,0.0,10800,NY_OPEN
1740,30,0.0,10800,NY_OPEN
1745,30,0.0,10800,NY_OPEN
1750,30,0.0,10800,NY_OPEN
1755,30,0.0,10800,NY_OPEN
1760,30,0.0,10800,NY_OPEN
1765,30,0.0,10800,NY_OPEN
1770,30,0.0,10800,NY_OPEN
1775,30,0.0,10800,NY_OPEN
1780,30,0.0,10800,NY_OPEN
1785,30,0.0,10800,NY_OPEN
1790,30,0.0,10800,NY_OPEN
1795,30,0.0,10800,NY_OPEN
1800,30,0.0,10800,NY_OPEN
1805,30,0.0,10800,NY_OPEN
1810,30,0.0,10800,NY_OPEN
1815,30,0.0,10800,NY_OPEN
1820,30,0.0,10800,NY_OPEN
1825,30,0.0,10800,NY_OPEN
1830,30,0.0,10800,NY_OPEN
1835,30,0.0,10800,NY_OPEN
1840,30,0.0,10800,NY_OPEN
1845,30,0.0,10800,NY_OPEN
1850,30,0.0,10800,NY_OPEN
1855,30,0.0,10800,NY_OPEN
1860,30,0.0,10800,NY_OPEN
1865,30,0.0,10800,NY_OPEN
1870,30,0.0,10800,NY_OPEN
1875,30,0.0,10800,NY_OPEN
1880,30,0.0,10800,NY_OPEN
1885,30,0.0,10800,NY_OPEN
1890,30,0.0,10800,NY_OPEN
1895,30,0.0,10800,NY_OPEN
1900,30,0.0,10800,NY_OPEN
1905,30,0.0,10800,NY_OPEN
1910,30,0.0,10800,NY_OPEN
1915,30,0.0,10800,NY_OPEN
1920,30,0.0,10800,NY_OPEN
1925,30,0.0,10800,NY_OPEN
1930,30,0.0,10800,NY_OPEN
1935,30,0.0,10800,NY_OPEN
1940,30,0.0,10800,NY_OPEN
1945,30,0.0,10800,NY_OPEN
1950,30,0.0,10800,NY_OPEN
1955,30,0.0,10800,NY_OPEN
1960,30,0.0,10800,NY_OPEN
1965,30,0.0,10800,NY_OPEN
1970,30,0.0,10800,NY_OPEN
1975,30,0.0,10800,NY_OPEN
1980,30,0.0,10800,NY_OPEN
1985,30,0.0,10800,NY_OPEN
1990,30,0.0,10800,NY_OPEN
1995,30,0.0,10800,NY_OPEN
2000,30,0.0,10800,NY_OPEN
50,30,0.451623,16020,NY_PRE
55,30,0.385643,16020,NY_PRE
60,30,0.323596,16020,NY_PRE
65,30,0.267416,16020,NY_PRE
70,30,0.220537,16020,NY_PRE
75,30,0.183958,16020,NY_PRE
80,30,0.149438,16020,NY_PRE
85,30,0.120162,16020,NY_PRE
90,30,0.099064,16020,NY_PRE
95,30,0.078839,16020,NY_PRE
100,30,0.064045,16020,NY_PRE
105,30,0.050375,16020,NY_PRE
110,30,0.040325,16020,NY_PRE
115,30,0.030712,16020,NY_PRE
120,30,0.02397,16020,NY_PRE
125,30,0.018664,16020,NY_PRE
130,30,0.014732,16020,NY_PRE
135,30,0.011673,16020,NY_PRE
140,30,0.009363,16020,NY_PRE
145,30,0.007366,16020,NY_PRE
150,30,0.005618,16020,NY_PRE
155,30,0.004307,16020,NY_PRE
160,30,0.003246,16020,NY_PRE
165,30,0.002747,16020,NY_PRE
170,30,0.002185,16020,NY_PRE
175,30,0.001748,16020,NY_PRE
180,30,0.001436,16020,NY_PRE
185,30,0.001124,16020,NY_PRE
190,30,0.000687,16020,NY_PRE
195,30,0.000375,16020,NY_PRE
200,30,0.000375,16020,NY_PRE
205,30,0.000125,16020,NY_PRE
210,30,0.000125,16020,NY_PRE
215,30,6.2e-05,16020,NY_PRE
220,30,6.2e-05,16020,NY_PRE
225,30,6.2e-05,16020,NY_PRE
230,30,6.2e-05,16020,NY_PRE
235,30,6.2e-05,16020,NY_PRE
240,30,6.2e-05,16020,NY_PRE
245,30,0.0,16020,NY_PRE
250,30,0.0,16020,NY_PRE
255,30,0.0,16020,NY_PRE
260,30,0.0,16020,NY_PRE
265,30,0.0,16020,NY_PRE
270,30,0.0,16020,NY_PRE
275,30,0.0,16020,NY_PRE
280,30,0.0,16020,NY_PRE
285,30,0.0,16020,NY_PRE
290,30,0.0,16020,NY_PRE
295,30,0.0,16020,NY_PRE
300,30,0.0,16020,NY_PRE
305,30,0.0,16020,NY_PRE
310,30,0.0,16020,NY_PRE
315,30,0.0,16020,NY_PRE
320,30,0.0,16020,NY_PRE
325,30,0.0,16020,NY_PRE
330,30,0.0,16020,NY_PRE
335,30,0.0,16020,NY_PRE
340,30,0.0,16020,NY_PRE
345,30,0.0,16020,NY_PRE
350,30,0.0,16020,NY_PRE
355,30,0.0,16020,NY_PRE
360,30,0.0,16020,NY_PRE
365,30,0.0,16020,NY_PRE
370,30,0.0,16020,NY_PRE
375,30,0.0,16020,NY_PRE
380,30,0.0,16020,NY_PRE
385,30,0.0,16020,NY_PRE
390,30,0.0,16020,NY_PRE
395,30,0.0,16020,NY_PRE
400,30,0.0,16020,NY_PRE
405,30,0.0,16020,NY_PRE
410,30,0.0,16020,NY_PRE
415,30,0.0,16020,NY_PRE
420,30,0.0,16020,NY_PRE
425,30,0.0,16020,NY_PRE
430,30,0.0,16020,NY_PRE
435,30,0.0,16020,NY_PRE
440,30,0.0,16020,NY_PRE
445,30,0.0,16020,NY_PRE
450,30,0.0,16020,NY_PRE
455,30,0.0,16020,NY_PRE
460,30,0.0,16020,NY_PRE
465,30,0.0,16020,NY_PRE
470,30,0.0,16020,NY_PRE
475,30,0.0,16020,NY_PRE
480,30,0.0,16020,NY_PRE
485,30,0.0,16020,NY_PRE
490,30,0.0,16020,NY_PRE
495,30,0.0,16020,NY_PRE
500,30,0.0,16020,NY_PRE
505,30,0.0,16020,NY_PRE
510,30,0.0,16020,NY_PRE
515,30,0.0,16020,NY_PRE
520,30,0.0,16020,NY_PRE
525,30,0.0,16020,NY_PRE
530,30,0.0,16020,NY_PRE
535,30,0.0,16020,NY_PRE
540,30,0.0,16020,NY_PRE
545,30,0.0,16020,NY_PRE
550,30,0.0,16020,NY_PRE
555,30,0.0,16020,NY_PRE
560,30,0.0,16020,NY_PRE
565,30,0.0,16020,NY_PRE
570,30,0.0,16020,NY_PRE
575,30,0.0,16020,NY_PRE
580,30,0.0,16020,NY_PRE
585,30,0.0,16020,NY_PRE
590,30,0.0,16020,NY_PRE
595,30,0.0,16020,NY_PRE
600,30,0.0,16020,NY_PRE
605,30,0.0,16020,NY_PRE
610,30,0.0,16020,NY_PRE
615,30,0.0,16020,NY_PRE
620,30,0.0,16020,NY_PRE
625,30,0.0,16020,NY_PRE
630,30,0.0,16020,NY_PRE
635,30,0.0,16020,NY_PRE
640,30,0.0,16020,NY_PRE
645,30,0.0,16020,NY_PRE
650,30,0.0,16020,NY_PRE
655,30,0.0,16020,NY_PRE
660,30,0.0,16020,NY_PRE
665,30,0.0,16020,NY_PRE
670,30,0.0,16020,NY_PRE
675,30,0.0,16020,NY_PRE
680,30,0.0,16020,NY_PRE
685,30,0.0,16020,NY_PRE
690,30,0.0,16020,NY_PRE
695,30,0.0,16020,NY_PRE
700,30,0.0,16020,NY_PRE
705,30,0.0,16020,NY_PRE
710,30,0.0,16020,NY_PRE
715,30,0.0,16020,NY_PRE
720,30,0.0,16020,NY_PRE
725,30,0.0,16020,NY_PRE
730,30,0.0,16020,NY_PRE
735,30,0.0,16020,NY_PRE
740,30,0.0,16020,NY_PRE
745,30,0.0,16020,NY_PRE
750,30,0.0,16020,NY_PRE
755,30,0.0,16020,NY_PRE
760,30,0.0,16020,NY_PRE
765,30,0.0,16020,NY_PRE
770,30,0.0,16020,NY_PRE
775,30,0.0,16020,NY_PRE
780,30,0.0,16020,NY_PRE
785,30,0.0,16020,NY_PRE
790,30,0.0,16020,NY_PRE
795,30,0.0,16020,NY_PRE
800,30,0.0,16020,NY_PRE
805,30,0.0,16020,NY_PRE
810,30,0.0,16020,NY_PRE
815,30,0.0,16020,NY_PRE
820,30,0.0,16020,NY_PRE
825,30,0.0,16020,NY_PRE
830,30,0.0,16020,NY_PRE
835,30,0.0,16020,NY_PRE
840,30,0.0,16020,NY_PRE
845,30,0.0,16020,NY_PRE
850,30,0.0,16020,NY_PRE
855,30,0.0,16020,NY_PRE
860,30,0.0,16020,NY_PRE
865,30,0.0,16020,NY_PRE
870,30,0.0,16020,NY_PRE
875,30,0.0,16020,NY_PRE
880,30,0.0,16020,NY_PRE
885,30,0.0,16020,NY_PRE
890,30,0.0,16020,NY_PRE
895,30,0.0,16020,NY_PRE
900,30,0.0,16020,NY_PRE
905,30,0.0,16020,NY_PRE
910,30,0.0,16020,NY_PRE
915,30,0.0,16020,NY_PRE
920,30,0.0,16020,NY_PRE
925,30,0.0,16020,NY_PRE
930,30,0.0,16020,NY_PRE
935,30,0.0,16020,NY_PRE
940,30,0.0,16020,NY_PRE
945,30,0.0,16020,NY_PRE
950,30,0.0,16020,NY_PRE
955,30,0.0,16020,NY_PRE
960,30,0.0,16020,NY_PRE
965,30,0.0,16020,NY_PRE
970,30,0.0,16020,NY_PRE
975,30,0.0,16020,NY_PRE
980,30,0.0,16020,NY_PRE
985,30,0.0,16020,NY_PRE
990,30,0.0,16020,NY_PRE
995,30,0.0,16020,NY_PRE
1000,30,0.0,16020,NY_PRE
1005,30,0.0,16020,NY_PRE
1010,30,0.0,16020,NY_PRE
1015,30,0.0,16020,NY_PRE
1020,30,0.0,16020,NY_PRE
1025,30,0.0,16020,NY_PRE
1030,30,0.0,16020,NY_PRE
1035,30,0.0,16020,NY_PRE
1040,30,0.0,16020,NY_PRE
1045,30,0.0,16020,NY_PRE
1050,30,0.0,16020,NY_PRE
1055,30,0.0,16020,NY_PRE
1060,30,0.0,16020,NY_PRE
1065,30,0.0,16020,NY_PRE
1070,30,0.0,16020,NY_PRE
1075,30,0.0,16020,NY_PRE
1080,30,0.0,16020,NY_PRE
1085,30,0.0,16020,NY_PRE
1090,30,0.0,16020,NY_PRE
1095,30,0.0,16020,NY_PRE
1100,30,0.0,16020,NY_PRE
1105,30,0.0,16020,NY_PRE
1110,30,0.0,16020,NY_PRE
1115,30,0.0,16020,NY_PRE
1120,30,0.0,16020,NY_PRE
1125,30,0.0,16020,NY_PRE
1130,30,0.0,16020,NY_PRE
1135,30,0.0,16020,NY_PRE
1140,30,0.0,16020,NY_PRE
1145,30,0.0,16020,NY_PRE
1150,30,0.0,16020,NY_PRE
1155,30,0.0,16020,NY_PRE
1160,30,0.0,16020,NY_PRE
1165,30,0.0,16020,NY_PRE
1170,30,0.0,16020,NY_PRE
1175,30,0.0,16020,NY_PRE
1180,30,0.0,16020,NY_PRE
1185,30,0.0,16020,NY_PRE
1190,30,0.0,16020,NY_PRE
1195,30,0.0,16020,NY_PRE
1200,30,0.0,16020,NY_PRE
1205,30,0.0,16020,NY_PRE
1210,30,0.0,16020,NY_PRE
1215,30,0.0,16020,NY_PRE
1220,30,0.0,16020,NY_PRE
1225,30,0.0,16020,NY_PRE
1230,30,0.0,16020,NY_PRE
1235,30,0.0,16020,NY_PRE
1240,30,0.0,16020,NY_PRE
1245,30,0.0,16020,NY_PRE
1250,30,0.0,16020,NY_PRE
1255,30,0.0,16020,NY_PRE
1260,30,0.0,16020,NY_PRE
1265,30,0.0,16020,NY_PRE
1270,30,0.0,16020,NY_PRE
1275,30,0.0,16020,NY_PRE
1280,30,0.0,16020,NY_PRE
1285,30,0.0,16020,NY_PRE
1290,30,0.0,16020,NY_PRE
1295,30,0.0,16020,NY_PRE
1300,30,0.0,16020,NY_PRE
1305,30,0.0,16020,NY_PRE
1310,30,0.0,16020,NY_PRE
1315,30,0.0,16020,NY_PRE
1320,30,0.0,16020,NY_PRE
1325,30,0.0,16020,NY_PRE
1330,30,0.0,16020,NY_PRE
1335,30,0.0,16020,NY_PRE
1340,30,0.0,16020,NY_PRE
1345,30,0.0,16020,NY_PRE
1350,30,0.0,16020,NY_PRE
1355,30,0.0,16020,NY_PRE
1360,30,0.0,16020,NY_PRE
1365,30,0.0,16020,NY_PRE
1370,30,0.0,16020,NY_PRE
1375,30,0.0,16020,NY_PRE
1380,30,0.0,16020,NY_PRE
1385,30,0.0,16020,NY_PRE
1390,30,0.0,16020,NY_PRE
1395,30,0.0,16020,NY_PRE
1400,30,0.0,16020,NY_PRE
1405,30,0.0,16020,NY_PRE
1410,30,0.0,16020,NY_PRE
1415,30,0.0,16020,NY_PRE
1420,30,0.0,16020,NY_PRE
1425,30,0.0,16020,NY_PRE
1430,30,0.0,16020,NY_PRE
1435,30,0.0,16020,NY_PRE
1440,30,0.0,16020,NY_PRE
1445,30,0.0,16020,NY_PRE
1450,30,0.0,16020,NY_PRE
1455,30,0.0,16020,NY_PRE
1460,30,0.0,16020,NY_PRE
1465,30,0.0,16020,NY_PRE
1470,30,0.0,16020,NY_PRE
1475,30,0.0,16020,NY_PRE
1480,30,0.0,16020,NY_PRE
1485,30,0.0,16020,NY_PRE
1490,30,0.0,16020,NY_PRE
1495,30,0.0,16020,NY_PRE
1500,30,0.0,16020,NY_PRE
1505,30,0.0,16020,NY_PRE
1510,30,0.0,16020,NY_PRE
1515,30,0.0,16020,NY_PRE
1520,30,0.0,16020,NY_PRE
1525,30,0.0,16020,NY_PRE
1530,30,0.0,16020,NY_PRE
1535,30,0.0,16020,NY_PRE
1540,30,0.0,16020,NY_PRE
1545,30,0.0,16020,NY_PRE
1550,30,0.0,16020,NY_PRE
1555,30,0.0,16020,NY_PRE
1560,30,0.0,16020,NY_PRE
1565,30,0.0,16020,NY_PRE
1570,30,0.0,16020,NY_PRE
1575,30,0.0,16020,NY_PRE
1580,30,0.0,16020,NY_PRE
1585,30,0.0,16020,NY_PRE
1590,30,0.0,16020,NY_PRE
1595,30,0.0,16020,NY_PRE
1600,30,0.0,16020,NY_PRE
1605,30,0.0,16020,NY_PRE
1610,30,0.0,16020,NY_PRE
1615,30,0.0,16020,NY_PRE
1620,30,0.0,16020,NY_PRE
1625,30,0.0,16020,NY_PRE
1630,30,0.0,16020,NY_PRE
1635,30,0.0,16020,NY_PRE
1640,30,0.0,16020,NY_PRE
1645,30,0.0,16020,NY_PRE
1650,30,0.0,16020,NY_PRE
1655,30,0.0,16020,NY_PRE
1660,30,0.0,16020,NY_PRE
1665,30,0.0,16020,NY_PRE
1670,30,0.0,16020,NY_PRE
1675,30,0.0,16020,NY_PRE
1680,30,0.0,16020,NY_PRE
1685,30,0.0,16020,NY_PRE
1690,30,0.0,16020,NY_PRE
1695,30,0.0,16020,NY_PRE
1700,30,0.0,16020,NY_PRE
1705,30,0.0,16020,NY_PRE
1710,30,0.0,16020,NY_PRE
1715,30,0.0,16020,NY_PRE
1720,30,0.0,16020,NY_PRE
1725,30,0.0,16020,NY_PRE
1730,30,0.0,16020,NY_PRE
1735,30,0.0,16020,NY_PRE
1740,30,0.0,16020,NY_PRE
1745,30,0.0,16020,NY_PRE
1750,30,0.0,16020,NY_PRE
1755,30,0.0,16020,NY_PRE
1760,30,0.0,16020,NY_PRE
1765,30,0.0,16020,NY_PRE
1770,30,0.0,16020,NY_PRE
1775,30,0.0,16020,NY_PRE
1780,30,0.0,16020,NY_PRE
1785,30,0.0,16020,NY_PRE
1790,30,0.0,16020,NY_PRE
1795,30,0.0,16020,NY_PRE
1800,30,0.0,16020,NY_PRE
1805,30,0.0,16020,NY_PRE
1810,30,0.0,16020,NY_PRE
1815,30,0.0,16020,NY_PRE
1820,30,0.0,16020,NY_PRE
1825,30,0.0,16020,NY_PRE
1830,30,0.0,16020,NY_PRE
1835,30,0.0,16020,NY_PRE
1840,30,0.0,16020,NY_PRE
1845,30,0.0,16020,NY_PRE
1850,30,0.0,16020,NY_PRE
1855,30,0.0,16020,NY_PRE
1860,30,0.0,16020,NY_PRE
1865,30,0.0,16020,NY_PRE
1870,30,0.0,16020,NY_PRE
1875,30,0.0,16020,NY_PRE
1880,30,0.0,16020,NY_PRE
1885,30,0.0,16020,NY_PRE
1890,30,0.0,16020,NY_PRE
1895,30,0.0,16020,NY_PRE
1900,30,0.0,16020,NY_PRE
1905,30,0.0,16020,NY_PRE
1910,30,0.0,16020,NY_PRE
1915,30,0.0,16020,NY_PRE
1920,30,0.0,16020,NY_PRE
1925,30,0.0,16020,NY_PRE
1930,30,0.0,16020,NY_PRE
1935,30,0.0,16020,NY_PRE
1940,30,0.0,16020,NY_PRE
1945,30,0.0,16020,NY_PRE
1950,30,0.0,16020,NY_PRE
1955,30,0.0,16020,NY_PRE
1960,30,0.0,16020,NY_PRE
1965,30,0.0,16020,NY_PRE
1970,30,0.0,16020,NY_PRE
1975,30,0.0,16020,NY_PRE
1980,30,0.0,16020,NY_PRE
1985,30,0.0,16020,NY_PRE
1990,30,0.0,16020,NY_PRE
1995,30,0.0,16020,NY_PRE
2000,30,0.0,16020,NY_PRE
50,30,0.481481,540,UNKNOWN
55,30,0.431481,540,UNKNOWN
60,30,0.357407,540,UNKNOWN
65,30,0.3,540,UNKNOWN
70,30,0.261111,540,UNKNOWN
75,30,0.218519,540,UNKNOWN
80,30,0.17963,540,UNKNOWN
85,30,0.157407,540,UNKNOWN
90,30,0.138889,540,UNKNOWN
95,30,0.111111,540,UNKNOWN
100,30,0.087037,540,UNKNOWN
105,30,0.066667,540,UNKNOWN
110,30,0.057407,540,UNKNOWN
115,30,0.042593,540,UNKNOWN
120,30,0.042593,540,UNKNOWN
125,30,0.031481,540,UNKNOWN
130,30,0.022222,540,UNKNOWN
135,30,0.018519,540,UNKNOWN
140,30,0.012963,540,UNKNOWN
145,30,0.012963,540,UNKNOWN
150,30,0.011111,540,UNKNOWN
155,30,0.007407,540,UNKNOWN
160,30,0.007407,540,UNKNOWN
165,30,0.003704,540,UNKNOWN
170,30,0.001852,540,UNKNOWN
175,30,0.001852,540,UNKNOWN
180,30,0.001852,540,UNKNOWN
185,30,0.001852,540,UNKNOWN
190,30,0.0,540,UNKNOWN
195,30,0.0,540,UNKNOWN
200,30,0.0,540,UNKNOWN
205,30,0.0,540,UNKNOWN
210,30,0.0,540,UNKNOWN
215,30,0.0,540,UNKNOWN
220,30,0.0,540,UNKNOWN
225,30,0.0,540,UNKNOWN
230,30,0.0,540,UNKNOWN
235,30,0.0,540,UNKNOWN
240,30,0.0,540,UNKNOWN
245,30,0.0,540,UNKNOWN
250,30,0.0,540,UNKNOWN
255,30,0.0,540,UNKNOWN
260,30,0.0,540,UNKNOWN
265,30,0.0,540,UNKNOWN
270,30,0.0,540,UNKNOWN
275,30,0.0,540,UNKNOWN
280,30,0.0,540,UNKNOWN
285,30,0.0,540,UNKNOWN
290,30,0.0,540,UNKNOWN
295,30,0.0,540,UNKNOWN
300,30,0.0,540,UNKNOWN
305,30,0.0,540,UNKNOWN
310,30,0.0,540,UNKNOWN
315,30,0.0,540,UNKNOWN
320,30,0.0,540,UNKNOWN
325,30,0.0,540,UNKNOWN
330,30,0.0,540,UNKNOWN
335,30,0.0,540,UNKNOWN
340,30,0.0,540,UNKNOWN
345,30,0.0,540,UNKNOWN
350,30,0.0,540,UNKNOWN
355,30,0.0,540,UNKNOWN
360,30,0.0,540,UNKNOWN
365,30,0.0,540,UNKNOWN
370,30,0.0,540,UNKNOWN
375,30,0.0,540,UNKNOWN
380,30,0.0,540,UNKNOWN
385,30,0.0,540,UNKNOWN
390,30,0.0,540,UNKNOWN
395,30,0.0,540,UNKNOWN
400,30,0.0,540,UNKNOWN
405,30,0.0,540,UNKNOWN
410,30,0.0,540,UNKNOWN
415,30,0.0,540,UNKNOWN
420,30,0.0,540,UNKNOWN
425,30,0.0,540,UNKNOWN
430,30,0.0,540,UNKNOWN
435,30,0.0,540,UNKNOWN
440,30,0.0,540,UNKNOWN
445,30,0.0,540,UNKNOWN
450,30,0.0,540,UNKNOWN
455,30,0.0,540,UNKNOWN
460,30,0.0,540,UNKNOWN
465,30,0.0,540,UNKNOWN
470,30,0.0,540,UNKNOWN
475,30,0.0,540,UNKNOWN
480,30,0.0,540,UNKNOWN
485,30,0.0,540,UNKNOWN
490,30,0.0,540,UNKNOWN
495,30,0.0,540,UNKNOWN
500,30,0.0,540,UNKNOWN
505,30,0.0,540,UNKNOWN
510,30,0.0,540,UNKNOWN
515,30,0.0,540,UNKNOWN
520,30,0.0,540,UNKNOWN
525,30,0.0,540,UNKNOWN
530,30,0.0,540,UNKNOWN
535,30,0.0,540,UNKNOWN
540,30,0.0,540,UNKNOWN
545,30,0.0,540,UNKNOWN
550,30,0.0,540,UNKNOWN
555,30,0.0,540,UNKNOWN
560,30,0.0,540,UNKNOWN
565,30,0.0,540,UNKNOWN
570,30,0.0,540,UNKNOWN
575,30,0.0,540,UNKNOWN
580,30,0.0,540,UNKNOWN
585,30,0.0,540,UNKNOWN
590,30,0.0,540,UNKNOWN
595,30,0.0,540,UNKNOWN
600,30,0.0,540,UNKNOWN
605,30,0.0,540,UNKNOWN
610,30,0.0,540,UNKNOWN
615,30,0.0,540,UNKNOWN
620,30,0.0,540,UNKNOWN
625,30,0.0,540,UNKNOWN
630,30,0.0,540,UNKNOWN
635,30,0.0,540,UNKNOWN
640,30,0.0,540,UNKNOWN
645,30,0.0,540,UNKNOWN
650,30,0.0,540,UNKNOWN
655,30,0.0,540,UNKNOWN
660,30,0.0,540,UNKNOWN
665,30,0.0,540,UNKNOWN
670,30,0.0,540,UNKNOWN
675,30,0.0,540,UNKNOWN
680,30,0.0,540,UNKNOWN
685,30,0.0,540,UNKNOWN
690,30,0.0,540,UNKNOWN
695,30,0.0,540,UNKNOWN
700,30,0.0,540,UNKNOWN
705,30,0.0,540,UNKNOWN
710,30,0.0,540,UNKNOWN
715,30,0.0,540,UNKNOWN
720,30,0.0,540,UNKNOWN
725,30,0.0,540,UNKNOWN
730,30,0.0,540,UNKNOWN
735,30,0.0,540,UNKNOWN
740,30,0.0,540,UNKNOWN
745,30,0.0,540,UNKNOWN
750,30,0.0,540,UNKNOWN
755,30,0.0,540,UNKNOWN
760,30,0.0,540,UNKNOWN
765,30,0.0,540,UNKNOWN
770,30,0.0,540,UNKNOWN
775,30,0.0,540,UNKNOWN
780,30,0.0,540,UNKNOWN
785,30,0.0,540,UNKNOWN
790,30,0.0,540,UNKNOWN
795,30,0.0,540,UNKNOWN
800,30,0.0,540,UNKNOWN
805,30,0.0,540,UNKNOWN
810,30,0.0,540,UNKNOWN
815,30,0.0,540,UNKNOWN
820,30,0.0,540,UNKNOWN
825,30,0.0,540,UNKNOWN
830,30,0.0,540,UNKNOWN
835,30,0.0,540,UNKNOWN
840,30,0.0,540,UNKNOWN
845,30,0.0,540,UNKNOWN
850,30,0.0,540,UNKNOWN
855,30,0.0,540,UNKNOWN
860,30,0.0,540,UNKNOWN
865,30,0.0,540,UNKNOWN
870,30,0.0,540,UNKNOWN
875,30,0.0,540,UNKNOWN
880,30,0.0,540,UNKNOWN
885,30,0.0,540,UNKNOWN
890,30,0.0,540,UNKNOWN
895,30,0.0,540,UNKNOWN
900,30,0.0,540,UNKNOWN
905,30,0.0,540,UNKNOWN
910,30,0.0,540,UNKNOWN
915,30,0.0,540,UNKNOWN
920,30,0.0,540,UNKNOWN
925,30,0.0,540,UNKNOWN
930,30,0.0,540,UNKNOWN
935,30,0.0,540,UNKNOWN
940,30,0.0,540,UNKNOWN
945,30,0.0,540,UNKNOWN
950,30,0.0,540,UNKNOWN
955,30,0.0,540,UNKNOWN
960,30,0.0,540,UNKNOWN
965,30,0.0,540,UNKNOWN
970,30,0.0,540,UNKNOWN
975,30,0.0,540,UNKNOWN
980,30,0.0,540,UNKNOWN
985,30,0.0,540,UNKNOWN
990,30,0.0,540,UNKNOWN
995,30,0.0,540,UNKNOWN
1000,30,0.0,540,UNKNOWN
1005,30,0.0,540,UNKNOWN
1010,30,0.0,540,UNKNOWN
1015,30,0.0,540,UNKNOWN
1020,30,0.0,540,UNKNOWN
1025,30,0.0,540,UNKNOWN
1030,30,0.0,540,UNKNOWN
1035,30,0.0,540,UNKNOWN
1040,30,0.0,540,UNKNOWN
1045,30,0.0,540,UNKNOWN
1050,30,0.0,540,UNKNOWN
1055,30,0.0,540,UNKNOWN
1060,30,0.0,540,UNKNOWN
1065,30,0.0,540,UNKNOWN
1070,30,0.0,540,UNKNOWN
1075,30,0.0,540,UNKNOWN
1080,30,0.0,540,UNKNOWN
1085,30,0.0,540,UNKNOWN
1090,30,0.0,540,UNKNOWN
1095,30,0.0,540,UNKNOWN
1100,30,0.0,540,UNKNOWN
1105,30,0.0,540,UNKNOWN
1110,30,0.0,540,UNKNOWN
1115,30,0.0,540,UNKNOWN
1120,30,0.0,540,UNKNOWN
1125,30,0.0,540,UNKNOWN
1130,30,0.0,540,UNKNOWN
1135,30,0.0,540,UNKNOWN
1140,30,0.0,540,UNKNOWN
1145,30,0.0,540,UNKNOWN
1150,30,0.0,540,UNKNOWN
1155,30,0.0,540,UNKNOWN
1160,30,0.0,540,UNKNOWN
1165,30,0.0,540,UNKNOWN
1170,30,0.0,540,UNKNOWN
1175,30,0.0,540,UNKNOWN
1180,30,0.0,540,UNKNOWN
1185,30,0.0,540,UNKNOWN
1190,30,0.0,540,UNKNOWN
1195,30,0.0,540,UNKNOWN
1200,30,0.0,540,UNKNOWN
1205,30,0.0,540,UNKNOWN
1210,30,0.0,540,UNKNOWN
1215,30,0.0,540,UNKNOWN
1220,30,0.0,540,UNKNOWN
1225,30,0.0,540,UNKNOWN
1230,30,0.0,540,UNKNOWN
1235,30,0.0,540,UNKNOWN
1240,30,0.0,540,UNKNOWN
1245,30,0.0,540,UNKNOWN
1250,30,0.0,540,UNKNOWN
1255,30,0.0,540,UNKNOWN
1260,30,0.0,540,UNKNOWN
1265,30,0.0,540,UNKNOWN
1270,30,0.0,540,UNKNOWN
1275,30,0.0,540,UNKNOWN
1280,30,0.0,540,UNKNOWN
1285,30,0.0,540,UNKNOWN
1290,30,0.0,540,UNKNOWN
1295,30,0.0,540,UNKNOWN
1300,30,0.0,540,UNKNOWN
1305,30,0.0,540,UNKNOWN
1310,30,0.0,540,UNKNOWN
1315,30,0.0,540,UNKNOWN
1320,30,0.0,540,UNKNOWN
1325,30,0.0,540,UNKNOWN
1330,30,0.0,540,UNKNOWN
1335,30,0.0,540,UNKNOWN
1340,30,0.0,540,UNKNOWN
1345,30,0.0,540,UNKNOWN
1350,30,0.0,540,UNKNOWN
1355,30,0.0,540,UNKNOWN
1360,30,0.0,540,UNKNOWN
1365,30,0.0,540,UNKNOWN
1370,30,0.0,540,UNKNOWN
1375,30,0.0,540,UNKNOWN
1380,30,0.0,540,UNKNOWN
1385,30,0.0,540,UNKNOWN
1390,30,0.0,540,UNKNOWN
1395,30,0.0,540,UNKNOWN
1400,30,0.0,540,UNKNOWN
1405,30,0.0,540,UNKNOWN
1410,30,0.0,540,UNKNOWN
1415,30,0.0,540,UNKNOWN
1420,30,0.0,540,UNKNOWN
1425,30,0.0,540,UNKNOWN
1430,30,0.0,540,UNKNOWN
1435,30,0.0,540,UNKNOWN
1440,30,0.0,540,UNKNOWN
1445,30,0.0,540,UNKNOWN
1450,30,0.0,540,UNKNOWN
1455,30,0.0,540,UNKNOWN
1460,30,0.0,540,UNKNOWN
1465,30,0.0,540,UNKNOWN
1470,30,0.0,540,UNKNOWN
1475,30,0.0,540,UNKNOWN
1480,30,0.0,540,UNKNOWN
1485,30,0.0,540,UNKNOWN
1490,30,0.0,540,UNKNOWN
1495,30,0.0,540,UNKNOWN
1500,30,0.0,540,UNKNOWN
1505,30,0.0,540,UNKNOWN
1510,30,0.0,540,UNKNOWN
1515,30,0.0,540,UNKNOWN
1520,30,0.0,540,UNKNOWN
1525,30,0.0,540,UNKNOWN
1530,30,0.0,540,UNKNOWN
1535,30,0.0,540,UNKNOWN
1540,30,0.0,540,UNKNOWN
1545,30,0.0,540,UNKNOWN
1550,30,0.0,540,UNKNOWN
1555,30,0.0,540,UNKNOWN
1560,30,0.0,540,UNKNOWN
1565,30,0.0,540,UNKNOWN
1570,30,0.0,540,UNKNOWN
1575,30,0.0,540,UNKNOWN
1580,30,0.0,540,UNKNOWN
1585,30,0.0,540,UNKNOWN
1590,30,0.0,540,UNKNOWN
1595,30,0.0,540,UNKNOWN
1600,30,0.0,540,UNKNOWN
1605,30,0.0,540,UNKNOWN
1610,30,0.0,540,UNKNOWN
1615,30,0.0,540,UNKNOWN
1620,30,0.0,540,UNKNOWN
1625,30,0.0,540,UNKNOWN
1630,30,0.0,540,UNKNOWN
1635,30,0.0,540,UNKNOWN
1640,30,0.0,540,UNKNOWN
1645,30,0.0,540,UNKNOWN
1650,30,0.0,540,UNKNOWN
1655,30,0.0,540,UNKNOWN
1660,30,0.0,540,UNKNOWN
1665,30,0.0,540,UNKNOWN
1670,30,0.0,540,UNKNOWN
1675,30,0.0,540,UNKNOWN
1680,30,0.0,540,UNKNOWN
1685,30,0.0,540,UNKNOWN
1690,30,0.0,540,UNKNOWN
1695,30,0.0,540,UNKNOWN
1700,30,0.0,540,UNKNOWN
1705,30,0.0,540,UNKNOWN
1710,30,0.0,540,UNKNOWN
1715,30,0.0,540,UNKNOWN
1720,30,0.0,540,UNKNOWN
1725,30,0.0,540,UNKNOWN
1730,30,0.0,540,UNKNOWN
1735,30,0.0,540,UNKNOWN
1740,30,0.0,540,UNKNOWN
1745,30,0.0,540,UNKNOWN
1750,30,0.0,540,UNKNOWN
1755,30,0.0,540,UNKNOWN
1760,30,0.0,540,UNKNOWN
1765,30,0.0,540,UNKNOWN
1770,30,0.0,540,UNKNOWN
1775,30,0.0,540,UNKNOWN
1780,30,0.0,540,UNKNOWN
1785,30,0.0,540,UNKNOWN
1790,30,0.0,540,UNKNOWN
1795,30,0.0,540,UNKNOWN
1800,30,0.0,540,UNKNOWN
1805,30,0.0,540,UNKNOWN
1810,30,0.0,540,UNKNOWN
1815,30,0.0,540,UNKNOWN
1820,30,0.0,540,UNKNOWN
1825,30,0.0,540,UNKNOWN
1830,30,0.0,540,UNKNOWN
1835,30,0.0,540,UNKNOWN
1840,30,0.0,540,UNKNOWN
1845,30,0.0,540,UNKNOWN
1850,30,0.0,540,UNKNOWN
1855,30,0.0,540,UNKNOWN
1860,30,0.0,540,UNKNOWN
1865,30,0.0,540,UNKNOWN
1870,30,0.0,540,UNKNOWN
1875,30,0.0,540,UNKNOWN
1880,30,0.0,540,UNKNOWN
1885,30,0.0,540,UNKNOWN
1890,30,0.0,540,UNKNOWN
1895,30,0.0,540,UNKNOWN
1900,30,0.0,540,UNKNOWN
1905,30,0.0,540,UNKNOWN
1910,30,0.0,540,UNKNOWN
1915,30,0.0,540,UNKNOWN
1920,30,0.0,540,UNKNOWN
1925,30,0.0,540,UNKNOWN
1930,30,0.0,540,UNKNOWN
1935,30,0.0,540,UNKNOWN
1940,30,0.0,540,UNKNOWN
1945,30,0.0,540,UNKNOWN
1950,30,0.0,540,UNKNOWN
1955,30,0.0,540,UNKNOWN
1960,30,0.0,540,UNKNOWN
1965,30,0.0,540,UNKNOWN
1970,30,0.0,540,UNKNOWN
1975,30,0.0,540,UNKNOWN
1980,30,0.0,540,UNKNOWN
1985,30,0.0,540,UNKNOWN
1990,30,0.0,540,UNKNOWN
1995,30,0.0,540,UNKNOWN
2000,30,0.0,540,UNKNOWN
50,60,0.634235,259199,ALL
55,60,0.566117,259199,ALL
60,60,0.502922,259199,ALL
65,60,0.44435,259199,ALL
70,60,0.391197,259199,ALL
75,60,0.343609,259199,ALL
80,60,0.299801,259199,ALL
85,60,0.260622,259199,ALL
90,60,0.225881,259199,ALL
95,60,0.195012,259199,ALL
100,60,0.168604,259199,ALL
105,60,0.144696,259199,ALL
110,60,0.124426,259199,ALL
115,60,0.107165,259199,ALL
120,60,0.092172,259199,ALL
125,60,0.07924,259199,ALL
130,60,0.067813,259199,ALL
135,60,0.057427,259199,ALL
140,60,0.049043,259199,ALL
145,60,0.041682,259199,ALL
150,60,0.035332,259199,ALL
155,60,0.029769,259199,ALL
160,60,0.025135,259199,ALL
165,60,0.021161,259199,ALL
170,60,0.017955,259199,ALL
175,60,0.015062,259199,ALL
180,60,0.012577,259199,ALL
185,60,0.010575,259199,ALL
190,60,0.008928,259199,ALL
195,60,0.007512,259199,ALL
200,60,0.006424,259199,ALL
205,60,0.005378,259199,ALL
210,60,0.004541,259199,ALL
215,60,0.003812,259199,ALL
220,60,0.003237,259199,ALL
225,60,0.002693,259199,ALL
230,60,0.002303,259199,ALL
235,60,0.001944,259199,ALL
240,60,0.001636,259199,ALL
245,60,0.001343,259199,ALL
250,60,0.001127,259199,ALL
255,60,0.000957,259199,ALL
260,60,0.000787,259199,ALL
265,60,0.00066,259199,ALL
270,60,0.000544,259199,ALL
275,60,0.000448,259199,ALL
280,60,0.000397,259199,ALL
285,60,0.000293,259199,ALL
290,60,0.000231,259199,ALL
295,60,0.000201,259199,ALL
300,60,0.000162,259199,ALL
305,60,0.000131,259199,ALL
310,60,0.000116,259199,ALL
315,60,0.0001,259199,ALL
320,60,9.3e-05,259199,ALL
325,60,7.3e-05,259199,ALL
330,60,6.9e-05,259199,ALL
335,60,6.6e-05,259199,ALL
340,60,5.4e-05,259199,ALL
345,60,3.5e-05,259199,ALL
350,60,3.1e-05,259199,ALL
355,60,2.7e-05,259199,ALL
360,60,1.9e-05,259199,ALL
365,60,1.2e-05,259199,ALL
370,60,8e-06,259199,ALL
375,60,8e-06,259199,ALL
380,60,8e-06,259199,ALL
385,60,8e-06,259199,ALL
390,60,8e-06,259199,ALL
395,60,8e-06,259199,ALL
400,60,8e-06,259199,ALL
405,60,8e-06,259199,ALL
410,60,4e-06,259199,ALL
415,60,4e-06,259199,ALL
420,60,4e-06,259199,ALL
425,60,0.0,259199,ALL
430,60,0.0,259199,ALL
435,60,0.0,259199,ALL
440,60,0.0,259199,ALL
445,60,0.0,259199,ALL
450,60,0.0,259199,ALL
455,60,0.0,259199,ALL
460,60,0.0,259199,ALL
465,60,0.0,259199,ALL
470,60,0.0,259199,ALL
475,60,0.0,259199,ALL
480,60,0.0,259199,ALL
485,60,0.0,259199,ALL
490,60,0.0,259199,ALL
495,60,0.0,259199,ALL
500,60,0.0,259199,ALL
505,60,0.0,259199,ALL
510,60,0.0,259199,ALL
515,60,0.0,259199,ALL
520,60,0.0,259199,ALL
525,60,0.0,259199,ALL
530,60,0.0,259199,ALL
535,60,0.0,259199,ALL
540,60,0.0,259199,ALL
545,60,0.0,259199,ALL
550,60,0.0,259199,ALL
555,60,0.0,259199,ALL
560,60,0.0,259199,ALL
565,60,0.0,259199,ALL
570,60,0.0,259199,ALL
575,60,0.0,259199,ALL
580,60,0.0,259199,ALL
585,60,0.0,259199,ALL
590,60,0.0,259199,ALL
595,60,0.0,259199,ALL
600,60,0.0,259199,ALL
605,60,0.0,259199,ALL
610,60,0.0,259199,ALL
615,60,0.0,259199,ALL
620,60,0.0,259199,ALL
625,60,0.0,259199,ALL
630,60,0.0,259199,ALL
635,60,0.0,259199,ALL
640,60,0.0,259199,ALL
645,60,0.0,259199,ALL
650,60,0.0,259199,ALL
655,60,0.0,259199,ALL
660,60,0.0,259199,ALL
665,60,0.0,259199,ALL
670,60,0.0,259199,ALL
675,60,0.0,259199,ALL
680,60,0.0,259199,ALL
685,60,0.0,259199,ALL
690,60,0.0,259199,ALL
695,60,0.0,259199,ALL
700,60,0.0,259199,ALL
705,60,0.0,259199,ALL
710,60,0.0,259199,ALL
715,60,0.0,259199,ALL
720,60,0.0,259199,ALL
725,60,0.0,259199,ALL
730,60,0.0,259199,ALL
735,60,0.0,259199,ALL
740,60,0.0,259199,ALL
745,60,0.0,259199,ALL
750,60,0.0,259199,ALL
755,60,0.0,259199,ALL
760,60,0.0,259199,ALL
765,60,0.0,259199,ALL
770,60,0.0,259199,ALL
775,60,0.0,259199,ALL
780,60,0.0,259199,ALL
785,60,0.0,259199,ALL
790,60,0.0,259199,ALL
795,60,0.0,259199,ALL
800,60,0.0,259199,ALL
805,60,0.0,259199,ALL
810,60,0.0,259199,ALL
815,60,0.0,259199,ALL
820,60,0.0,259199,ALL
825,60,0.0,259199,ALL
830,60,0.0,259199,ALL
835,60,0.0,259199,ALL
840,60,0.0,259199,ALL
845,60,0.0,259199,ALL
850,60,0.0,259199,ALL
855,60,0.0,259199,ALL
860,60,0.0,259199,ALL
865,60,0.0,259199,ALL
870,60,0.0,259199,ALL
875,60,0.0,259199,ALL
880,60,0.0,259199,ALL
885,60,0.0,259199,ALL
890,60,0.0,259199,ALL
895,60,0.0,259199,ALL
900,60,0.0,259199,ALL
905,60,0.0,259199,ALL
910,60,0.0,259199,ALL
915,60,0.0,259199,ALL
920,60,0.0,259199,ALL
925,60,0.0,259199,ALL
930,60,0.0,259199,ALL
935,60,0.0,259199,ALL
940,60,0.0,259199,ALL
945,60,0.0,259199,ALL
950,60,0.0,259199,ALL
955,60,0.0,259199,ALL
960,60,0.0,259199,ALL
965,60,0.0,259199,ALL
970,60,0.0,259199,ALL
975,60,0.0,259199,ALL
980,60,0.0,259199,ALL
985,60,0.0,259199,ALL
990,60,0.0,259199,ALL
995,60,0.0,259199,ALL
1000,60,0.0,259199,ALL
1005,60,0.0,259199,ALL
1010,60,0.0,259199,ALL
1015,60,0.0,259199,ALL
1020,60,0.0,259199,ALL
1025,60,0.0,259199,ALL
1030,60,0.0,259199,ALL
1035,60,0.0,259199,ALL
1040,60,0.0,259199,ALL
1045,60,0.0,259199,ALL
1050,60,0.0,259199,ALL
1055,60,0.0,259199,ALL
1060,60,0.0,259199,ALL
1065,60,0.0,259199,ALL
1070,60,0.0,259199,ALL
1075,60,0.0,259199,ALL
1080,60,0.0,259199,ALL
1085,60,0.0,259199,ALL
1090,60,0.0,259199,ALL
1095,60,0.0,259199,ALL
1100,60,0.0,259199,ALL
1105,60,0.0,259199,ALL
1110,60,0.0,259199,ALL
1115,60,0.0,259199,ALL
1120,60,0.0,259199,ALL
1125,60,0.0,259199,ALL
1130,60,0.0,259199,ALL
1135,60,0.0,259199,ALL
1140,60,0.0,259199,ALL
1145,60,0.0,259199,ALL
1150,60,0.0,259199,ALL
1155,60,0.0,259199,ALL
1160,60,0.0,259199,ALL
1165,60,0.0,259199,ALL
1170,60,0.0,259199,ALL
1175,60,0.0,259199,ALL
1180,60,0.0,259199,ALL
1185,60,0.0,259199,ALL
1190,60,0.0,259199,ALL
1195,60,0.0,259199,ALL
1200,60,0.0,259199,ALL
1205,60,0.0,259199,ALL
1210,60,0.0,259199,ALL
1215,60,0.0,259199,ALL
1220,60,0.0,259199,ALL
1225,60,0.0,259199,ALL
1230,60,0.0,259199,ALL
1235,60,0.0,259199,ALL
1240,60,0.0,259199,ALL
1245,60,0.0,259199,ALL
1250,60,0.0,259199,ALL
1255,60,0.0,259199,ALL
1260,60,0.0,259199,ALL
1265,60,0.0,259199,ALL
1270,60,0.0,259199,ALL
1275,60,0.0,259199,ALL
1280,60,0.0,259199,ALL
1285,60,0.0,259199,ALL
1290,60,0.0,259199,ALL
1295,60,0.0,259199,ALL
1300,60,0.0,259199,ALL
1305,60,0.0,259199,ALL
1310,60,0.0,259199,ALL
1315,60,0.0,259199,ALL
1320,60,0.0,259199,ALL
1325,60,0.0,259199,ALL
1330,60,0.0,259199,ALL
1335,60,0.0,259199,ALL
1340,60,0.0,259199,ALL
1345,60,0.0,259199,ALL
1350,60,0.0,259199,ALL
1355,60,0.0,259199,ALL
1360,60,0.0,259199,ALL
1365,60,0.0,259199,ALL
1370,60,0.0,259199,ALL
1375,60,0.0,259199,ALL
1380,60,0.0,259199,ALL
1385,60,0.0,259199,ALL
1390,60,0.0,259199,ALL
1395,60,0.0,259199,ALL
1400,60,0.0,259199,ALL
1405,60,0.0,259199,ALL
1410,60,0.0,259199,ALL
1415,60,0.0,259199,ALL
1420,60,0.0,259199,ALL
1425,60,0.0,259199,ALL
1430,60,0.0,259199,ALL
1435,60,0.0,259199,ALL
1440,60,0.0,259199,ALL
1445,60,0.0,259199,ALL
1450,60,0.0,259199,ALL
1455,60,0.0,259199,ALL
1460,60,0.0,259199,ALL
1465,60,0.0,259199,ALL
1470,60,0.0,259199,ALL
1475,60,0.0,259199,ALL
1480,60,0.0,259199,ALL
1485,60,0.0,259199,ALL
1490,60,0.0,259199,ALL
1495,60,0.0,259199,ALL
1500,60,0.0,259199,ALL
1505,60,0.0,259199,ALL
1510,60,0.0,259199,ALL
1515,60,0.0,259199,ALL
1520,60,0.0,259199,ALL
1525,60,0.0,259199,ALL
1530,60,0.0,259199,ALL
1535,60,0.0,259199,ALL
1540,60,0.0,259199,ALL
1545,60,0.0,259199,ALL
1550,60,0.0,259199,ALL
1555,60,0.0,259199,ALL
1560,60,0.0,259199,ALL
1565,60,0.0,259199,ALL
1570,60,0.0,259199,ALL
1575,60,0.0,259199,ALL
1580,60,0.0,259199,ALL
1585,60,0.0,259199,ALL
1590,60,0.0,259199,ALL
1595,60,0.0,259199,ALL
1600,60,0.0,259199,ALL
1605,60,0.0,259199,ALL
1610,60,0.0,259199,ALL
1615,60,0.0,259199,ALL
1620,60,0.0,259199,ALL
1625,60,0.0,259199,ALL
1630,60,0.0,259199,ALL
1635,60,0.0,259199,ALL
1640,60,0.0,259199,ALL
1645,60,0.0,259199,ALL
1650,60,0.0,259199,ALL
1655,60,0.0,259199,ALL
1660,60,0.0,259199,ALL
1665,60,0.0,259199,ALL
1670,60,0.0,259199,ALL
1675,60,0.0,259199,ALL
1680,60,0.0,259199,ALL
1685,60,0.0,259199,ALL
1690,60,0.0,259199,ALL
1695,60,0.0,259199,ALL
1700,60,0.0,259199,ALL
1705,60,0.0,259199,ALL
1710,60,0.0,259199,ALL
1715,60,0.0,259199,ALL
1720,60,0.0,259199,ALL
1725,60,0.0,259199,ALL
1730,60,0.0,259199,ALL
1735,60,0.0,259199,ALL
1740,60,0.0,259199,ALL
1745,60,0.0,259199,ALL
1750,60,0.0,259199,ALL
1755,60,0.0,259199,ALL
1760,60,0.0,259199,ALL
1765,60,0.0,259199,ALL
1770,60,0.0,259199,ALL
1775,60,0.0,259199,ALL
1780,60,0.0,259199,ALL
1785,60,0.0,259199,ALL
1790,60,0.0,259199,ALL
1795,60,0.0,259199,ALL
1800,60,0.0,259199,ALL
1805,60,0.0,259199,ALL
1810,60,0.0,259199,ALL
1815,60,0.0,259199,ALL
1820,60,0.0,259199,ALL
1825,60,0.0,259199,ALL
1830,60,0.0,259199,ALL
1835,60,0.0,259199,ALL
1840,60,0.0,259199,ALL
1845,60,0.0,259199,ALL
1850,60,0.0,259199,ALL
1855,60,0.0,259199,ALL
1860,60,0.0,259199,ALL
1865,60,0.0,259199,ALL
1870,60,0.0,259199,ALL
1875,60,0.0,259199,ALL
1880,60,0.0,259199,ALL
1885,60,0.0,259199,ALL
1890,60,0.0,259199,ALL
1895,60,0.0,259199,ALL
1900,60,0.0,259199,ALL
1905,60,0.0,259199,ALL
1910,60,0.0,259199,ALL
1915,60,0.0,259199,ALL
1920,60,0.0,259199,ALL
1925,60,0.0,259199,ALL
1930,60,0.0,259199,ALL
1935,60,0.0,259199,ALL
1940,60,0.0,259199,ALL
1945,60,0.0,259199,ALL
1950,60,0.0,259199,ALL
1955,60,0.0,259199,ALL
1960,60,0.0,259199,ALL
1965,60,0.0,259199,ALL
1970,60,0.0,259199,ALL
1975,60,0.0,259199,ALL
1980,60,0.0,259199,ALL
1985,60,0.0,259199,ALL
1990,60,0.0,259199,ALL
1995,60,0.0,259199,ALL
2000,60,0.0,259199,ALL
50,60,0.515824,70020,ASIA
55,60,0.443216,70020,ASIA
60,60,0.377992,70020,ASIA
65,60,0.320508,70020,ASIA
70,60,0.270094,70020,ASIA
75,60,0.227149,70020,ASIA
80,60,0.18876,70020,ASIA
85,60,0.157612,70020,ASIA
90,60,0.130463,70020,ASIA
95,60,0.106698,70020,ASIA
100,60,0.086932,70020,ASIA
105,60,0.071294,70020,ASIA
110,60,0.058155,70020,ASIA
115,60,0.047229,70020,ASIA
120,60,0.037932,70020,ASIA
125,60,0.030463,70020,ASIA
130,60,0.02435,70020,ASIA
135,60,0.018852,70020,ASIA
140,60,0.014967,70020,ASIA
145,60,0.011825,70020,ASIA
150,60,0.009226,70020,ASIA
155,60,0.006998,70020,ASIA
160,60,0.005484,70020,ASIA
165,60,0.004127,70020,ASIA
170,60,0.003085,70020,ASIA
175,60,0.002314,70020,ASIA
180,60,0.001799,70020,ASIA
185,60,0.001414,70020,ASIA
190,60,0.001143,70020,ASIA
195,60,0.000885,70020,ASIA
200,60,0.0007,70020,ASIA
205,60,0.0006,70020,ASIA
210,60,0.0005,70020,ASIA
215,60,0.000414,70020,ASIA
220,60,0.000314,70020,ASIA
225,60,0.000186,70020,ASIA
230,60,0.000143,70020,ASIA
235,60,0.000143,70020,ASIA
240,60,0.000114,70020,ASIA
245,60,7.1e-05,70020,ASIA
250,60,4.3e-05,70020,ASIA
255,60,4.3e-05,70020,ASIA
260,60,2.9e-05,70020,ASIA
265,60,2.9e-05,70020,ASIA
270,60,1.4e-05,70020,ASIA
275,60,0.0,70020,ASIA
280,60,0.0,70020,ASIA
285,60,0.0,70020,ASIA
290,60,0.0,70020,ASIA
295,60,0.0,70020,ASIA
300,60,0.0,70020,ASIA
305,60,0.0,70020,ASIA
310,60,0.0,70020,ASIA
315,60,0.0,70020,ASIA
320,60,0.0,70020,ASIA
325,60,0.0,70020,ASIA
330,60,0.0,70020,ASIA
335,60,0.0,70020,ASIA
340,60,0.0,70020,ASIA
345,60,0.0,70020,ASIA
350,60,0.0,70020,ASIA
355,60,0.0,70020,ASIA
360,60,0.0,70020,ASIA
365,60,0.0,70020,ASIA
370,60,0.0,70020,ASIA
375,60,0.0,70020,ASIA
380,60,0.0,70020,ASIA
385,60,0.0,70020,ASIA
390,60,0.0,70020,ASIA
395,60,0.0,70020,ASIA
400,60,0.0,70020,ASIA
405,60,0.0,70020,ASIA
410,60,0.0,70020,ASIA
415,60,0.0,70020,ASIA
420,60,0.0,70020,ASIA
425,60,0.0,70020,ASIA
430,60,0.0,70020,ASIA
435,60,0.0,70020,ASIA
440,60,0.0,70020,ASIA
445,60,0.0,70020,ASIA
450,60,0.0,70020,ASIA
455,60,0.0,70020,ASIA
460,60,0.0,70020,ASIA
465,60,0.0,70020,ASIA
470,60,0.0,70020,ASIA
475,60,0.0,70020,ASIA
480,60,0.0,70020,ASIA
485,60,0.0,70020,ASIA
490,60,0.0,70020,ASIA
495,60,0.0,70020,ASIA
500,60,0.0,70020,ASIA
505,60,0.0,70020,ASIA
510,60,0.0,70020,ASIA
515,60,0.0,70020,ASIA
520,60,0.0,70020,ASIA
525,60,0.0,70020,ASIA
530,60,0.0,70020,ASIA
535,60,0.0,70020,ASIA
540,60,0.0,70020,ASIA
545,60,0.0,70020,ASIA
550,60,0.0,70020,ASIA
555,60,0.0,70020,ASIA
560,60,0.0,70020,ASIA
565,60,0.0,70020,ASIA
570,60,0.0,70020,ASIA
575,60,0.0,70020,ASIA
580,60,0.0,70020,ASIA
585,60,0.0,70020,ASIA
590,60,0.0,70020,ASIA
595,60,0.0,70020,ASIA
600,60,0.0,70020,ASIA
605,60,0.0,70020,ASIA
610,60,0.0,70020,ASIA
615,60,0.0,70020,ASIA
620,60,0.0,70020,ASIA
625,60,0.0,70020,ASIA
630,60,0.0,70020,ASIA
635,60,0.0,70020,ASIA
640,60,0.0,70020,ASIA
645,60,0.0,70020,ASIA
650,60,0.0,70020,ASIA
655,60,0.0,70020,ASIA
660,60,0.0,70020,ASIA
665,60,0.0,70020,ASIA
670,60,0.0,70020,ASIA
675,60,0.0,70020,ASIA
680,60,0.0,70020,ASIA
685,60,0.0,70020,ASIA
690,60,0.0,70020,ASIA
695,60,0.0,70020,ASIA
700,60,0.0,70020,ASIA
705,60,0.0,70020,ASIA
710,60,0.0,70020,ASIA
715,60,0.0,70020,ASIA
720,60,0.0,70020,ASIA
725,60,0.0,70020,ASIA
730,60,0.0,70020,ASIA
735,60,0.0,70020,ASIA
740,60,0.0,70020,ASIA
745,60,0.0,70020,ASIA
750,60,0.0,70020,ASIA
755,60,0.0,70020,ASIA
760,60,0.0,70020,ASIA
765,60,0.0,70020,ASIA
770,60,0.0,70020,ASIA
775,60,0.0,70020,ASIA
780,60,0.0,70020,ASIA
785,60,0.0,70020,ASIA
790,60,0.0,70020,ASIA
795,60,0.0,70020,ASIA
800,60,0.0,70020,ASIA
805,60,0.0,70020,ASIA
810,60,0.0,70020,ASIA
815,60,0.0,70020,ASIA
820,60,0.0,70020,ASIA
825,60,0.0,70020,ASIA
830,60,0.0,70020,ASIA
835,60,0.0,70020,ASIA
840,60,0.0,70020,ASIA
845,60,0.0,70020,ASIA
850,60,0.0,70020,ASIA
855,60,0.0,70020,ASIA
860,60,0.0,70020,ASIA
865,60,0.0,70020,ASIA
870,60,0.0,70020,ASIA
875,60,0.0,70020,ASIA
880,60,0.0,70020,ASIA
885,60,0.0,70020,ASIA
890,60,0.0,70020,ASIA
895,60,0.0,70020,ASIA
900,60,0.0,70020,ASIA
905,60,0.0,70020,ASIA
910,60,0.0,70020,ASIA
915,60,0.0,70020,ASIA
920,60,0.0,70020,ASIA
925,60,0.0,70020,ASIA
930,60,0.0,70020,ASIA
935,60,0.0,70020,ASIA
940,60,0.0,70020,ASIA
945,60,0.0,70020,ASIA
950,60,0.0,70020,ASIA
955,60,0.0,70020,ASIA
960,60,0.0,70020,ASIA
965,60,0.0,70020,ASIA
970,60,0.0,70020,ASIA
975,60,0.0,70020,ASIA
980,60,0.0,70020,ASIA
985,60,0.0,70020,ASIA
990,60,0.0,70020,ASIA
995,60,0.0,70020,ASIA
1000,60,0.0,70020,ASIA
1005,60,0.0,70020,ASIA
1010,60,0.0,70020,ASIA
1015,60,0.0,70020,ASIA
1020,60,0.0,70020,ASIA
1025,60,0.0,70020,ASIA
1030,60,0.0,70020,ASIA
1035,60,0.0,70020,ASIA
1040,60,0.0,70020,ASIA
1045,60,0.0,70020,ASIA
1050,60,0.0,70020,ASIA
1055,60,0.0,70020,ASIA
1060,60,0.0,70020,ASIA
1065,60,0.0,70020,ASIA
1070,60,0.0,70020,ASIA
1075,60,0.0,70020,ASIA
1080,60,0.0,70020,ASIA
1085,60,0.0,70020,ASIA
1090,60,0.0,70020,ASIA
1095,60,0.0,70020,ASIA
1100,60,0.0,70020,ASIA
1105,60,0.0,70020,ASIA
1110,60,0.0,70020,ASIA
1115,60,0.0,70020,ASIA
1120,60,0.0,70020,ASIA
1125,60,0.0,70020,ASIA
1130,60,0.0,70020,ASIA
1135,60,0.0,70020,ASIA
1140,60,0.0,70020,ASIA
1145,60,0.0,70020,ASIA
1150,60,0.0,70020,ASIA
1155,60,0.0,70020,ASIA
1160,60,0.0,70020,ASIA
1165,60,0.0,70020,ASIA
1170,60,0.0,70020,ASIA
1175,60,0.0,70020,ASIA
1180,60,0.0,70020,ASIA
1185,60,0.0,70020,ASIA
1190,60,0.0,70020,ASIA
1195,60,0.0,70020,ASIA
1200,60,0.0,70020,ASIA
1205,60,0.0,70020,ASIA
1210,60,0.0,70020,ASIA
1215,60,0.0,70020,ASIA
1220,60,0.0,70020,ASIA
1225,60,0.0,70020,ASIA
1230,60,0.0,70020,ASIA
1235,60,0.0,70020,ASIA
1240,60,0.0,70020,ASIA
1245,60,0.0,70020,ASIA
1250,60,0.0,70020,ASIA
1255,60,0.0,70020,ASIA
1260,60,0.0,70020,ASIA
1265,60,0.0,70020,ASIA
1270,60,0.0,70020,ASIA
1275,60,0.0,70020,ASIA
1280,60,0.0,70020,ASIA
1285,60,0.0,70020,ASIA
1290,60,0.0,70020,ASIA
1295,60,0.0,70020,ASIA
1300,60,0.0,70020,ASIA
1305,60,0.0,70020,ASIA
1310,60,0.0,70020,ASIA
1315,60,0.0,70020,ASIA
1320,60,0.0,70020,ASIA
1325,60,0.0,70020,ASIA
1330,60,0.0,70020,ASIA
1335,60,0.0,70020,ASIA
1340,60,0.0,70020,ASIA
1345,60,0.0,70020,ASIA
1350,60,0.0,70020,ASIA
1355,60,0.0,70020,ASIA
1360,60,0.0,70020,ASIA
1365,60,0.0,70020,ASIA
1370,60,0.0,70020,ASIA
1375,60,0.0,70020,ASIA
1380,60,0.0,70020,ASIA
1385,60,0.0,70020,ASIA
1390,60,0.0,70020,ASIA
1395,60,0.0,70020,ASIA
1400,60,0.0,70020,ASIA
1405,60,0.0,70020,ASIA
1410,60,0.0,70020,ASIA
1415,60,0.0,70020,ASIA
1420,60,0.0,70020,ASIA
1425,60,0.0,70020,ASIA
1430,60,0.0,70020,ASIA
1435,60,0.0,70020,ASIA
1440,60,0.0,70020,ASIA
1445,60,0.0,70020,ASIA
1450,60,0.0,70020,ASIA
1455,60,0.0,70020,ASIA
1460,60,0.0,70020,ASIA
1465,60,0.0,70020,ASIA
1470,60,0.0,70020,ASIA
1475,60,0.0,70020,ASIA
1480,60,0.0,70020,ASIA
1485,60,0.0,70020,ASIA
1490,60,0.0,70020,ASIA
1495,60,0.0,70020,ASIA
1500,60,0.0,70020,ASIA
1505,60,0.0,70020,ASIA
1510,60,0.0,70020,ASIA
1515,60,0.0,70020,ASIA
1520,60,0.0,70020,ASIA
1525,60,0.0,70020,ASIA
1530,60,0.0,70020,ASIA
1535,60,0.0,70020,ASIA
1540,60,0.0,70020,ASIA
1545,60,0.0,70020,ASIA
1550,60,0.0,70020,ASIA
1555,60,0.0,70020,ASIA
1560,60,0.0,70020,ASIA
1565,60,0.0,70020,ASIA
1570,60,0.0,70020,ASIA
1575,60,0.0,70020,ASIA
1580,60,0.0,70020,ASIA
1585,60,0.0,70020,ASIA
1590,60,0.0,70020,ASIA
1595,60,0.0,70020,ASIA
1600,60,0.0,70020,ASIA
1605,60,0.0,70020,ASIA
1610,60,0.0,70020,ASIA
1615,60,0.0,70020,ASIA
1620,60,0.0,70020,ASIA
1625,60,0.0,70020,ASIA
1630,60,0.0,70020,ASIA
1635,60,0.0,70020,ASIA
1640,60,0.0,70020,ASIA
1645,60,0.0,70020,ASIA
1650,60,0.0,70020,ASIA
1655,60,0.0,70020,ASIA
1660,60,0.0,70020,ASIA
1665,60,0.0,70020,ASIA
1670,60,0.0,70020,ASIA
1675,60,0.0,70020,ASIA
1680,60,0.0,70020,ASIA
1685,60,0.0,70020,ASIA
1690,60,0.0,70020,ASIA
1695,60,0.0,70020,ASIA
1700,60,0.0,70020,ASIA
1705,60,0.0,70020,ASIA
1710,60,0.0,70020,ASIA
1715,60,0.0,70020,ASIA
1720,60,0.0,70020,ASIA
1725,60,0.0,70020,ASIA
1730,60,0.0,70020,ASIA
1735,60,0.0,70020,ASIA
1740,60,0.0,70020,ASIA
1745,60,0.0,70020,ASIA
1750,60,0.0,70020,ASIA
1755,60,0.0,70020,ASIA
1760,60,0.0,70020,ASIA
1765,60,0.0,70020,ASIA
1770,60,0.0,70020,ASIA
1775,60,0.0,70020,ASIA
1780,60,0.0,70020,ASIA
1785,60,0.0,70020,ASIA
1790,60,0.0,70020,ASIA
1795,60,0.0,70020,ASIA
1800,60,0.0,70020,ASIA
1805,60,0.0,70020,ASIA
1810,60,0.0,70020,ASIA
1815,60,0.0,70020,ASIA
1820,60,0.0,70020,ASIA
1825,60,0.0,70020,ASIA
1830,60,0.0,70020,ASIA
1835,60,0.0,70020,ASIA
1840,60,0.0,70020,ASIA
1845,60,0.0,70020,ASIA
1850,60,0.0,70020,ASIA
1855,60,0.0,70020,ASIA
1860,60,0.0,70020,ASIA
1865,60,0.0,70020,ASIA
1870,60,0.0,70020,ASIA
1875,60,0.0,70020,ASIA
1880,60,0.0,70020,ASIA
1885,60,0.0,70020,ASIA
1890,60,0.0,70020,ASIA
1895,60,0.0,70020,ASIA
1900,60,0.0,70020,ASIA
1905,60,0.0,70020,ASIA
1910,60,0.0,70020,ASIA
1915,60,0.0,70020,ASIA
1920,60,0.0,70020,ASIA
1925,60,0.0,70020,ASIA
1930,60,0.0,70020,ASIA
1935,60,0.0,70020,ASIA
1940,60,0.0,70020,ASIA
1945,60,0.0,70020,ASIA
1950,60,0.0,70020,ASIA
1955,60,0.0,70020,ASIA
1960,60,0.0,70020,ASIA
1965,60,0.0,70020,ASIA
1970,60,0.0,70020,ASIA
1975,60,0.0,70020,ASIA
1980,60,0.0,70020,ASIA
1985,60,0.0,70020,ASIA
1990,60,0.0,70020,ASIA
1995,60,0.0,70020,ASIA
2000,60,0.0,70020,ASIA
50,60,0.639722,43200,EU
55,60,0.570625,43200,EU
60,60,0.50544,43200,EU
65,60,0.443912,43200,EU
70,60,0.388819,43200,EU
75,60,0.339977,43200,EU
80,60,0.29588,43200,EU
85,60,0.254074,43200,EU
90,60,0.217616,43200,EU
95,60,0.186852,43200,EU
100,60,0.160856,43200,EU
105,60,0.136551,43200,EU
110,60,0.116181,43200,EU
115,60,0.098981,43200,EU
120,60,0.084769,43200,EU
125,60,0.071875,43200,EU
130,60,0.060741,43200,EU
135,60,0.050856,43200,EU
140,60,0.042361,43200,EU
145,60,0.035532,43200,EU
150,60,0.03,43200,EU
155,60,0.024769,43200,EU
160,60,0.020347,43200,EU
165,60,0.016736,43200,EU
170,60,0.013611,43200,EU
175,60,0.010903,43200,EU
180,60,0.008681,43200,EU
185,60,0.007083,43200,EU
190,60,0.006042,43200,EU
195,60,0.005093,43200,EU
200,60,0.004144,43200,EU
205,60,0.003102,43200,EU
210,60,0.0025,43200,EU
215,60,0.002037,43200,EU
220,60,0.001759,43200,EU
225,60,0.001389,43200,EU
230,60,0.001157,43200,EU
235,60,0.000995,43200,EU
240,60,0.000671,43200,EU
245,60,0.000602,43200,EU
250,60,0.000463,43200,EU
255,60,0.00044,43200,EU
260,60,0.000301,43200,EU
265,60,0.000255,43200,EU
270,60,0.000162,43200,EU
275,60,6.9e-05,43200,EU
280,60,6.9e-05,43200,EU
285,60,6.9e-05,43200,EU
290,60,6.9e-05,43200,EU
295,60,4.6e-05,43200,EU
300,60,4.6e-05,43200,EU
305,60,4.6e-05,43200,EU
310,60,2.3e-05,43200,EU
315,60,2.3e-05,43200,EU
320,60,2.3e-05,43200,EU
325,60,0.0,43200,EU
330,60,0.0,43200,EU
335,60,0.0,43200,EU
340,60,0.0,43200,EU
345,60,0.0,43200,EU
350,60,0.0,43200,EU
355,60,0.0,43200,EU
360,60,0.0,43200,EU
365,60,0.0,43200,EU
370,60,0.0,43200,EU
375,60,0.0,43200,EU
380,60,0.0,43200,EU
385,60,0.0,43200,EU
390,60,0.0,43200,EU
395,60,0.0,43200,EU
400,60,0.0,43200,EU
405,60,0.0,43200,EU
410,60,0.0,43200,EU
415,60,0.0,43200,EU
420,60,0.0,43200,EU
425,60,0.0,43200,EU
430,60,0.0,43200,EU
435,60,0.0,43200,EU
440,60,0.0,43200,EU
445,60,0.0,43200,EU
450,60,0.0,43200,EU
455,60,0.0,43200,EU
460,60,0.0,43200,EU
465,60,0.0,43200,EU
470,60,0.0,43200,EU
475,60,0.0,43200,EU
480,60,0.0,43200,EU
485,60,0.0,43200,EU
490,60,0.0,43200,EU
495,60,0.0,43200,EU
500,60,0.0,43200,EU
505,60,0.0,43200,EU
510,60,0.0,43200,EU
515,60,0.0,43200,EU
520,60,0.0,43200,EU
525,60,0.0,43200,EU
530,60,0.0,43200,EU
535,60,0.0,43200,EU
540,60,0.0,43200,EU
545,60,0.0,43200,EU
550,60,0.0,43200,EU
555,60,0.0,43200,EU
560,60,0.0,43200,EU
565,60,0.0,43200,EU
570,60,0.0,43200,EU
575,60,0.0,43200,EU
580,60,0.0,43200,EU
585,60,0.0,43200,EU
590,60,0.0,43200,EU
595,60,0.0,43200,EU
600,60,0.0,43200,EU
605,60,0.0,43200,EU
610,60,0.0,43200,EU
615,60,0.0,43200,EU
620,60,0.0,43200,EU
625,60,0.0,43200,EU
630,60,0.0,43200,EU
635,60,0.0,43200,EU
640,60,0.0,43200,EU
645,60,0.0,43200,EU
650,60,0.0,43200,EU
655,60,0.0,43200,EU
660,60,0.0,43200,EU
665,60,0.0,43200,EU
670,60,0.0,43200,EU
675,60,0.0,43200,EU
680,60,0.0,43200,EU
685,60,0.0,43200,EU
690,60,0.0,43200,EU
695,60,0.0,43200,EU
700,60,0.0,43200,EU
705,60,0.0,43200,EU
710,60,0.0,43200,EU
715,60,0.0,43200,EU
720,60,0.0,43200,EU
725,60,0.0,43200,EU
730,60,0.0,43200,EU
735,60,0.0,43200,EU
740,60,0.0,43200,EU
745,60,0.0,43200,EU
750,60,0.0,43200,EU
755,60,0.0,43200,EU
760,60,0.0,43200,EU
765,60,0.0,43200,EU
770,60,0.0,43200,EU
775,60,0.0,43200,EU
780,60,0.0,43200,EU
785,60,0.0,43200,EU
790,60,0.0,43200,EU
795,60,0.0,43200,EU
800,60,0.0,43200,EU
805,60,0.0,43200,EU
810,60,0.0,43200,EU
815,60,0.0,43200,EU
820,60,0.0,43200,EU
825,60,0.0,43200,EU
830,60,0.0,43200,EU
835,60,0.0,43200,EU
840,60,0.0,43200,EU
845,60,0.0,43200,EU
850,60,0.0,43200,EU
855,60,0.0,43200,EU
860,60,0.0,43200,EU
865,60,0.0,43200,EU
870,60,0.0,43200,EU
875,60,0.0,43200,EU
880,60,0.0,43200,EU
885,60,0.0,43200,EU
890,60,0.0,43200,EU
895,60,0.0,43200,EU
900,60,0.0,43200,EU
905,60,0.0,43200,EU
910,60,0.0,43200,EU
915,60,0.0,43200,EU
920,60,0.0,43200,EU
925,60,0.0,43200,EU
930,60,0.0,43200,EU
935,60,0.0,43200,EU
940,60,0.0,43200,EU
945,60,0.0,43200,EU
950,60,0.0,43200,EU
955,60,0.0,43200,EU
960,60,0.0,43200,EU
965,60,0.0,43200,EU
970,60,0.0,43200,EU
975,60,0.0,43200,EU
980,60,0.0,43200,EU
985,60,0.0,43200,EU
990,60,0.0,43200,EU
995,60,0.0,43200,EU
1000,60,0.0,43200,EU
1005,60,0.0,43200,EU
1010,60,0.0,43200,EU
1015,60,0.0,43200,EU
1020,60,0.0,43200,EU
1025,60,0.0,43200,EU
1030,60,0.0,43200,EU
1035,60,0.0,43200,EU
1040,60,0.0,43200,EU
1045,60,0.0,43200,EU
1050,60,0.0,43200,EU
1055,60,0.0,43200,EU
1060,60,0.0,43200,EU
1065,60,0.0,43200,EU
1070,60,0.0,43200,EU
1075,60,0.0,43200,EU
1080,60,0.0,43200,EU
1085,60,0.0,43200,EU
1090,60,0.0,43200,EU
1095,60,0.0,43200,EU
1100,60,0.0,43200,EU
1105,60,0.0,43200,EU
1110,60,0.0,43200,EU
1115,60,0.0,43200,EU
1120,60,0.0,43200,EU
1125,60,0.0,43200,EU
1130,60,0.0,43200,EU
1135,60,0.0,43200,EU
1140,60,0.0,43200,EU
1145,60,0.0,43200,EU
1150,60,0.0,43200,EU
1155,60,0.0,43200,EU
1160,60,0.0,43200,EU
1165,60,0.0,43200,EU
1170,60,0.0,43200,EU
1175,60,0.0,43200,EU
1180,60,0.0,43200,EU
1185,60,0.0,43200,EU
1190,60,0.0,43200,EU
1195,60,0.0,43200,EU
1200,60,0.0,43200,EU
1205,60,0.0,43200,EU
1210,60,0.0,43200,EU
1215,60,0.0,43200,EU
1220,60,0.0,43200,EU
1225,60,0.0,43200,EU
1230,60,0.0,43200,EU
1235,60,0.0,43200,EU
1240,60,0.0,43200,EU
1245,60,0.0,43200,EU
1250,60,0.0,43200,EU
1255,60,0.0,43200,EU
1260,60,0.0,43200,EU
1265,60,0.0,43200,EU
1270,60,0.0,43200,EU
1275,60,0.0,43200,EU
1280,60,0.0,43200,EU
1285,60,0.0,43200,EU
1290,60,0.0,43200,EU
1295,60,0.0,43200,EU
1300,60,0.0,43200,EU
1305,60,0.0,43200,EU
1310,60,0.0,43200,EU
1315,60,0.0,43200,EU
1320,60,0.0,43200,EU
1325,60,0.0,43200,EU
1330,60,0.0,43200,EU
1335,60,0.0,43200,EU
1340,60,0.0,43200,EU
1345,60,0.0,43200,EU
1350,60,0.0,43200,EU
1355,60,0.0,43200,EU
1360,60,0.0,43200,EU
1365,60,0.0,43200,EU
1370,60,0.0,43200,EU
1375,60,0.0,43200,EU
1380,60,0.0,43200,EU
1385,60,0.0,43200,EU
1390,60,0.0,43200,EU
1395,60,0.0,43200,EU
1400,60,0.0,43200,EU
1405,60,0.0,43200,EU
1410,60,0.0,43200,EU
1415,60,0.0,43200,EU
1420,60,0.0,43200,EU
1425,60,0.0,43200,EU
1430,60,0.0,43200,EU
1435,60,0.0,43200,EU
1440,60,0.0,43200,EU
1445,60,0.0,43200,EU
1450,60,0.0,43200,EU
1455,60,0.0,43200,EU
1460,60,0.0,43200,EU
1465,60,0.0,43200,EU
1470,60,0.0,43200,EU
1475,60,0.0,43200,EU
1480,60,0.0,43200,EU
1485,60,0.0,43200,EU
1490,60,0.0,43200,EU
1495,60,0.0,43200,EU
1500,60,0.0,43200,EU
1505,60,0.0,43200,EU
1510,60,0.0,43200,EU
1515,60,0.0,43200,EU
1520,60,0.0,43200,EU
1525,60,0.0,43200,EU
1530,60,0.0,43200,EU
1535,60,0.0,43200,EU
1540,60,0.0,43200,EU
1545,60,0.0,43200,EU
1550,60,0.0,43200,EU
1555,60,0.0,43200,EU
1560,60,0.0,43200,EU
1565,60,0.0,43200,EU
1570,60,0.0,43200,EU
1575,60,0.0,43200,EU
1580,60,0.0,43200,EU
1585,60,0.0,43200,EU
1590,60,0.0,43200,EU
1595,60,0.0,43200,EU
1600,60,0.0,43200,EU
1605,60,0.0,43200,EU
1610,60,0.0,43200,EU
1615,60,0.0,43200,EU
1620,60,0.0,43200,EU
1625,60,0.0,43200,EU
1630,60,0.0,43200,EU
1635,60,0.0,43200,EU
1640,60,0.0,43200,EU
1645,60,0.0,43200,EU
1650,60,0.0,43200,EU
1655,60,0.0,43200,EU
1660,60,0.0,43200,EU
1665,60,0.0,43200,EU
1670,60,0.0,43200,EU
1675,60,0.0,43200,EU
1680,60,0.0,43200,EU
1685,60,0.0,43200,EU
1690,60,0.0,43200,EU
1695,60,0.0,43200,EU
1700,60,0.0,43200,EU
1705,60,0.0,43200,EU
1710,60,0.0,43200,EU
1715,60,0.0,43200,EU
1720,60,0.0,43200,EU
1725,60,0.0,43200,EU
1730,60,0.0,43200,EU
1735,60,0.0,43200,EU
1740,60,0.0,43200,EU
1745,60,0.0,43200,EU
1750,60,0.0,43200,EU
1755,60,0.0,43200,EU
1760,60,0.0,43200,EU
1765,60,0.0,43200,EU
1770,60,0.0,43200,EU
1775,60,0.0,43200,EU
1780,60,0.0,43200,EU
1785,60,0.0,43200,EU
1790,60,0.0,43200,EU
1795,60,0.0,43200,EU
1800,60,0.0,43200,EU
1805,60,0.0,43200,EU
1810,60,0.0,43200,EU
1815,60,0.0,43200,EU
1820,60,0.0,43200,EU
1825,60,0.0,43200,EU
1830,60,0.0,43200,EU
1835,60,0.0,43200,EU
1840,60,0.0,43200,EU
1845,60,0.0,43200,EU
1850,60,0.0,43200,EU
1855,60,0.0,43200,EU
1860,60,0.0,43200,EU
1865,60,0.0,43200,EU
1870,60,0.0,43200,EU
1875,60,0.0,43200,EU
1880,60,0.0,43200,EU
1885,60,0.0,43200,EU
1890,60,0.0,43200,EU
1895,60,0.0,43200,EU
1900,60,0.0,43200,EU
1905,60,0.0,43200,EU
1910,60,0.0,43200,EU
1915,60,0.0,43200,EU
1920,60,0.0,43200,EU
1925,60,0.0,43200,EU
1930,60,0.0,43200,EU
1935,60,0.0,43200,EU
1940,60,0.0,43200,EU
1945,60,0.0,43200,EU
1950,60,0.0,43200,EU
1955,60,0.0,43200,EU
1960,60,0.0,43200,EU
1965,60,0.0,43200,EU
1970,60,0.0,43200,EU
1975,60,0.0,43200,EU
1980,60,0.0,43200,EU
1985,60,0.0,43200,EU
1990,60,0.0,43200,EU
1995,60,0.0,43200,EU
2000,60,0.0,43200,EU
50,60,0.553983,37799,EVENING
55,60,0.481812,37799,EVENING
60,60,0.418186,37799,EVENING
65,60,0.358316,37799,EVENING
70,60,0.307177,37799,EVENING
75,60,0.261832,37799,EVENING
80,60,0.221911,37799,EVENING
85,60,0.185455,37799,EVENING
90,60,0.155904,37799,EVENING
95,60,0.129554,37799,EVENING
100,60,0.107304,37799,EVENING
105,60,0.087436,37799,EVENING
110,60,0.072065,37799,EVENING
115,60,0.060213,37799,EVENING
120,60,0.04971,37799,EVENING
125,60,0.040874,37799,EVENING
130,60,0.033863,37799,EVENING
135,60,0.026747,37799,EVENING
140,60,0.022091,37799,EVENING
145,60,0.017963,37799,EVENING
150,60,0.014154,37799,EVENING
155,60,0.010662,37799,EVENING
160,60,0.008677,37799,EVENING
165,60,0.007064,37799,EVENING
170,60,0.006032,37799,EVENING
175,60,0.004815,37799,EVENING
180,60,0.003942,37799,EVENING
185,60,0.003069,37799,EVENING
190,60,0.002381,37799,EVENING
195,60,0.001825,37799,EVENING
200,60,0.001296,37799,EVENING
205,60,0.001032,37799,EVENING
210,60,0.000767,37799,EVENING
215,60,0.000608,37799,EVENING
220,60,0.000503,37799,EVENING
225,60,0.00037,37799,EVENING
230,60,0.000344,37799,EVENING
235,60,0.000185,37799,EVENING
240,60,0.000106,37799,EVENING
245,60,7.9e-05,37799,EVENING
250,60,7.9e-05,37799,EVENING
255,60,7.9e-05,37799,EVENING
260,60,2.6e-05,37799,EVENING
265,60,2.6e-05,37799,EVENING
270,60,2.6e-05,37799,EVENING
275,60,0.0,37799,EVENING
280,60,0.0,37799,EVENING
285,60,0.0,37799,EVENING
290,60,0.0,37799,EVENING
295,60,0.0,37799,EVENING
300,60,0.0,37799,EVENING
305,60,0.0,37799,EVENING
310,60,0.0,37799,EVENING
315,60,0.0,37799,EVENING
320,60,0.0,37799,EVENING
325,60,0.0,37799,EVENING
330,60,0.0,37799,EVENING
335,60,0.0,37799,EVENING
340,60,0.0,37799,EVENING
345,60,0.0,37799,EVENING
350,60,0.0,37799,EVENING
355,60,0.0,37799,EVENING
360,60,0.0,37799,EVENING
365,60,0.0,37799,EVENING
370,60,0.0,37799,EVENING
375,60,0.0,37799,EVENING
380,60,0.0,37799,EVENING
385,60,0.0,37799,EVENING
390,60,0.0,37799,EVENING
395,60,0.0,37799,EVENING
400,60,0.0,37799,EVENING
405,60,0.0,37799,EVENING
410,60,0.0,37799,EVENING
415,60,0.0,37799,EVENING
420,60,0.0,37799,EVENING
425,60,0.0,37799,EVENING
430,60,0.0,37799,EVENING
435,60,0.0,37799,EVENING
440,60,0.0,37799,EVENING
445,60,0.0,37799,EVENING
450,60,0.0,37799,EVENING
455,60,0.0,37799,EVENING
460,60,0.0,37799,EVENING
465,60,0.0,37799,EVENING
470,60,0.0,37799,EVENING
475,60,0.0,37799,EVENING
480,60,0.0,37799,EVENING
485,60,0.0,37799,EVENING
490,60,0.0,37799,EVENING
495,60,0.0,37799,EVENING
500,60,0.0,37799,EVENING
505,60,0.0,37799,EVENING
510,60,0.0,37799,EVENING
515,60,0.0,37799,EVENING
520,60,0.0,37799,EVENING
525,60,0.0,37799,EVENING
530,60,0.0,37799,EVENING
535,60,0.0,37799,EVENING
540,60,0.0,37799,EVENING
545,60,0.0,37799,EVENING
550,60,0.0,37799,EVENING
555,60,0.0,37799,EVENING
560,60,0.0,37799,EVENING
565,60,0.0,37799,EVENING
570,60,0.0,37799,EVENING
575,60,0.0,37799,EVENING
580,60,0.0,37799,EVENING
585,60,0.0,37799,EVENING
590,60,0.0,37799,EVENING
595,60,0.0,37799,EVENING
600,60,0.0,37799,EVENING
605,60,0.0,37799,EVENING
610,60,0.0,37799,EVENING
615,60,0.0,37799,EVENING
620,60,0.0,37799,EVENING
625,60,0.0,37799,EVENING
630,60,0.0,37799,EVENING
635,60,0.0,37799,EVENING
640,60,0.0,37799,EVENING
645,60,0.0,37799,EVENING
650,60,0.0,37799,EVENING
655,60,0.0,37799,EVENING
660,60,0.0,37799,EVENING
665,60,0.0,37799,EVENING
670,60,0.0,37799,EVENING
675,60,0.0,37799,EVENING
680,60,0.0,37799,EVENING
685,60,0.0,37799,EVENING
690,60,0.0,37799,EVENING
695,60,0.0,37799,EVENING
700,60,0.0,37799,EVENING
705,60,0.0,37799,EVENING
710,60,0.0,37799,EVENING
715,60,0.0,37799,EVENING
720,60,0.0,37799,EVENING
725,60,0.0,37799,EVENING
730,60,0.0,37799,EVENING
735,60,0.0,37799,EVENING
740,60,0.0,37799,EVENING
745,60,0.0,37799,EVENING
750,60,0.0,37799,EVENING
755,60,0.0,37799,EVENING
760,60,0.0,37799,EVENING
765,60,0.0,37799,EVENING
770,60,0.0,37799,EVENING
775,60,0.0,37799,EVENING
780,60,0.0,37799,EVENING
785,60,0.0,37799,EVENING
790,60,0.0,37799,EVENING
795,60,0.0,37799,EVENING
800,60,0.0,37799,EVENING
805,60,0.0,37799,EVENING
810,60,0.0,37799,EVENING
815,60,0.0,37799,EVENING
820,60,0.0,37799,EVENING
825,60,0.0,37799,EVENING
830,60,0.0,37799,EVENING
835,60,0.0,37799,EVENING
840,60,0.0,37799,EVENING
845,60,0.0,37799,EVENING
850,60,0.0,37799,EVENING
855,60,0.0,37799,EVENING
860,60,0.0,37799,EVENING
865,60,0.0,37799,EVENING
870,60,0.0,37799,EVENING
875,60,0.0,37799,EVENING
880,60,0.0,37799,EVENING
885,60,0.0,37799,EVENING
890,60,0.0,37799,EVENING
895,60,0.0,37799,EVENING
900,60,0.0,37799,EVENING
905,60,0.0,37799,EVENING
910,60,0.0,37799,EVENING
915,60,0.0,37799,EVENING
920,60,0.0,37799,EVENING
925,60,0.0,37799,EVENING
930,60,0.0,37799,EVENING
935,60,0.0,37799,EVENING
940,60,0.0,37799,EVENING
945,60,0.0,37799,EVENING
950,60,0.0,37799,EVENING
955,60,0.0,37799,EVENING
960,60,0.0,37799,EVENING
965,60,0.0,37799,EVENING
970,60,0.0,37799,EVENING
975,60,0.0,37799,EVENING
980,60,0.0,37799,EVENING
985,60,0.0,37799,EVENING
990,60,0.0,37799,EVENING
995,60,0.0,37799,EVENING
1000,60,0.0,37799,EVENING
1005,60,0.0,37799,EVENING
1010,60,0.0,37799,EVENING
1015,60,0.0,37799,EVENING
1020,60,0.0,37799,EVENING
1025,60,0.0,37799,EVENING
1030,60,0.0,37799,EVENING
1035,60,0.0,37799,EVENING
1040,60,0.0,37799,EVENING
1045,60,0.0,37799,EVENING
1050,60,0.0,37799,EVENING
1055,60,0.0,37799,EVENING
1060,60,0.0,37799,EVENING
1065,60,0.0,37799,EVENING
1070,60,0.0,37799,EVENING
1075,60,0.0,37799,EVENING
1080,60,0.0,37799,EVENING
1085,60,0.0,37799,EVENING
1090,60,0.0,37799,EVENING
1095,60,0.0,37799,EVENING
1100,60,0.0,37799,EVENING
1105,60,0.0,37799,EVENING
1110,60,0.0,37799,EVENING
1115,60,0.0,37799,EVENING
1120,60,0.0,37799,EVENING
1125,60,0.0,37799,EVENING
1130,60,0.0,37799,EVENING
1135,60,0.0,37799,EVENING
1140,60,0.0,37799,EVENING
1145,60,0.0,37799,EVENING
1150,60,0.0,37799,EVENING
1155,60,0.0,37799,EVENING
1160,60,0.0,37799,EVENING
1165,60,0.0,37799,EVENING
1170,60,0.0,37799,EVENING
1175,60,0.0,37799,EVENING
1180,60,0.0,37799,EVENING
1185,60,0.0,37799,EVENING
1190,60,0.0,37799,EVENING
1195,60,0.0,37799,EVENING
1200,60,0.0,37799,EVENING
1205,60,0.0,37799,EVENING
1210,60,0.0,37799,EVENING
1215,60,0.0,37799,EVENING
1220,60,0.0,37799,EVENING
1225,60,0.0,37799,EVENING
1230,60,0.0,37799,EVENING
1235,60,0.0,37799,EVENING
1240,60,0.0,37799,EVENING
1245,60,0.0,37799,EVENING
1250,60,0.0,37799,EVENING
1255,60,0.0,37799,EVENING
1260,60,0.0,37799,EVENING
1265,60,0.0,37799,EVENING
1270,60,0.0,37799,EVENING
1275,60,0.0,37799,EVENING
1280,60,0.0,37799,EVENING
1285,60,0.0,37799,EVENING
1290,60,0.0,37799,EVENING
1295,60,0.0,37799,EVENING
1300,60,0.0,37799,EVENING
1305,60,0.0,37799,EVENING
1310,60,0.0,37799,EVENING
1315,60,0.0,37799,EVENING
1320,60,0.0,37799,EVENING
1325,60,0.0,37799,EVENING
1330,60,0.0,37799,EVENING
1335,60,0.0,37799,EVENING
1340,60,0.0,37799,EVENING
1345,60,0.0,37799,EVENING
1350,60,0.0,37799,EVENING
1355,60,0.0,37799,EVENING
1360,60,0.0,37799,EVENING
1365,60,0.0,37799,EVENING
1370,60,0.0,37799,EVENING
1375,60,0.0,37799,EVENING
1380,60,0.0,37799,EVENING
1385,60,0.0,37799,EVENING
1390,60,0.0,37799,EVENING
1395,60,0.0,37799,EVENING
1400,60,0.0,37799,EVENING
1405,60,0.0,37799,EVENING
1410,60,0.0,37799,EVENING
1415,60,0.0,37799,EVENING
1420,60,0.0,37799,EVENING
1425,60,0.0,37799,EVENING
1430,60,0.0,37799,EVENING
1435,60,0.0,37799,EVENING
1440,60,0.0,37799,EVENING
1445,60,0.0,37799,EVENING
1450,60,0.0,37799,EVENING
1455,60,0.0,37799,EVENING
1460,60,0.0,37799,EVENING
1465,60,0.0,37799,EVENING
1470,60,0.0,37799,EVENING
1475,60,0.0,37799,EVENING
1480,60,0.0,37799,EVENING
1485,60,0.0,37799,EVENING
1490,60,0.0,37799,EVENING
1495,60,0.0,37799,EVENING
1500,60,0.0,37799,EVENING
1505,60,0.0,37799,EVENING
1510,60,0.0,37799,EVENING
1515,60,0.0,37799,EVENING
1520,60,0.0,37799,EVENING
1525,60,0.0,37799,EVENING
1530,60,0.0,37799,EVENING
1535,60,0.0,37799,EVENING
1540,60,0.0,37799,EVENING
1545,60,0.0,37799,EVENING
1550,60,0.0,37799,EVENING
1555,60,0.0,37799,EVENING
1560,60,0.0,37799,EVENING
1565,60,0.0,37799,EVENING
1570,60,0.0,37799,EVENING
1575,60,0.0,37799,EVENING
1580,60,0.0,37799,EVENING
1585,60,0.0,37799,EVENING
1590,60,0.0,37799,EVENING
1595,60,0.0,37799,EVENING
1600,60,0.0,37799,EVENING
1605,60,0.0,37799,EVENING
1610,60,0.0,37799,EVENING
1615,60,0.0,37799,EVENING
1620,60,0.0,37799,EVENING
1625,60,0.0,37799,EVENING
1630,60,0.0,37799,EVENING
1635,60,0.0,37799,EVENING
1640,60,0.0,37799,EVENING
1645,60,0.0,37799,EVENING
1650,60,0.0,37799,EVENING
1655,60,0.0,37799,EVENING
1660,60,0.0,37799,EVENING
1665,60,0.0,37799,EVENING
1670,60,0.0,37799,EVENING
1675,60,0.0,37799,EVENING
1680,60,0.0,37799,EVENING
1685,60,0.0,37799,EVENING
1690,60,0.0,37799,EVENING
1695,60,0.0,37799,EVENING
1700,60,0.0,37799,EVENING
1705,60,0.0,37799,EVENING
1710,60,0.0,37799,EVENING
1715,60,0.0,37799,EVENING
1720,60,0.0,37799,EVENING
1725,60,0.0,37799,EVENING
1730,60,0.0,37799,EVENING
1735,60,0.0,37799,EVENING
1740,60,0.0,37799,EVENING
1745,60,0.0,37799,EVENING
1750,60,0.0,37799,EVENING
1755,60,0.0,37799,EVENING
1760,60,0.0,37799,EVENING
1765,60,0.0,37799,EVENING
1770,60,0.0,37799,EVENING
1775,60,0.0,37799,EVENING
1780,60,0.0,37799,EVENING
1785,60,0.0,37799,EVENING
1790,60,0.0,37799,EVENING
1795,60,0.0,37799,EVENING
1800,60,0.0,37799,EVENING
1805,60,0.0,37799,EVENING
1810,60,0.0,37799,EVENING
1815,60,0.0,37799,EVENING
1820,60,0.0,37799,EVENING
1825,60,0.0,37799,EVENING
1830,60,0.0,37799,EVENING
1835,60,0.0,37799,EVENING
1840,60,0.0,37799,EVENING
1845,60,0.0,37799,EVENING
1850,60,0.0,37799,EVENING
1855,60,0.0,37799,EVENING
1860,60,0.0,37799,EVENING
1865,60,0.0,37799,EVENING
1870,60,0.0,37799,EVENING
1875,60,0.0,37799,EVENING
1880,60,0.0,37799,EVENING
1885,60,0.0,37799,EVENING
1890,60,0.0,37799,EVENING
1895,60,0.0,37799,EVENING
1900,60,0.0,37799,EVENING
1905,60,0.0,37799,EVENING
1910,60,0.0,37799,EVENING
1915,60,0.0,37799,EVENING
1920,60,0.0,37799,EVENING
1925,60,0.0,37799,EVENING
1930,60,0.0,37799,EVENING
1935,60,0.0,37799,EVENING
1940,60,0.0,37799,EVENING
1945,60,0.0,37799,EVENING
1950,60,0.0,37799,EVENING
1955,60,0.0,37799,EVENING
1960,60,0.0,37799,EVENING
1965,60,0.0,37799,EVENING
1970,60,0.0,37799,EVENING
1975,60,0.0,37799,EVENING
1980,60,0.0,37799,EVENING
1985,60,0.0,37799,EVENING
1990,60,0.0,37799,EVENING
1995,60,0.0,37799,EVENING
2000,60,0.0,37799,EVENING
50,60,0.742469,16200,LONDON_OPEN
55,60,0.680123,16200,LONDON_OPEN
60,60,0.61642,16200,LONDON_OPEN
65,60,0.560617,16200,LONDON_OPEN
70,60,0.503951,16200,LONDON_OPEN
75,60,0.452654,16200,LONDON_OPEN
80,60,0.405309,16200,LONDON_OPEN
85,60,0.360123,16200,LONDON_OPEN
90,60,0.318704,16200,LONDON_OPEN
95,60,0.279444,16200,LONDON_OPEN
100,60,0.247469,16200,LONDON_OPEN
105,60,0.215247,16200,LONDON_OPEN
110,60,0.187778,16200,LONDON_OPEN
115,60,0.165494,16200,LONDON_OPEN
120,60,0.143704,16200,LONDON_OPEN
125,60,0.124938,16200,LONDON_OPEN
130,60,0.106605,16200,LONDON_OPEN
135,60,0.091481,16200,LONDON_OPEN
140,60,0.079877,16200,LONDON_OPEN
145,60,0.068333,16200,LONDON_OPEN
150,60,0.058642,16200,LONDON_OPEN
155,60,0.050802,16200,LONDON_OPEN
160,60,0.043025,16200,LONDON_OPEN
165,60,0.037222,16200,LONDON_OPEN
170,60,0.032654,16200,LONDON_OPEN
175,60,0.027222,16200,LONDON_OPEN
180,60,0.022593,16200,LONDON_OPEN
185,60,0.019259,16200,LONDON_OPEN
190,60,0.015926,16200,LONDON_OPEN
195,60,0.013025,16200,LONDON_OPEN
200,60,0.011358,16200,LONDON_OPEN
205,60,0.009321,16200,LONDON_OPEN
210,60,0.007654,16200,LONDON_OPEN
215,60,0.006667,16200,LONDON_OPEN
220,60,0.005802,16200,LONDON_OPEN
225,60,0.005062,16200,LONDON_OPEN
230,60,0.004012,16200,LONDON_OPEN
235,60,0.003457,16200,LONDON_OPEN
240,60,0.00284,16200,LONDON_OPEN
245,60,0.002346,16200,LONDON_OPEN
250,60,0.001728,16200,LONDON_OPEN
255,60,0.001358,16200,LONDON_OPEN
260,60,0.001111,16200,LONDON_OPEN
265,60,0.001049,16200,LONDON_OPEN
270,60,0.000864,16200,LONDON_OPEN
275,60,0.000741,16200,LONDON_OPEN
280,60,0.000617,16200,LONDON_OPEN
285,60,0.000556,16200,LONDON_OPEN
290,60,0.00037,16200,LONDON_OPEN
295,60,0.00037,16200,LONDON_OPEN
300,60,0.000247,16200,LONDON_OPEN
305,60,0.000185,16200,LONDON_OPEN
310,60,0.000123,16200,LONDON_OPEN
315,60,6.2e-05,16200,LONDON_OPEN
320,60,6.2e-05,16200,LONDON_OPEN
325,60,6.2e-05,16200,LONDON_OPEN
330,60,6.2e-05,16200,LONDON_OPEN
335,60,6.2e-05,16200,LONDON_OPEN
340,60,6.2e-05,16200,LONDON_OPEN
345,60,0.0,16200,LONDON_OPEN
350,60,0.0,16200,LONDON_OPEN
355,60,0.0,16200,LONDON_OPEN
360,60,0.0,16200,LONDON_OPEN
365,60,0.0,16200,LONDON_OPEN
370,60,0.0,16200,LONDON_OPEN
375,60,0.0,16200,LONDON_OPEN
380,60,0.0,16200,LONDON_OPEN
385,60,0.0,16200,LONDON_OPEN
390,60,0.0,16200,LONDON_OPEN
395,60,0.0,16200,LONDON_OPEN
400,60,0.0,16200,LONDON_OPEN
405,60,0.0,16200,LONDON_OPEN
410,60,0.0,16200,LONDON_OPEN
415,60,0.0,16200,LONDON_OPEN
420,60,0.0,16200,LONDON_OPEN
425,60,0.0,16200,LONDON_OPEN
430,60,0.0,16200,LONDON_OPEN
435,60,0.0,16200,LONDON_OPEN
440,60,0.0,16200,LONDON_OPEN
445,60,0.0,16200,LONDON_OPEN
450,60,0.0,16200,LONDON_OPEN
455,60,0.0,16200,LONDON_OPEN
460,60,0.0,16200,LONDON_OPEN
465,60,0.0,16200,LONDON_OPEN
470,60,0.0,16200,LONDON_OPEN
475,60,0.0,16200,LONDON_OPEN
480,60,0.0,16200,LONDON_OPEN
485,60,0.0,16200,LONDON_OPEN
490,60,0.0,16200,LONDON_OPEN
495,60,0.0,16200,LONDON_OPEN
500,60,0.0,16200,LONDON_OPEN
505,60,0.0,16200,LONDON_OPEN
510,60,0.0,16200,LONDON_OPEN
515,60,0.0,16200,LONDON_OPEN
520,60,0.0,16200,LONDON_OPEN
525,60,0.0,16200,LONDON_OPEN
530,60,0.0,16200,LONDON_OPEN
535,60,0.0,16200,LONDON_OPEN
540,60,0.0,16200,LONDON_OPEN
545,60,0.0,16200,LONDON_OPEN
550,60,0.0,16200,LONDON_OPEN
555,60,0.0,16200,LONDON_OPEN
560,60,0.0,16200,LONDON_OPEN
565,60,0.0,16200,LONDON_OPEN
570,60,0.0,16200,LONDON_OPEN
575,60,0.0,16200,LONDON_OPEN
580,60,0.0,16200,LONDON_OPEN
585,60,0.0,16200,LONDON_OPEN
590,60,0.0,16200,LONDON_OPEN
595,60,0.0,16200,LONDON_OPEN
600,60,0.0,16200,LONDON_OPEN
605,60,0.0,16200,LONDON_OPEN
610,60,0.0,16200,LONDON_OPEN
615,60,0.0,16200,LONDON_OPEN
620,60,0.0,16200,LONDON_OPEN
625,60,0.0,16200,LONDON_OPEN
630,60,0.0,16200,LONDON_OPEN
635,60,0.0,16200,LONDON_OPEN
640,60,0.0,16200,LONDON_OPEN
645,60,0.0,16200,LONDON_OPEN
650,60,0.0,16200,LONDON_OPEN
655,60,0.0,16200,LONDON_OPEN
660,60,0.0,16200,LONDON_OPEN
665,60,0.0,16200,LONDON_OPEN
670,60,0.0,16200,LONDON_OPEN
675,60,0.0,16200,LONDON_OPEN
680,60,0.0,16200,LONDON_OPEN
685,60,0.0,16200,LONDON_OPEN
690,60,0.0,16200,LONDON_OPEN
695,60,0.0,16200,LONDON_OPEN
700,60,0.0,16200,LONDON_OPEN
705,60,0.0,16200,LONDON_OPEN
710,60,0.0,16200,LONDON_OPEN
715,60,0.0,16200,LONDON_OPEN
720,60,0.0,16200,LONDON_OPEN
725,60,0.0,16200,LONDON_OPEN
730,60,0.0,16200,LONDON_OPEN
735,60,0.0,16200,LONDON_OPEN
740,60,0.0,16200,LONDON_OPEN
745,60,0.0,16200,LONDON_OPEN
750,60,0.0,16200,LONDON_OPEN
755,60,0.0,16200,LONDON_OPEN
760,60,0.0,16200,LONDON_OPEN
765,60,0.0,16200,LONDON_OPEN
770,60,0.0,16200,LONDON_OPEN
775,60,0.0,16200,LONDON_OPEN
780,60,0.0,16200,LONDON_OPEN
785,60,0.0,16200,LONDON_OPEN
790,60,0.0,16200,LONDON_OPEN
795,60,0.0,16200,LONDON_OPEN
800,60,0.0,16200,LONDON_OPEN
805,60,0.0,16200,LONDON_OPEN
810,60,0.0,16200,LONDON_OPEN
815,60,0.0,16200,LONDON_OPEN
820,60,0.0,16200,LONDON_OPEN
825,60,0.0,16200,LONDON_OPEN
830,60,0.0,16200,LONDON_OPEN
835,60,0.0,16200,LONDON_OPEN
840,60,0.0,16200,LONDON_OPEN
845,60,0.0,16200,LONDON_OPEN
850,60,0.0,16200,LONDON_OPEN
855,60,0.0,16200,LONDON_OPEN
860,60,0.0,16200,LONDON_OPEN
865,60,0.0,16200,LONDON_OPEN
870,60,0.0,16200,LONDON_OPEN
875,60,0.0,16200,LONDON_OPEN
880,60,0.0,16200,LONDON_OPEN
885,60,0.0,16200,LONDON_OPEN
890,60,0.0,16200,LONDON_OPEN
895,60,0.0,16200,LONDON_OPEN
900,60,0.0,16200,LONDON_OPEN
905,60,0.0,16200,LONDON_OPEN
910,60,0.0,16200,LONDON_OPEN
915,60,0.0,16200,LONDON_OPEN
920,60,0.0,16200,LONDON_OPEN
925,60,0.0,16200,LONDON_OPEN
930,60,0.0,16200,LONDON_OPEN
935,60,0.0,16200,LONDON_OPEN
940,60,0.0,16200,LONDON_OPEN
945,60,0.0,16200,LONDON_OPEN
950,60,0.0,16200,LONDON_OPEN
955,60,0.0,16200,LONDON_OPEN
960,60,0.0,16200,LONDON_OPEN
965,60,0.0,16200,LONDON_OPEN
970,60,0.0,16200,LONDON_OPEN
975,60,0.0,16200,LONDON_OPEN
980,60,0.0,16200,LONDON_OPEN
985,60,0.0,16200,LONDON_OPEN
990,60,0.0,16200,LONDON_OPEN
995,60,0.0,16200,LONDON_OPEN
1000,60,0.0,16200,LONDON_OPEN
1005,60,0.0,16200,LONDON_OPEN
1010,60,0.0,16200,LONDON_OPEN
1015,60,0.0,16200,LONDON_OPEN
1020,60,0.0,16200,LONDON_OPEN
1025,60,0.0,16200,LONDON_OPEN
1030,60,0.0,16200,LONDON_OPEN
1035,60,0.0,16200,LONDON_OPEN
1040,60,0.0,16200,LONDON_OPEN
1045,60,0.0,16200,LONDON_OPEN
1050,60,0.0,16200,LONDON_OPEN
1055,60,0.0,16200,LONDON_OPEN
1060,60,0.0,16200,LONDON_OPEN
1065,60,0.0,16200,LONDON_OPEN
1070,60,0.0,16200,LONDON_OPEN
1075,60,0.0,16200,LONDON_OPEN
1080,60,0.0,16200,LONDON_OPEN
1085,60,0.0,16200,LONDON_OPEN
1090,60,0.0,16200,LONDON_OPEN
1095,60,0.0,16200,LONDON_OPEN
1100,60,0.0,16200,LONDON_OPEN
1105,60,0.0,16200,LONDON_OPEN
1110,60,0.0,16200,LONDON_OPEN
1115,60,0.0,16200,LONDON_OPEN
1120,60,0.0,16200,LONDON_OPEN
1125,60,0.0,16200,LONDON_OPEN
1130,60,0.0,16200,LONDON_OPEN
1135,60,0.0,16200,LONDON_OPEN
1140,60,0.0,16200,LONDON_OPEN
1145,60,0.0,16200,LONDON_OPEN
1150,60,0.0,16200,LONDON_OPEN
1155,60,0.0,16200,LONDON_OPEN
1160,60,0.0,16200,LONDON_OPEN
1165,60,0.0,16200,LONDON_OPEN
1170,60,0.0,16200,LONDON_OPEN
1175,60,0.0,16200,LONDON_OPEN
1180,60,0.0,16200,LONDON_OPEN
1185,60,0.0,16200,LONDON_OPEN
1190,60,0.0,16200,LONDON_OPEN
1195,60,0.0,16200,LONDON_OPEN
1200,60,0.0,16200,LONDON_OPEN
1205,60,0.0,16200,LONDON_OPEN
1210,60,0.0,16200,LONDON_OPEN
1215,60,0.0,16200,LONDON_OPEN
1220,60,0.0,16200,LONDON_OPEN
1225,60,0.0,16200,LONDON_OPEN
1230,60,0.0,16200,LONDON_OPEN
1235,60,0.0,16200,LONDON_OPEN
1240,60,0.0,16200,LONDON_OPEN
1245,60,0.0,16200,LONDON_OPEN
1250,60,0.0,16200,LONDON_OPEN
1255,60,0.0,16200,LONDON_OPEN
1260,60,0.0,16200,LONDON_OPEN
1265,60,0.0,16200,LONDON_OPEN
1270,60,0.0,16200,LONDON_OPEN
1275,60,0.0,16200,LONDON_OPEN
1280,60,0.0,16200,LONDON_OPEN
1285,60,0.0,16200,LONDON_OPEN
1290,60,0.0,16200,LONDON_OPEN
1295,60,0.0,16200,LONDON_OPEN
1300,60,0.0,16200,LONDON_OPEN
1305,60,0.0,16200,LONDON_OPEN
1310,60,0.0,16200,LONDON_OPEN
1315,60,0.0,16200,LONDON_OPEN
1320,60,0.0,16200,LONDON_OPEN
1325,60,0.0,16200,LONDON_OPEN
1330,60,0.0,16200,LONDON_OPEN
1335,60,0.0,16200,LONDON_OPEN
1340,60,0.0,16200,LONDON_OPEN
1345,60,0.0,16200,LONDON_OPEN
1350,60,0.0,16200,LONDON_OPEN
1355,60,0.0,16200,LONDON_OPEN
1360,60,0.0,16200,LONDON_OPEN
1365,60,0.0,16200,LONDON_OPEN
1370,60,0.0,16200,LONDON_OPEN
1375,60,0.0,16200,LONDON_OPEN
1380,60,0.0,16200,LONDON_OPEN
1385,60,0.0,16200,LONDON_OPEN
1390,60,0.0,16200,LONDON_OPEN
1395,60,0.0,16200,LONDON_OPEN
1400,60,0.0,16200,LONDON_OPEN
1405,60,0.0,16200,LONDON_OPEN
1410,60,0.0,16200,LONDON_OPEN
1415,60,0.0,16200,LONDON_OPEN
1420,60,0.0,16200,LONDON_OPEN
1425,60,0.0,16200,LONDON_OPEN
1430,60,0.0,16200,LONDON_OPEN
1435,60,0.0,16200,LONDON_OPEN
1440,60,0.0,16200,LONDON_OPEN
1445,60,0.0,16200,LONDON_OPEN
1450,60,0.0,16200,LONDON_OPEN
1455,60,0.0,16200,LONDON_OPEN
1460,60,0.0,16200,LONDON_OPEN
1465,60,0.0,16200,LONDON_OPEN
1470,60,0.0,16200,LONDON_OPEN
1475,60,0.0,16200,LONDON_OPEN
1480,60,0.0,16200,LONDON_OPEN
1485,60,0.0,16200,LONDON_OPEN
1490,60,0.0,16200,LONDON_OPEN
1495,60,0.0,16200,LONDON_OPEN
1500,60,0.0,16200,LONDON_OPEN
1505,60,0.0,16200,LONDON_OPEN
1510,60,0.0,16200,LONDON_OPEN
1515,60,0.0,16200,LONDON_OPEN
1520,60,0.0,16200,LONDON_OPEN
1525,60,0.0,16200,LONDON_OPEN
1530,60,0.0,16200,LONDON_OPEN
1535,60,0.0,16200,LONDON_OPEN
1540,60,0.0,16200,LONDON_OPEN
1545,60,0.0,16200,LONDON_OPEN
1550,60,0.0,16200,LONDON_OPEN
1555,60,0.0,16200,LONDON_OPEN
1560,60,0.0,16200,LONDON_OPEN
1565,60,0.0,16200,LONDON_OPEN
1570,60,0.0,16200,LONDON_OPEN
1575,60,0.0,16200,LONDON_OPEN
1580,60,0.0,16200,LONDON_OPEN
1585,60,0.0,16200,LONDON_OPEN
1590,60,0.0,16200,LONDON_OPEN
1595,60,0.0,16200,LONDON_OPEN
1600,60,0.0,16200,LONDON_OPEN
1605,60,0.0,16200,LONDON_OPEN
1610,60,0.0,16200,LONDON_OPEN
1615,60,0.0,16200,LONDON_OPEN
1620,60,0.0,16200,LONDON_OPEN
1625,60,0.0,16200,LONDON_OPEN
1630,60,0.0,16200,LONDON_OPEN
1635,60,0.0,16200,LONDON_OPEN
1640,60,0.0,16200,LONDON_OPEN
1645,60,0.0,16200,LONDON_OPEN
1650,60,0.0,16200,LONDON_OPEN
1655,60,0.0,16200,LONDON_OPEN
1660,60,0.0,16200,LONDON_OPEN
1665,60,0.0,16200,LONDON_OPEN
1670,60,0.0,16200,LONDON_OPEN
1675,60,0.0,16200,LONDON_OPEN
1680,60,0.0,16200,LONDON_OPEN
1685,60,0.0,16200,LONDON_OPEN
1690,60,0.0,16200,LONDON_OPEN
1695,60,0.0,16200,LONDON_OPEN
1700,60,0.0,16200,LONDON_OPEN
1705,60,0.0,16200,LONDON_OPEN
1710,60,0.0,16200,LONDON_OPEN
1715,60,0.0,16200,LONDON_OPEN
1720,60,0.0,16200,LONDON_OPEN
1725,60,0.0,16200,LONDON_OPEN
1730,60,0.0,16200,LONDON_OPEN
1735,60,0.0,16200,LONDON_OPEN
1740,60,0.0,16200,LONDON_OPEN
1745,60,0.0,16200,LONDON_OPEN
1750,60,0.0,16200,LONDON_OPEN
1755,60,0.0,16200,LONDON_OPEN
1760,60,0.0,16200,LONDON_OPEN
1765,60,0.0,16200,LONDON_OPEN
1770,60,0.0,16200,LONDON_OPEN
1775,60,0.0,16200,LONDON_OPEN
1780,60,0.0,16200,LONDON_OPEN
1785,60,0.0,16200,LONDON_OPEN
1790,60,0.0,16200,LONDON_OPEN
1795,60,0.0,16200,LONDON_OPEN
1800,60,0.0,16200,LONDON_OPEN
1805,60,0.0,16200,LONDON_OPEN
1810,60,0.0,16200,LONDON_OPEN
1815,60,0.0,16200,LONDON_OPEN
1820,60,0.0,16200,LONDON_OPEN
1825,60,0.0,16200,LONDON_OPEN
1830,60,0.0,16200,LONDON_OPEN
1835,60,0.0,16200,LONDON_OPEN
1840,60,0.0,16200,LONDON_OPEN
1845,60,0.0,16200,LONDON_OPEN
1850,60,0.0,16200,LONDON_OPEN
1855,60,0.0,16200,LONDON_OPEN
1860,60,0.0,16200,LONDON_OPEN
1865,60,0.0,16200,LONDON_OPEN
1870,60,0.0,16200,LONDON_OPEN
1875,60,0.0,16200,LONDON_OPEN
1880,60,0.0,16200,LONDON_OPEN
1885,60,0.0,16200,LONDON_OPEN
1890,60,0.0,16200,LONDON_OPEN
1895,60,0.0,16200,LONDON_OPEN
1900,60,0.0,16200,LONDON_OPEN
1905,60,0.0,16200,LONDON_OPEN
1910,60,0.0,16200,LONDON_OPEN
1915,60,0.0,16200,LONDON_OPEN
1920,60,0.0,16200,LONDON_OPEN
1925,60,0.0,16200,LONDON_OPEN
1930,60,0.0,16200,LONDON_OPEN
1935,60,0.0,16200,LONDON_OPEN
1940,60,0.0,16200,LONDON_OPEN
1945,60,0.0,16200,LONDON_OPEN
1950,60,0.0,16200,LONDON_OPEN
1955,60,0.0,16200,LONDON_OPEN
1960,60,0.0,16200,LONDON_OPEN
1965,60,0.0,16200,LONDON_OPEN
1970,60,0.0,16200,LONDON_OPEN
1975,60,0.0,16200,LONDON_OPEN
1980,60,0.0,16200,LONDON_OPEN
1985,60,0.0,16200,LONDON_OPEN
1990,60,0.0,16200,LONDON_OPEN
1995,60,0.0,16200,LONDON_OPEN
2000,60,0.0,16200,LONDON_OPEN
50,60,0.73861,53820,NY
55,60,0.673411,53820,NY
60,60,0.613136,53820,NY
65,60,0.55563,53820,NY
70,60,0.499758,53820,NY
75,60,0.448402,53820,NY
80,60,0.398829,53820,NY
85,60,0.353809,53820,NY
90,60,0.313359,53820,NY
95,60,0.276496,53820,NY
100,60,0.243738,53820,NY
105,60,0.212728,53820,NY
110,60,0.186288,53820,NY
115,60,0.163062,53820,NY
120,60,0.142995,53820,NY
125,60,0.125065,53820,NY
130,60,0.109346,53820,NY
135,60,0.094407,53820,NY
140,60,0.081308,53820,NY
145,60,0.070011,53820,NY
150,60,0.060089,53820,NY
155,60,0.051468,53820,NY
160,60,0.043924,53820,NY
165,60,0.037625,53820,NY
170,60,0.032163,53820,NY
175,60,0.027406,53820,NY
180,60,0.02291,53820,NY
185,60,0.019212,53820,NY
190,60,0.016258,53820,NY
195,60,0.013973,53820,NY
200,60,0.012114,53820,NY
205,60,0.010294,53820,NY
210,60,0.008751,53820,NY
215,60,0.007172,53820,NY
220,60,0.006113,53820,NY
225,60,0.004998,53820,NY
230,60,0.004292,53820,NY
235,60,0.003605,53820,NY
240,60,0.002973,53820,NY
245,60,0.002378,53820,NY
250,60,0.001858,53820,NY
255,60,0.001672,53820,NY
260,60,0.001394,53820,NY
265,60,0.001226,53820,NY
270,60,0.001041,53820,NY
275,60,0.00091,53820,NY
280,60,0.000799,53820,NY
285,60,0.000557,53820,NY
290,60,0.000483,53820,NY
295,60,0.000427,53820,NY
300,60,0.000316,53820,NY
305,60,0.000279,53820,NY
310,60,0.00026,53820,NY
315,60,0.000242,53820,NY
320,60,0.000223,53820,NY
325,60,0.000186,53820,NY
330,60,0.000167,53820,NY
335,60,0.000167,53820,NY
340,60,0.00013,53820,NY
345,60,9.3e-05,53820,NY
350,60,7.4e-05,53820,NY
355,60,5.6e-05,53820,NY
360,60,3.7e-05,53820,NY
365,60,1.9e-05,53820,NY
370,60,0.0,53820,NY
375,60,0.0,53820,NY
380,60,0.0,53820,NY
385,60,0.0,53820,NY
390,60,0.0,53820,NY
395,60,0.0,53820,NY
400,60,0.0,53820,NY
405,60,0.0,53820,NY
410,60,0.0,53820,NY
415,60,0.0,53820,NY
420,60,0.0,53820,NY
425,60,0.0,53820,NY
430,60,0.0,53820,NY
435,60,0.0,53820,NY
440,60,0.0,53820,NY
445,60,0.0,53820,NY
450,60,0.0,53820,NY
455,60,0.0,53820,NY
460,60,0.0,53820,NY
465,60,0.0,53820,NY
470,60,0.0,53820,NY
475,60,0.0,53820,NY
480,60,0.0,53820,NY
485,60,0.0,53820,NY
490,60,0.0,53820,NY
495,60,0.0,53820,NY
500,60,0.0,53820,NY
505,60,0.0,53820,NY
510,60,0.0,53820,NY
515,60,0.0,53820,NY
520,60,0.0,53820,NY
525,60,0.0,53820,NY
530,60,0.0,53820,NY
535,60,0.0,53820,NY
540,60,0.0,53820,NY
545,60,0.0,53820,NY
550,60,0.0,53820,NY
555,60,0.0,53820,NY
560,60,0.0,53820,NY
565,60,0.0,53820,NY
570,60,0.0,53820,NY
575,60,0.0,53820,NY
580,60,0.0,53820,NY
585,60,0.0,53820,NY
590,60,0.0,53820,NY
595,60,0.0,53820,NY
600,60,0.0,53820,NY
605,60,0.0,53820,NY
610,60,0.0,53820,NY
615,60,0.0,53820,NY
620,60,0.0,53820,NY
625,60,0.0,53820,NY
630,60,0.0,53820,NY
635,60,0.0,53820,NY
640,60,0.0,53820,NY
645,60,0.0,53820,NY
650,60,0.0,53820,NY
655,60,0.0,53820,NY
660,60,0.0,53820,NY
665,60,0.0,53820,NY
670,60,0.0,53820,NY
675,60,0.0,53820,NY
680,60,0.0,53820,NY
685,60,0.0,53820,NY
690,60,0.0,53820,NY
695,60,0.0,53820,NY
700,60,0.0,53820,NY
705,60,0.0,53820,NY
710,60,0.0,53820,NY
715,60,0.0,53820,NY
720,60,0.0,53820,NY
725,60,0.0,53820,NY
730,60,0.0,53820,NY
735,60,0.0,53820,NY
740,60,0.0,53820,NY
745,60,0.0,53820,NY
750,60,0.0,53820,NY
755,60,0.0,53820,NY
760,60,0.0,53820,NY
765,60,0.0,53820,NY
770,60,0.0,53820,NY
775,60,0.0,53820,NY
780,60,0.0,53820,NY
785,60,0.0,53820,NY
790,60,0.0,53820,NY
795,60,0.0,53820,NY
800,60,0.0,53820,NY
805,60,0.0,53820,NY
810,60,0.0,53820,NY
815,60,0.0,53820,NY
820,60,0.0,53820,NY
825,60,0.0,53820,NY
830,60,0.0,53820,NY
835,60,0.0,53820,NY
840,60,0.0,53820,NY
845,60,0.0,53820,NY
850,60,0.0,53820,NY
855,60,0.0,53820,NY
860,60,0.0,53820,NY
865,60,0.0,53820,NY
870,60,0.0,53820,NY
875,60,0.0,53820,NY
880,60,0.0,53820,NY
885,60,0.0,53820,NY
890,60,0.0,53820,NY
895,60,0.0,53820,NY
900,60,0.0,53820,NY
905,60,0.0,53820,NY
910,60,0.0,53820,NY
915,60,0.0,53820,NY
920,60,0.0,53820,NY
925,60,0.0,53820,NY
930,60,0.0,53820,NY
935,60,0.0,53820,NY
940,60,0.0,53820,NY
945,60,0.0,53820,NY
950,60,0.0,53820,NY
955,60,0.0,53820,NY
960,60,0.0,53820,NY
965,60,0.0,53820,NY
970,60,0.0,53820,NY
975,60,0.0,53820,NY
980,60,0.0,53820,NY
985,60,0.0,53820,NY
990,60,0.0,53820,NY
995,60,0.0,53820,NY
1000,60,0.0,53820,NY
1005,60,0.0,53820,NY
1010,60,0.0,53820,NY
1015,60,0.0,53820,NY
1020,60,0.0,53820,NY
1025,60,0.0,53820,NY
1030,60,0.0,53820,NY
1035,60,0.0,53820,NY
1040,60,0.0,53820,NY
1045,60,0.0,53820,NY
1050,60,0.0,53820,NY
1055,60,0.0,53820,NY
1060,60,0.0,53820,NY
1065,60,0.0,53820,NY
1070,60,0.0,53820,NY
1075,60,0.0,53820,NY
1080,60,0.0,53820,NY
1085,60,0.0,53820,NY
1090,60,0.0,53820,NY
1095,60,0.0,53820,NY
1100,60,0.0,53820,NY
1105,60,0.0,53820,NY
1110,60,0.0,53820,NY
1115,60,0.0,53820,NY
1120,60,0.0,53820,NY
1125,60,0.0,53820,NY
1130,60,0.0,53820,NY
1135,60,0.0,53820,NY
1140,60,0.0,53820,NY
1145,60,0.0,53820,NY
1150,60,0.0,53820,NY
1155,60,0.0,53820,NY
1160,60,0.0,53820,NY
1165,60,0.0,53820,NY
1170,60,0.0,53820,NY
1175,60,0.0,53820,NY
1180,60,0.0,53820,NY
1185,60,0.0,53820,NY
1190,60,0.0,53820,NY
1195,60,0.0,53820,NY
1200,60,0.0,53820,NY
1205,60,0.0,53820,NY
1210,60,0.0,53820,NY
1215,60,0.0,53820,NY
1220,60,0.0,53820,NY
1225,60,0.0,53820,NY
1230,60,0.0,53820,NY
1235,60,0.0,53820,NY
1240,60,0.0,53820,NY
1245,60,0.0,53820,NY
1250,60,0.0,53820,NY
1255,60,0.0,53820,NY
1260,60,0.0,53820,NY
1265,60,0.0,53820,NY
1270,60,0.0,53820,NY
1275,60,0.0,53820,NY
1280,60,0.0,53820,NY
1285,60,0.0,53820,NY
1290,60,0.0,53820,NY
1295,60,0.0,53820,NY
1300,60,0.0,53820,NY
1305,60,0.0,53820,NY
1310,60,0.0,53820,NY
1315,60,0.0,53820,NY
1320,60,0.0,53820,NY
1325,60,0.0,53820,NY
1330,60,0.0,53820,NY
1335,60,0.0,53820,NY
1340,60,0.0,53820,NY
1345,60,0.0,53820,NY
1350,60,0.0,53820,NY
1355,60,0.0,53820,NY
1360,60,0.0,53820,NY
1365,60,0.0,53820,NY
1370,60,0.0,53820,NY
1375,60,0.0,53820,NY
1380,60,0.0,53820,NY
1385,60,0.0,53820,NY
1390,60,0.0,53820,NY
1395,60,0.0,53820,NY
1400,60,0.0,53820,NY
1405,60,0.0,53820,NY
1410,60,0.0,53820,NY
1415,60,0.0,53820,NY
1420,60,0.0,53820,NY
1425,60,0.0,53820,NY
1430,60,0.0,53820,NY
1435,60,0.0,53820,NY
1440,60,0.0,53820,NY
1445,60,0.0,53820,NY
1450,60,0.0,53820,NY
1455,60,0.0,53820,NY
1460,60,0.0,53820,NY
1465,60,0.0,53820,NY
1470,60,0.0,53820,NY
1475,60,0.0,53820,NY
1480,60,0.0,53820,NY
1485,60,0.0,53820,NY
1490,60,0.0,53820,NY
1495,60,0.0,53820,NY
1500,60,0.0,53820,NY
1505,60,0.0,53820,NY
1510,60,0.0,53820,NY
1515,60,0.0,53820,NY
1520,60,0.0,53820,NY
1525,60,0.0,53820,NY
1530,60,0.0,53820,NY
1535,60,0.0,53820,NY
1540,60,0.0,53820,NY
1545,60,0.0,53820,NY
1550,60,0.0,53820,NY
1555,60,0.0,53820,NY
1560,60,0.0,53820,NY
1565,60,0.0,53820,NY
1570,60,0.0,53820,NY
1575,60,0.0,53820,NY
1580,60,0.0,53820,NY
1585,60,0.0,53820,NY
1590,60,0.0,53820,NY
1595,60,0.0,53820,NY
1600,60,0.0,53820,NY
1605,60,0.0,53820,NY
1610,60,0.0,53820,NY
1615,60,0.0,53820,NY
1620,60,0.0,53820,NY
1625,60,0.0,53820,NY
1630,60,0.0,53820,NY
1635,60,0.0,53820,NY
1640,60,0.0,53820,NY
1645,60,0.0,53820,NY
1650,60,0.0,53820,NY
1655,60,0.0,53820,NY
1660,60,0.0,53820,NY
1665,60,0.0,53820,NY
1670,60,0.0,53820,NY
1675,60,0.0,53820,NY
1680,60,0.0,53820,NY
1685,60,0.0,53820,NY
1690,60,0.0,53820,NY
1695,60,0.0,53820,NY
1700,60,0.0,53820,NY
1705,60,0.0,53820,NY
1710,60,0.0,53820,NY
1715,60,0.0,53820,NY
1720,60,0.0,53820,NY
1725,60,0.0,53820,NY
1730,60,0.0,53820,NY
1735,60,0.0,53820,NY
1740,60,0.0,53820,NY
1745,60,0.0,53820,NY
1750,60,0.0,53820,NY
1755,60,0.0,53820,NY
1760,60,0.0,53820,NY
1765,60,0.0,53820,NY
1770,60,0.0,53820,NY
1775,60,0.0,53820,NY
1780,60,0.0,53820,NY
1785,60,0.0,53820,NY
1790,60,0.0,53820,NY
1795,60,0.0,53820,NY
1800,60,0.0,53820,NY
1805,60,0.0,53820,NY
1810,60,0.0,53820,NY
1815,60,0.0,53820,NY
1820,60,0.0,53820,NY
1825,60,0.0,53820,NY
1830,60,0.0,53820,NY
1835,60,0.0,53820,NY
1840,60,0.0,53820,NY
1845,60,0.0,53820,NY
1850,60,0.0,53820,NY
1855,60,0.0,53820,NY
1860,60,0.0,53820,NY
1865,60,0.0,53820,NY
1870,60,0.0,53820,NY
1875,60,0.0,53820,NY
1880,60,0.0,53820,NY
1885,60,0.0,53820,NY
1890,60,0.0,53820,NY
1895,60,0.0,53820,NY
1900,60,0.0,53820,NY
1905,60,0.0,53820,NY
1910,60,0.0,53820,NY
1915,60,0.0,53820,NY
1920,60,0.0,53820,NY
1925,60,0.0,53820,NY
1930,60,0.0,53820,NY
1935,60,0.0,53820,NY
1940,60,0.0,53820,NY
1945,60,0.0,53820,NY
1950,60,0.0,53820,NY
1955,60,0.0,53820,NY
1960,60,0.0,53820,NY
1965,60,0.0,53820,NY
1970,60,0.0,53820,NY
1975,60,0.0,53820,NY
1980,60,0.0,53820,NY
1985,60,0.0,53820,NY
1990,60,0.0,53820,NY
1995,60,0.0,53820,NY
2000,60,0.0,53820,NY
50,60,0.66963,10800,NY_CLOSE
55,60,0.60213,10800,NY_CLOSE
60,60,0.538981,10800,NY_CLOSE
65,60,0.480185,10800,NY_CLOSE
70,60,0.428056,10800,NY_CLOSE
75,60,0.375741,10800,NY_CLOSE
80,60,0.327778,10800,NY_CLOSE
85,60,0.286944,10800,NY_CLOSE
90,60,0.250278,10800,NY_CLOSE
95,60,0.215648,10800,NY_CLOSE
100,60,0.186667,10800,NY_CLOSE
105,60,0.158148,10800,NY_CLOSE
110,60,0.136574,10800,NY_CLOSE
115,60,0.118519,10800,NY_CLOSE
120,60,0.101019,10800,NY_CLOSE
125,60,0.085648,10800,NY_CLOSE
130,60,0.073056,10800,NY_CLOSE
135,60,0.061759,10800,NY_CLOSE
140,60,0.053426,10800,NY_CLOSE
145,60,0.045556,10800,NY_CLOSE
150,60,0.038148,10800,NY_CLOSE
155,60,0.030741,10800,NY_CLOSE
160,60,0.025926,10800,NY_CLOSE
165,60,0.021296,10800,NY_CLOSE
170,60,0.017407,10800,NY_CLOSE
175,60,0.014259,10800,NY_CLOSE
180,60,0.011667,10800,NY_CLOSE
185,60,0.010278,10800,NY_CLOSE
190,60,0.008611,10800,NY_CLOSE
195,60,0.00713,10800,NY_CLOSE
200,60,0.006111,10800,NY_CLOSE
205,60,0.004815,10800,NY_CLOSE
210,60,0.003611,10800,NY_CLOSE
215,60,0.002963,10800,NY_CLOSE
220,60,0.002222,10800,NY_CLOSE
225,60,0.001667,10800,NY_CLOSE
230,60,0.001111,10800,NY_CLOSE
235,60,0.000556,10800,NY_CLOSE
240,60,0.000463,10800,NY_CLOSE
245,60,0.000463,10800,NY_CLOSE
250,60,0.000463,10800,NY_CLOSE
255,60,0.000185,10800,NY_CLOSE
260,60,9.3e-05,10800,NY_CLOSE
265,60,9.3e-05,10800,NY_CLOSE
270,60,9.3e-05,10800,NY_CLOSE
275,60,9.3e-05,10800,NY_CLOSE
280,60,9.3e-05,10800,NY_CLOSE
285,60,9.3e-05,10800,NY_CLOSE
290,60,9.3e-05,10800,NY_CLOSE
295,60,9.3e-05,10800,NY_CLOSE
300,60,9.3e-05,10800,NY_CLOSE
305,60,9.3e-05,10800,NY_CLOSE
310,60,9.3e-05,10800,NY_CLOSE
315,60,9.3e-05,10800,NY_CLOSE
320,60,9.3e-05,10800,NY_CLOSE
325,60,9.3e-05,10800,NY_CLOSE
330,60,9.3e-05,10800,NY_CLOSE
335,60,9.3e-05,10800,NY_CLOSE
340,60,0.0,10800,NY_CLOSE
345,60,0.0,10800,NY_CLOSE
350,60,0.0,10800,NY_CLOSE
355,60,0.0,10800,NY_CLOSE
360,60,0.0,10800,NY_CLOSE
365,60,0.0,10800,NY_CLOSE
370,60,0.0,10800,NY_CLOSE
375,60,0.0,10800,NY_CLOSE
380,60,0.0,10800,NY_CLOSE
385,60,0.0,10800,NY_CLOSE
390,60,0.0,10800,NY_CLOSE
395,60,0.0,10800,NY_CLOSE
400,60,0.0,10800,NY_CLOSE
405,60,0.0,10800,NY_CLOSE
410,60,0.0,10800,NY_CLOSE
415,60,0.0,10800,NY_CLOSE
420,60,0.0,10800,NY_CLOSE
425,60,0.0,10800,NY_CLOSE
430,60,0.0,10800,NY_CLOSE
435,60,0.0,10800,NY_CLOSE
440,60,0.0,10800,NY_CLOSE
445,60,0.0,10800,NY_CLOSE
450,60,0.0,10800,NY_CLOSE
455,60,0.0,10800,NY_CLOSE
460,60,0.0,10800,NY_CLOSE
465,60,0.0,10800,NY_CLOSE
470,60,0.0,10800,NY_CLOSE
475,60,0.0,10800,NY_CLOSE
480,60,0.0,10800,NY_CLOSE
485,60,0.0,10800,NY_CLOSE
490,60,0.0,10800,NY_CLOSE
495,60,0.0,10800,NY_CLOSE
500,60,0.0,10800,NY_CLOSE
505,60,0.0,10800,NY_CLOSE
510,60,0.0,10800,NY_CLOSE
515,60,0.0,10800,NY_CLOSE
520,60,0.0,10800,NY_CLOSE
525,60,0.0,10800,NY_CLOSE
530,60,0.0,10800,NY_CLOSE
535,60,0.0,10800,NY_CLOSE
540,60,0.0,10800,NY_CLOSE
545,60,0.0,10800,NY_CLOSE
550,60,0.0,10800,NY_CLOSE
555,60,0.0,10800,NY_CLOSE
560,60,0.0,10800,NY_CLOSE
565,60,0.0,10800,NY_CLOSE
570,60,0.0,10800,NY_CLOSE
575,60,0.0,10800,NY_CLOSE
580,60,0.0,10800,NY_CLOSE
585,60,0.0,10800,NY_CLOSE
590,60,0.0,10800,NY_CLOSE
595,60,0.0,10800,NY_CLOSE
600,60,0.0,10800,NY_CLOSE
605,60,0.0,10800,NY_CLOSE
610,60,0.0,10800,NY_CLOSE
615,60,0.0,10800,NY_CLOSE
620,60,0.0,10800,NY_CLOSE
625,60,0.0,10800,NY_CLOSE
630,60,0.0,10800,NY_CLOSE
635,60,0.0,10800,NY_CLOSE
640,60,0.0,10800,NY_CLOSE
645,60,0.0,10800,NY_CLOSE
650,60,0.0,10800,NY_CLOSE
655,60,0.0,10800,NY_CLOSE
660,60,0.0,10800,NY_CLOSE
665,60,0.0,10800,NY_CLOSE
670,60,0.0,10800,NY_CLOSE
675,60,0.0,10800,NY_CLOSE
680,60,0.0,10800,NY_CLOSE
685,60,0.0,10800,NY_CLOSE
690,60,0.0,10800,NY_CLOSE
695,60,0.0,10800,NY_CLOSE
700,60,0.0,10800,NY_CLOSE
705,60,0.0,10800,NY_CLOSE
710,60,0.0,10800,NY_CLOSE
715,60,0.0,10800,NY_CLOSE
720,60,0.0,10800,NY_CLOSE
725,60,0.0,10800,NY_CLOSE
730,60,0.0,10800,NY_CLOSE
735,60,0.0,10800,NY_CLOSE
740,60,0.0,10800,NY_CLOSE
745,60,0.0,10800,NY_CLOSE
750,60,0.0,10800,NY_CLOSE
755,60,0.0,10800,NY_CLOSE
760,60,0.0,10800,NY_CLOSE
765,60,0.0,10800,NY_CLOSE
770,60,0.0,10800,NY_CLOSE
775,60,0.0,10800,NY_CLOSE
780,60,0.0,10800,NY_CLOSE
785,60,0.0,10800,NY_CLOSE
790,60,0.0,10800,NY_CLOSE
795,60,0.0,10800,NY_CLOSE
800,60,0.0,10800,NY_CLOSE
805,60,0.0,10800,NY_CLOSE
810,60,0.0,10800,NY_CLOSE
815,60,0.0,10800,NY_CLOSE
820,60,0.0,10800,NY_CLOSE
825,60,0.0,10800,NY_CLOSE
830,60,0.0,10800,NY_CLOSE
835,60,0.0,10800,NY_CLOSE
840,60,0.0,10800,NY_CLOSE
845,60,0.0,10800,NY_CLOSE
850,60,0.0,10800,NY_CLOSE
855,60,0.0,10800,NY_CLOSE
860,60,0.0,10800,NY_CLOSE
865,60,0.0,10800,NY_CLOSE
870,60,0.0,10800,NY_CLOSE
875,60,0.0,10800,NY_CLOSE
880,60,0.0,10800,NY_CLOSE
885,60,0.0,10800,NY_CLOSE
890,60,0.0,10800,NY_CLOSE
895,60,0.0,10800,NY_CLOSE
900,60,0.0,10800,NY_CLOSE
905,60,0.0,10800,NY_CLOSE
910,60,0.0,10800,NY_CLOSE
915,60,0.0,10800,NY_CLOSE
920,60,0.0,10800,NY_CLOSE
925,60,0.0,10800,NY_CLOSE
930,60,0.0,10800,NY_CLOSE
935,60,0.0,10800,NY_CLOSE
940,60,0.0,10800,NY_CLOSE
945,60,0.0,10800,NY_CLOSE
950,60,0.0,10800,NY_CLOSE
955,60,0.0,10800,NY_CLOSE
960,60,0.0,10800,NY_CLOSE
965,60,0.0,10800,NY_CLOSE
970,60,0.0,10800,NY_CLOSE
975,60,0.0,10800,NY_CLOSE
980,60,0.0,10800,NY_CLOSE
985,60,0.0,10800,NY_CLOSE
990,60,0.0,10800,NY_CLOSE
995,60,0.0,10800,NY_CLOSE
1000,60,0.0,10800,NY_CLOSE
1005,60,0.0,10800,NY_CLOSE
1010,60,0.0,10800,NY_CLOSE
1015,60,0.0,10800,NY_CLOSE
1020,60,0.0,10800,NY_CLOSE
1025,60,0.0,10800,NY_CLOSE
1030,60,0.0,10800,NY_CLOSE
1035,60,0.0,10800,NY_CLOSE
1040,60,0.0,10800,NY_CLOSE
1045,60,0.0,10800,NY_CLOSE
1050,60,0.0,10800,NY_CLOSE
1055,60,0.0,10800,NY_CLOSE
1060,60,0.0,10800,NY_CLOSE
1065,60,0.0,10800,NY_CLOSE
1070,60,0.0,10800,NY_CLOSE
1075,60,0.0,10800,NY_CLOSE
1080,60,0.0,10800,NY_CLOSE
1085,60,0.0,10800,NY_CLOSE
1090,60,0.0,10800,NY_CLOSE
1095,60,0.0,10800,NY_CLOSE
1100,60,0.0,10800,NY_CLOSE
1105,60,0.0,10800,NY_CLOSE
1110,60,0.0,10800,NY_CLOSE
1115,60,0.0,10800,NY_CLOSE
1120,60,0.0,10800,NY_CLOSE
1125,60,0.0,10800,NY_CLOSE
1130,60,0.0,10800,NY_CLOSE
1135,60,0.0,10800,NY_CLOSE
1140,60,0.0,10800,NY_CLOSE
1145,60,0.0,10800,NY_CLOSE
1150,60,0.0,10800,NY_CLOSE
1155,60,0.0,10800,NY_CLOSE
1160,60,0.0,10800,NY_CLOSE
1165,60,0.0,10800,NY_CLOSE
1170,60,0.0,10800,NY_CLOSE
1175,60,0.0,10800,NY_CLOSE
1180,60,0.0,10800,NY_CLOSE
1185,60,0.0,10800,NY_CLOSE
1190,60,0.0,10800,NY_CLOSE
1195,60,0.0,10800,NY_CLOSE
1200,60,0.0,10800,NY_CLOSE
1205,60,0.0,10800,NY_CLOSE
1210,60,0.0,10800,NY_CLOSE
1215,60,0.0,10800,NY_CLOSE
1220,60,0.0,10800,NY_CLOSE
1225,60,0.0,10800,NY_CLOSE
1230,60,0.0,10800,NY_CLOSE
1235,60,0.0,10800,NY_CLOSE
1240,60,0.0,10800,NY_CLOSE
1245,60,0.0,10800,NY_CLOSE
1250,60,0.0,10800,NY_CLOSE
1255,60,0.0,10800,NY_CLOSE
1260,60,0.0,10800,NY_CLOSE
1265,60,0.0,10800,NY_CLOSE
1270,60,0.0,10800,NY_CLOSE
1275,60,0.0,10800,NY_CLOSE
1280,60,0.0,10800,NY_CLOSE
1285,60,0.0,10800,NY_CLOSE
1290,60,0.0,10800,NY_CLOSE
1295,60,0.0,10800,NY_CLOSE
1300,60,0.0,10800,NY_CLOSE
1305,60,0.0,10800,NY_CLOSE
1310,60,0.0,10800,NY_CLOSE
1315,60,0.0,10800,NY_CLOSE
1320,60,0.0,10800,NY_CLOSE
1325,60,0.0,10800,NY_CLOSE
1330,60,0.0,10800,NY_CLOSE
1335,60,0.0,10800,NY_CLOSE
1340,60,0.0,10800,NY_CLOSE
1345,60,0.0,10800,NY_CLOSE
1350,60,0.0,10800,NY_CLOSE
1355,60,0.0,10800,NY_CLOSE
1360,60,0.0,10800,NY_CLOSE
1365,60,0.0,10800,NY_CLOSE
1370,60,0.0,10800,NY_CLOSE
1375,60,0.0,10800,NY_CLOSE
1380,60,0.0,10800,NY_CLOSE
1385,60,0.0,10800,NY_CLOSE
1390,60,0.0,10800,NY_CLOSE
1395,60,0.0,10800,NY_CLOSE
1400,60,0.0,10800,NY_CLOSE
1405,60,0.0,10800,NY_CLOSE
1410,60,0.0,10800,NY_CLOSE
1415,60,0.0,10800,NY_CLOSE
1420,60,0.0,10800,NY_CLOSE
1425,60,0.0,10800,NY_CLOSE
1430,60,0.0,10800,NY_CLOSE
1435,60,0.0,10800,NY_CLOSE
1440,60,0.0,10800,NY_CLOSE
1445,60,0.0,10800,NY_CLOSE
1450,60,0.0,10800,NY_CLOSE
1455,60,0.0,10800,NY_CLOSE
1460,60,0.0,10800,NY_CLOSE
1465,60,0.0,10800,NY_CLOSE
1470,60,0.0,10800,NY_CLOSE
1475,60,0.0,10800,NY_CLOSE
1480,60,0.0,10800,NY_CLOSE
1485,60,0.0,10800,NY_CLOSE
1490,60,0.0,10800,NY_CLOSE
1495,60,0.0,10800,NY_CLOSE
1500,60,0.0,10800,NY_CLOSE
1505,60,0.0,10800,NY_CLOSE
1510,60,0.0,10800,NY_CLOSE
1515,60,0.0,10800,NY_CLOSE
1520,60,0.0,10800,NY_CLOSE
1525,60,0.0,10800,NY_CLOSE
1530,60,0.0,10800,NY_CLOSE
1535,60,0.0,10800,NY_CLOSE
1540,60,0.0,10800,NY_CLOSE
1545,60,0.0,10800,NY_CLOSE
1550,60,0.0,10800,NY_CLOSE
1555,60,0.0,10800,NY_CLOSE
1560,60,0.0,10800,NY_CLOSE
1565,60,0.0,10800,NY_CLOSE
1570,60,0.0,10800,NY_CLOSE
1575,60,0.0,10800,NY_CLOSE
1580,60,0.0,10800,NY_CLOSE
1585,60,0.0,10800,NY_CLOSE
1590,60,0.0,10800,NY_CLOSE
1595,60,0.0,10800,NY_CLOSE
1600,60,0.0,10800,NY_CLOSE
1605,60,0.0,10800,NY_CLOSE
1610,60,0.0,10800,NY_CLOSE
1615,60,0.0,10800,NY_CLOSE
1620,60,0.0,10800,NY_CLOSE
1625,60,0.0,10800,NY_CLOSE
1630,60,0.0,10800,NY_CLOSE
1635,60,0.0,10800,NY_CLOSE
1640,60,0.0,10800,NY_CLOSE
1645,60,0.0,10800,NY_CLOSE
1650,60,0.0,10800,NY_CLOSE
1655,60,0.0,10800,NY_CLOSE
1660,60,0.0,10800,NY_CLOSE
1665,60,0.0,10800,NY_CLOSE
1670,60,0.0,10800,NY_CLOSE
1675,60,0.0,10800,NY_CLOSE
1680,60,0.0,10800,NY_CLOSE
1685,60,0.0,10800,NY_CLOSE
1690,60,0.0,10800,NY_CLOSE
1695,60,0.0,10800,NY_CLOSE
1700,60,0.0,10800,NY_CLOSE
1705,60,0.0,10800,NY_CLOSE
1710,60,0.0,10800,NY_CLOSE
1715,60,0.0,10800,NY_CLOSE
1720,60,0.0,10800,NY_CLOSE
1725,60,0.0,10800,NY_CLOSE
1730,60,0.0,10800,NY_CLOSE
1735,60,0.0,10800,NY_CLOSE
1740,60,0.0,10800,NY_CLOSE
1745,60,0.0,10800,NY_CLOSE
1750,60,0.0,10800,NY_CLOSE
1755,60,0.0,10800,NY_CLOSE
1760,60,0.0,10800,NY_CLOSE
1765,60,0.0,10800,NY_CLOSE
1770,60,0.0,10800,NY_CLOSE
1775,60,0.0,10800,NY_CLOSE
1780,60,0.0,10800,NY_CLOSE
1785,60,0.0,10800,NY_CLOSE
1790,60,0.0,10800,NY_CLOSE
1795,60,0.0,10800,NY_CLOSE
1800,60,0.0,10800,NY_CLOSE
1805,60,0.0,10800,NY_CLOSE
1810,60,0.0,10800,NY_CLOSE
1815,60,0.0,10800,NY_CLOSE
1820,60,0.0,10800,NY_CLOSE
1825,60,0.0,10800,NY_CLOSE
1830,60,0.0,10800,NY_CLOSE
1835,60,0.0,10800,NY_CLOSE
1840,60,0.0,10800,NY_CLOSE
1845,60,0.0,10800,NY_CLOSE
1850,60,0.0,10800,NY_CLOSE
1855,60,0.0,10800,NY_CLOSE
1860,60,0.0,10800,NY_CLOSE
1865,60,0.0,10800,NY_CLOSE
1870,60,0.0,10800,NY_CLOSE
1875,60,0.0,10800,NY_CLOSE
1880,60,0.0,10800,NY_CLOSE
1885,60,0.0,10800,NY_CLOSE
1890,60,0.0,10800,NY_CLOSE
1895,60,0.0,10800,NY_CLOSE
1900,60,0.0,10800,NY_CLOSE
1905,60,0.0,10800,NY_CLOSE
1910,60,0.0,10800,NY_CLOSE
1915,60,0.0,10800,NY_CLOSE
1920,60,0.0,10800,NY_CLOSE
1925,60,0.0,10800,NY_CLOSE
1930,60,0.0,10800,NY_CLOSE
1935,60,0.0,10800,NY_CLOSE
1940,60,0.0,10800,NY_CLOSE
1945,60,0.0,10800,NY_CLOSE
1950,60,0.0,10800,NY_CLOSE
1955,60,0.0,10800,NY_CLOSE
1960,60,0.0,10800,NY_CLOSE
1965,60,0.0,10800,NY_CLOSE
1970,60,0.0,10800,NY_CLOSE
1975,60,0.0,10800,NY_CLOSE
1980,60,0.0,10800,NY_CLOSE
1985,60,0.0,10800,NY_CLOSE
1990,60,0.0,10800,NY_CLOSE
1995,60,0.0,10800,NY_CLOSE
2000,60,0.0,10800,NY_CLOSE
50,60,0.833611,10800,NY_OPEN
55,60,0.783333,10800,NY_OPEN
60,60,0.731759,10800,NY_OPEN
65,60,0.677778,10800,NY_OPEN
70,60,0.62713,10800,NY_OPEN
75,60,0.5775,10800,NY_OPEN
80,60,0.52713,10800,NY_OPEN
85,60,0.481111,10800,NY_OPEN
90,60,0.435185,10800,NY_OPEN
95,60,0.396944,10800,NY_OPEN
100,60,0.358981,10800,NY_OPEN
105,60,0.324722,10800,NY_OPEN
110,60,0.291759,10800,NY_OPEN
115,60,0.262315,10800,NY_OPEN
120,60,0.236574,10800,NY_OPEN
125,60,0.212963,10800,NY_OPEN
130,60,0.189352,10800,NY_OPEN
135,60,0.169259,10800,NY_OPEN
140,60,0.15037,10800,NY_OPEN
145,60,0.133889,10800,NY_OPEN
150,60,0.119074,10800,NY_OPEN
155,60,0.105463,10800,NY_OPEN
160,60,0.092963,10800,NY_OPEN
165,60,0.081204,10800,NY_OPEN
170,60,0.071389,10800,NY_OPEN
175,60,0.062778,10800,NY_OPEN
180,60,0.05537,10800,NY_OPEN
185,60,0.048796,10800,NY_OPEN
190,60,0.041944,10800,NY_OPEN
195,60,0.035556,10800,NY_OPEN
200,60,0.031389,10800,NY_OPEN
205,60,0.027407,10800,NY_OPEN
210,60,0.024537,10800,NY_OPEN
215,60,0.021852,10800,NY_OPEN
220,60,0.018981,10800,NY_OPEN
225,60,0.01713,10800,NY_OPEN
230,60,0.01537,10800,NY_OPEN
235,60,0.013333,10800,NY_OPEN
240,60,0.012407,10800,NY_OPEN
245,60,0.01037,10800,NY_OPEN
250,60,0.009722,10800,NY_OPEN
255,60,0.007963,10800,NY_OPEN
260,60,0.006852,10800,NY_OPEN
265,60,0.005463,10800,NY_OPEN
270,60,0.00463,10800,NY_OPEN
275,60,0.004074,10800,NY_OPEN
280,60,0.003704,10800,NY_OPEN
285,60,0.002685,10800,NY_OPEN
290,60,0.002037,10800,NY_OPEN
295,60,0.001667,10800,NY_OPEN
300,60,0.001481,10800,NY_OPEN
305,60,0.001111,10800,NY_OPEN
310,60,0.001019,10800,NY_OPEN
315,60,0.000833,10800,NY_OPEN
320,60,0.000741,10800,NY_OPEN
325,60,0.000556,10800,NY_OPEN
330,60,0.000556,10800,NY_OPEN
335,60,0.000463,10800,NY_OPEN
340,60,0.000463,10800,NY_OPEN
345,60,0.00037,10800,NY_OPEN
350,60,0.00037,10800,NY_OPEN
355,60,0.00037,10800,NY_OPEN
360,60,0.000278,10800,NY_OPEN
365,60,0.000185,10800,NY_OPEN
370,60,0.000185,10800,NY_OPEN
375,60,0.000185,10800,NY_OPEN
380,60,0.000185,10800,NY_OPEN
385,60,0.000185,10800,NY_OPEN
390,60,0.000185,10800,NY_OPEN
395,60,0.000185,10800,NY_OPEN
400,60,0.000185,10800,NY_OPEN
405,60,0.000185,10800,NY_OPEN
410,60,9.3e-05,10800,NY_OPEN
415,60,9.3e-05,10800,NY_OPEN
420,60,9.3e-05,10800,NY_OPEN
425,60,0.0,10800,NY_OPEN
430,60,0.0,10800,NY_OPEN
435,60,0.0,10800,NY_OPEN
440,60,0.0,10800,NY_OPEN
445,60,0.0,10800,NY_OPEN
450,60,0.0,10800,NY_OPEN
455,60,0.0,10800,NY_OPEN
460,60,0.0,10800,NY_OPEN
465,60,0.0,10800,NY_OPEN
470,60,0.0,10800,NY_OPEN
475,60,0.0,10800,NY_OPEN
480,60,0.0,10800,NY_OPEN
485,60,0.0,10800,NY_OPEN
490,60,0.0,10800,NY_OPEN
495,60,0.0,10800,NY_OPEN
500,60,0.0,10800,NY_OPEN
505,60,0.0,10800,NY_OPEN
510,60,0.0,10800,NY_OPEN
515,60,0.0,10800,NY_OPEN
520,60,0.0,10800,NY_OPEN
525,60,0.0,10800,NY_OPEN
530,60,0.0,10800,NY_OPEN
535,60,0.0,10800,NY_OPEN
540,60,0.0,10800,NY_OPEN
545,60,0.0,10800,NY_OPEN
550,60,0.0,10800,NY_OPEN
555,60,0.0,10800,NY_OPEN
560,60,0.0,10800,NY_OPEN
565,60,0.0,10800,NY_OPEN
570,60,0.0,10800,NY_OPEN
575,60,0.0,10800,NY_OPEN
580,60,0.0,10800,NY_OPEN
585,60,0.0,10800,NY_OPEN
590,60,0.0,10800,NY_OPEN
595,60,0.0,10800,NY_OPEN
600,60,0.0,10800,NY_OPEN
605,60,0.0,10800,NY_OPEN
610,60,0.0,10800,NY_OPEN
615,60,0.0,10800,NY_OPEN
620,60,0.0,10800,NY_OPEN
625,60,0.0,10800,NY_OPEN
630,60,0.0,10800,NY_OPEN
635,60,0.0,10800,NY_OPEN
640,60,0.0,10800,NY_OPEN
645,60,0.0,10800,NY_OPEN
650,60,0.0,10800,NY_OPEN
655,60,0.0,10800,NY_OPEN
660,60,0.0,10800,NY_OPEN
665,60,0.0,10800,NY_OPEN
670,60,0.0,10800,NY_OPEN
675,60,0.0,10800,NY_OPEN
680,60,0.0,10800,NY_OPEN
685,60,0.0,10800,NY_OPEN
690,60,0.0,10800,NY_OPEN
695,60,0.0,10800,NY_OPEN
700,60,0.0,10800,NY_OPEN
705,60,0.0,10800,NY_OPEN
710,60,0.0,10800,NY_OPEN
715,60,0.0,10800,NY_OPEN
720,60,0.0,10800,NY_OPEN
725,60,0.0,10800,NY_OPEN
730,60,0.0,10800,NY_OPEN
735,60,0.0,10800,NY_OPEN
740,60,0.0,10800,NY_OPEN
745,60,0.0,10800,NY_OPEN
750,60,0.0,10800,NY_OPEN
755,60,0.0,10800,NY_OPEN
760,60,0.0,10800,NY_OPEN
765,60,0.0,10800,NY_OPEN
770,60,0.0,10800,NY_OPEN
775,60,0.0,10800,NY_OPEN
780,60,0.0,10800,NY_OPEN
785,60,0.0,10800,NY_OPEN
790,60,0.0,10800,NY_OPEN
795,60,0.0,10800,NY_OPEN
800,60,0.0,10800,NY_OPEN
805,60,0.0,10800,NY_OPEN
810,60,0.0,10800,NY_OPEN
815,60,0.0,10800,NY_OPEN
820,60,0.0,10800,NY_OPEN
825,60,0.0,10800,NY_OPEN
830,60,0.0,10800,NY_OPEN
835,60,0.0,10800,NY_OPEN
840,60,0.0,10800,NY_OPEN
845,60,0.0,10800,NY_OPEN
850,60,0.0,10800,NY_OPEN
855,60,0.0,10800,NY_OPEN
860,60,0.0,10800,NY_OPEN
865,60,0.0,10800,NY_OPEN
870,60,0.0,10800,NY_OPEN
875,60,0.0,10800,NY_OPEN
880,60,0.0,10800,NY_OPEN
885,60,0.0,10800,NY_OPEN
890,60,0.0,10800,NY_OPEN
895,60,0.0,10800,NY_OPEN
900,60,0.0,10800,NY_OPEN
905,60,0.0,10800,NY_OPEN
910,60,0.0,10800,NY_OPEN
915,60,0.0,10800,NY_OPEN
920,60,0.0,10800,NY_OPEN
925,60,0.0,10800,NY_OPEN
930,60,0.0,10800,NY_OPEN
935,60,0.0,10800,NY_OPEN
940,60,0.0,10800,NY_OPEN
945,60,0.0,10800,NY_OPEN
950,60,0.0,10800,NY_OPEN
955,60,0.0,10800,NY_OPEN
960,60,0.0,10800,NY_OPEN
965,60,0.0,10800,NY_OPEN
970,60,0.0,10800,NY_OPEN
975,60,0.0,10800,NY_OPEN
980,60,0.0,10800,NY_OPEN
985,60,0.0,10800,NY_OPEN
990,60,0.0,10800,NY_OPEN
995,60,0.0,10800,NY_OPEN
1000,60,0.0,10800,NY_OPEN
1005,60,0.0,10800,NY_OPEN
1010,60,0.0,10800,NY_OPEN
1015,60,0.0,10800,NY_OPEN
1020,60,0.0,10800,NY_OPEN
1025,60,0.0,10800,NY_OPEN
1030,60,0.0,10800,NY_OPEN
1035,60,0.0,10800,NY_OPEN
1040,60,0.0,10800,NY_OPEN
1045,60,0.0,10800,NY_OPEN
1050,60,0.0,10800,NY_OPEN
1055,60,0.0,10800,NY_OPEN
1060,60,0.0,10800,NY_OPEN
1065,60,0.0,10800,NY_OPEN
1070,60,0.0,10800,NY_OPEN
1075,60,0.0,10800,NY_OPEN
1080,60,0.0,10800,NY_OPEN
1085,60,0.0,10800,NY_OPEN
1090,60,0.0,10800,NY_OPEN
1095,60,0.0,10800,NY_OPEN
1100,60,0.0,10800,NY_OPEN
1105,60,0.0,10800,NY_OPEN
1110,60,0.0,10800,NY_OPEN
1115,60,0.0,10800,NY_OPEN
1120,60,0.0,10800,NY_OPEN
1125,60,0.0,10800,NY_OPEN
1130,60,0.0,10800,NY_OPEN
1135,60,0.0,10800,NY_OPEN
1140,60,0.0,10800,NY_OPEN
1145,60,0.0,10800,NY_OPEN
1150,60,0.0,10800,NY_OPEN
1155,60,0.0,10800,NY_OPEN
1160,60,0.0,10800,NY_OPEN
1165,60,0.0,10800,NY_OPEN
1170,60,0.0,10800,NY_OPEN
1175,60,0.0,10800,NY_OPEN
1180,60,0.0,10800,NY_OPEN
1185,60,0.0,10800,NY_OPEN
1190,60,0.0,10800,NY_OPEN
1195,60,0.0,10800,NY_OPEN
1200,60,0.0,10800,NY_OPEN
1205,60,0.0,10800,NY_OPEN
1210,60,0.0,10800,NY_OPEN
1215,60,0.0,10800,NY_OPEN
1220,60,0.0,10800,NY_OPEN
1225,60,0.0,10800,NY_OPEN
1230,60,0.0,10800,NY_OPEN
1235,60,0.0,10800,NY_OPEN
1240,60,0.0,10800,NY_OPEN
1245,60,0.0,10800,NY_OPEN
1250,60,0.0,10800,NY_OPEN
1255,60,0.0,10800,NY_OPEN
1260,60,0.0,10800,NY_OPEN
1265,60,0.0,10800,NY_OPEN
1270,60,0.0,10800,NY_OPEN
1275,60,0.0,10800,NY_OPEN
1280,60,0.0,10800,NY_OPEN
1285,60,0.0,10800,NY_OPEN
1290,60,0.0,10800,NY_OPEN
1295,60,0.0,10800,NY_OPEN
1300,60,0.0,10800,NY_OPEN
1305,60,0.0,10800,NY_OPEN
1310,60,0.0,10800,NY_OPEN
1315,60,0.0,10800,NY_OPEN
1320,60,0.0,10800,NY_OPEN
1325,60,0.0,10800,NY_OPEN
1330,60,0.0,10800,NY_OPEN
1335,60,0.0,10800,NY_OPEN
1340,60,0.0,10800,NY_OPEN
1345,60,0.0,10800,NY_OPEN
1350,60,0.0,10800,NY_OPEN
1355,60,0.0,10800,NY_OPEN
1360,60,0.0,10800,NY_OPEN
1365,60,0.0,10800,NY_OPEN
1370,60,0.0,10800,NY_OPEN
1375,60,0.0,10800,NY_OPEN
1380,60,0.0,10800,NY_OPEN
1385,60,0.0,10800,NY_OPEN
1390,60,0.0,10800,NY_OPEN
1395,60,0.0,10800,NY_OPEN
1400,60,0.0,10800,NY_OPEN
1405,60,0.0,10800,NY_OPEN
1410,60,0.0,10800,NY_OPEN
1415,60,0.0,10800,NY_OPEN
1420,60,0.0,10800,NY_OPEN
1425,60,0.0,10800,NY_OPEN
1430,60,0.0,10800,NY_OPEN
1435,60,0.0,10800,NY_OPEN
1440,60,0.0,10800,NY_OPEN
1445,60,0.0,10800,NY_OPEN
1450,60,0.0,10800,NY_OPEN
1455,60,0.0,10800,NY_OPEN
1460,60,0.0,10800,NY_OPEN
1465,60,0.0,10800,NY_OPEN
1470,60,0.0,10800,NY_OPEN
1475,60,0.0,10800,NY_OPEN
1480,60,0.0,10800,NY_OPEN
1485,60,0.0,10800,NY_OPEN
1490,60,0.0,10800,NY_OPEN
1495,60,0.0,10800,NY_OPEN
1500,60,0.0,10800,NY_OPEN
1505,60,0.0,10800,NY_OPEN
1510,60,0.0,10800,NY_OPEN
1515,60,0.0,10800,NY_OPEN
1520,60,0.0,10800,NY_OPEN
1525,60,0.0,10800,NY_OPEN
1530,60,0.0,10800,NY_OPEN
1535,60,0.0,10800,NY_OPEN
1540,60,0.0,10800,NY_OPEN
1545,60,0.0,10800,NY_OPEN
1550,60,0.0,10800,NY_OPEN
1555,60,0.0,10800,NY_OPEN
1560,60,0.0,10800,NY_OPEN
1565,60,0.0,10800,NY_OPEN
1570,60,0.0,10800,NY_OPEN
1575,60,0.0,10800,NY_OPEN
1580,60,0.0,10800,NY_OPEN
1585,60,0.0,10800,NY_OPEN
1590,60,0.0,10800,NY_OPEN
1595,60,0.0,10800,NY_OPEN
1600,60,0.0,10800,NY_OPEN
1605,60,0.0,10800,NY_OPEN
1610,60,0.0,10800,NY_OPEN
1615,60,0.0,10800,NY_OPEN
1620,60,0.0,10800,NY_OPEN
1625,60,0.0,10800,NY_OPEN
1630,60,0.0,10800,NY_OPEN
1635,60,0.0,10800,NY_OPEN
1640,60,0.0,10800,NY_OPEN
1645,60,0.0,10800,NY_OPEN
1650,60,0.0,10800,NY_OPEN
1655,60,0.0,10800,NY_OPEN
1660,60,0.0,10800,NY_OPEN
1665,60,0.0,10800,NY_OPEN
1670,60,0.0,10800,NY_OPEN
1675,60,0.0,10800,NY_OPEN
1680,60,0.0,10800,NY_OPEN
1685,60,0.0,10800,NY_OPEN
1690,60,0.0,10800,NY_OPEN
1695,60,0.0,10800,NY_OPEN
1700,60,0.0,10800,NY_OPEN
1705,60,0.0,10800,NY_OPEN
1710,60,0.0,10800,NY_OPEN
1715,60,0.0,10800,NY_OPEN
1720,60,0.0,10800,NY_OPEN
1725,60,0.0,10800,NY_OPEN
1730,60,0.0,10800,NY_OPEN
1735,60,0.0,10800,NY_OPEN
1740,60,0.0,10800,NY_OPEN
1745,60,0.0,10800,NY_OPEN
1750,60,0.0,10800,NY_OPEN
1755,60,0.0,10800,NY_OPEN
1760,60,0.0,10800,NY_OPEN
1765,60,0.0,10800,NY_OPEN
1770,60,0.0,10800,NY_OPEN
1775,60,0.0,10800,NY_OPEN
1780,60,0.0,10800,NY_OPEN
1785,60,0.0,10800,NY_OPEN
1790,60,0.0,10800,NY_OPEN
1795,60,0.0,10800,NY_OPEN
1800,60,0.0,10800,NY_OPEN
1805,60,0.0,10800,NY_OPEN
1810,60,0.0,10800,NY_OPEN
1815,60,0.0,10800,NY_OPEN
1820,60,0.0,10800,NY_OPEN
1825,60,0.0,10800,NY_OPEN
1830,60,0.0,10800,NY_OPEN
1835,60,0.0,10800,NY_OPEN
1840,60,0.0,10800,NY_OPEN
1845,60,0.0,10800,NY_OPEN
1850,60,0.0,10800,NY_OPEN
1855,60,0.0,10800,NY_OPEN
1860,60,0.0,10800,NY_OPEN
1865,60,0.0,10800,NY_OPEN
1870,60,0.0,10800,NY_OPEN
1875,60,0.0,10800,NY_OPEN
1880,60,0.0,10800,NY_OPEN
1885,60,0.0,10800,NY_OPEN
1890,60,0.0,10800,NY_OPEN
1895,60,0.0,10800,NY_OPEN
1900,60,0.0,10800,NY_OPEN
1905,60,0.0,10800,NY_OPEN
1910,60,0.0,10800,NY_OPEN
1915,60,0.0,10800,NY_OPEN
1920,60,0.0,10800,NY_OPEN
1925,60,0.0,10800,NY_OPEN
1930,60,0.0,10800,NY_OPEN
1935,60,0.0,10800,NY_OPEN
1940,60,0.0,10800,NY_OPEN
1945,60,0.0,10800,NY_OPEN
1950,60,0.0,10800,NY_OPEN
1955,60,0.0,10800,NY_OPEN
1960,60,0.0,10800,NY_OPEN
1965,60,0.0,10800,NY_OPEN
1970,60,0.0,10800,NY_OPEN
1975,60,0.0,10800,NY_OPEN
1980,60,0.0,10800,NY_OPEN
1985,60,0.0,10800,NY_OPEN
1990,60,0.0,10800,NY_OPEN
1995,60,0.0,10800,NY_OPEN
2000,60,0.0,10800,NY_OPEN
50,60,0.703745,16020,NY_PRE
55,60,0.640075,16020,NY_PRE
60,60,0.574844,16020,NY_PRE
65,60,0.514045,16020,NY_PRE
70,60,0.459114,16020,NY_PRE
75,60,0.410112,16020,NY_PRE
80,60,0.364607,16020,NY_PRE
85,60,0.322597,16020,NY_PRE
90,60,0.28196,16020,NY_PRE
95,60,0.245381,16020,NY_PRE
100,60,0.215418,16020,NY_PRE
105,60,0.189638,16020,NY_PRE
110,60,0.164482,16020,NY_PRE
115,60,0.140762,16020,NY_PRE
120,60,0.120974,16020,NY_PRE
125,60,0.105993,16020,NY_PRE
130,60,0.090699,16020,NY_PRE
135,60,0.077403,16020,NY_PRE
140,60,0.067353,16020,NY_PRE
145,60,0.056742,16020,NY_PRE
150,60,0.047753,16020,NY_PRE
155,60,0.041074,16020,NY_PRE
160,60,0.034644,16020,NY_PRE
165,60,0.027965,16020,NY_PRE
170,60,0.023845,16020,NY_PRE
175,60,0.020162,16020,NY_PRE
180,60,0.016916,16020,NY_PRE
185,60,0.013983,16020,NY_PRE
190,60,0.01211,16020,NY_PRE
195,60,0.010175,16020,NY_PRE
200,60,0.008739,16020,NY_PRE
205,60,0.007428,16020,NY_PRE
210,60,0.006242,16020,NY_PRE
215,60,0.005119,16020,NY_PRE
220,60,0.00412,16020,NY_PRE
225,60,0.003308,16020,NY_PRE
230,60,0.002934,16020,NY_PRE
235,60,0.002622,16020,NY_PRE
240,60,0.002247,16020,NY_PRE
245,60,0.001873,16020,NY_PRE
250,60,0.001685,16020,NY_PRE
255,60,0.001373,16020,NY_PRE
260,60,0.001186,16020,NY_PRE
265,60,0.000874,16020,NY_PRE
270,60,0.000687,16020,NY_PRE
275,60,0.000437,16020,NY_PRE
280,60,0.000375,16020,NY_PRE
285,60,0.00025,16020,NY_PRE
290,60,0.000125,16020,NY_PRE
295,60,0.000125,16020,NY_PRE
300,60,0.000125,16020,NY_PRE
305,60,6.2e-05,16020,NY_PRE
310,60,6.2e-05,16020,NY_PRE
315,60,6.2e-05,16020,NY_PRE
320,60,6.2e-05,16020,NY_PRE
325,60,6.2e-05,16020,NY_PRE
330,60,6.2e-05,16020,NY_PRE
335,60,6.2e-05,16020,NY_PRE
340,60,6.2e-05,16020,NY_PRE
345,60,0.0,16020,NY_PRE
350,60,0.0,16020,NY_PRE
355,60,0.0,16020,NY_PRE
360,60,0.0,16020,NY_PRE
365,60,0.0,16020,NY_PRE
370,60,0.0,16020,NY_PRE
375,60,0.0,16020,NY_PRE
380,60,0.0,16020,NY_PRE
385,60,0.0,16020,NY_PRE
390,60,0.0,16020,NY_PRE
395,60,0.0,16020,NY_PRE
400,60,0.0,16020,NY_PRE
405,60,0.0,16020,NY_PRE
410,60,0.0,16020,NY_PRE
415,60,0.0,16020,NY_PRE
420,60,0.0,16020,NY_PRE
425,60,0.0,16020,NY_PRE
430,60,0.0,16020,NY_PRE
435,60,0.0,16020,NY_PRE
440,60,0.0,16020,NY_PRE
445,60,0.0,16020,NY_PRE
450,60,0.0,16020,NY_PRE
455,60,0.0,16020,NY_PRE
460,60,0.0,16020,NY_PRE
465,60,0.0,16020,NY_PRE
470,60,0.0,16020,NY_PRE
475,60,0.0,16020,NY_PRE
480,60,0.0,16020,NY_PRE
485,60,0.0,16020,NY_PRE
490,60,0.0,16020,NY_PRE
495,60,0.0,16020,NY_PRE
500,60,0.0,16020,NY_PRE
505,60,0.0,16020,NY_PRE
510,60,0.0,16020,NY_PRE
515,60,0.0,16020,NY_PRE
520,60,0.0,16020,NY_PRE
525,60,0.0,16020,NY_PRE
530,60,0.0,16020,NY_PRE
535,60,0.0,16020,NY_PRE
540,60,0.0,16020,NY_PRE
545,60,0.0,16020,NY_PRE
550,60,0.0,16020,NY_PRE
555,60,0.0,16020,NY_PRE
560,60,0.0,16020,NY_PRE
565,60,0.0,16020,NY_PRE
570,60,0.0,16020,NY_PRE
575,60,0.0,16020,NY_PRE
580,60,0.0,16020,NY_PRE
585,60,0.0,16020,NY_PRE
590,60,0.0,16020,NY_PRE
595,60,0.0,16020,NY_PRE
600,60,0.0,16020,NY_PRE
605,60,0.0,16020,NY_PRE
610,60,0.0,16020,NY_PRE
615,60,0.0,16020,NY_PRE
620,60,0.0,16020,NY_PRE
625,60,0.0,16020,NY_PRE
630,60,0.0,16020,NY_PRE
635,60,0.0,16020,NY_PRE
640,60,0.0,16020,NY_PRE
645,60,0.0,16020,NY_PRE
650,60,0.0,16020,NY_PRE
655,60,0.0,16020,NY_PRE
660,60,0.0,16020,NY_PRE
665,60,0.0,16020,NY_PRE
670,60,0.0,16020,NY_PRE
675,60,0.0,16020,NY_PRE
680,60,0.0,16020,NY_PRE
685,60,0.0,16020,NY_PRE
690,60,0.0,16020,NY_PRE
695,60,0.0,16020,NY_PRE
700,60,0.0,16020,NY_PRE
705,60,0.0,16020,NY_PRE
710,60,0.0,16020,NY_PRE
715,60,0.0,16020,NY_PRE
720,60,0.0,16020,NY_PRE
725,60,0.0,16020,NY_PRE
730,60,0.0,16020,NY_PRE
735,60,0.0,16020,NY_PRE
740,60,0.0,16020,NY_PRE
745,60,0.0,16020,NY_PRE
750,60,0.0,16020,NY_PRE
755,60,0.0,16020,NY_PRE
760,60,0.0,16020,NY_PRE
765,60,0.0,16020,NY_PRE
770,60,0.0,16020,NY_PRE
775,60,0.0,16020,NY_PRE
780,60,0.0,16020,NY_PRE
785,60,0.0,16020,NY_PRE
790,60,0.0,16020,NY_PRE
795,60,0.0,16020,NY_PRE
800,60,0.0,16020,NY_PRE
805,60,0.0,16020,NY_PRE
810,60,0.0,16020,NY_PRE
815,60,0.0,16020,NY_PRE
820,60,0.0,16020,NY_PRE
825,60,0.0,16020,NY_PRE
830,60,0.0,16020,NY_PRE
835,60,0.0,16020,NY_PRE
840,60,0.0,16020,NY_PRE
845,60,0.0,16020,NY_PRE
850,60,0.0,16020,NY_PRE
855,60,0.0,16020,NY_PRE
860,60,0.0,16020,NY_PRE
865,60,0.0,16020,NY_PRE
870,60,0.0,16020,NY_PRE
875,60,0.0,16020,NY_PRE
880,60,0.0,16020,NY_PRE
885,60,0.0,16020,NY_PRE
890,60,0.0,16020,NY_PRE
895,60,0.0,16020,NY_PRE
900,60,0.0,16020,NY_PRE
905,60,0.0,16020,NY_PRE
910,60,0.0,16020,NY_PRE
915,60,0.0,16020,NY_PRE
920,60,0.0,16020,NY_PRE
925,60,0.0,16020,NY_PRE
930,60,0.0,16020,NY_PRE
935,60,0.0,16020,NY_PRE
940,60,0.0,16020,NY_PRE
945,60,0.0,16020,NY_PRE
950,60,0.0,16020,NY_PRE
955,60,0.0,16020,NY_PRE
960,60,0.0,16020,NY_PRE
965,60,0.0,16020,NY_PRE
970,60,0.0,16020,NY_PRE
975,60,0.0,16020,NY_PRE
980,60,0.0,16020,NY_PRE
985,60,0.0,16020,NY_PRE
990,60,0.0,16020,NY_PRE
995,60,0.0,16020,NY_PRE
1000,60,0.0,16020,NY_PRE
1005,60,0.0,16020,NY_PRE
1010,60,0.0,16020,NY_PRE
1015,60,0.0,16020,NY_PRE
1020,60,0.0,16020,NY_PRE
1025,60,0.0,16020,NY_PRE
1030,60,0.0,16020,NY_PRE
1035,60,0.0,16020,NY_PRE
1040,60,0.0,16020,NY_PRE
1045,60,0.0,16020,NY_PRE
1050,60,0.0,16020,NY_PRE
1055,60,0.0,16020,NY_PRE
1060,60,0.0,16020,NY_PRE
1065,60,0.0,16020,NY_PRE
1070,60,0.0,16020,NY_PRE
1075,60,0.0,16020,NY_PRE
1080,60,0.0,16020,NY_PRE
1085,60,0.0,16020,NY_PRE
1090,60,0.0,16020,NY_PRE
1095,60,0.0,16020,NY_PRE
1100,60,0.0,16020,NY_PRE
1105,60,0.0,16020,NY_PRE
1110,60,0.0,16020,NY_PRE
1115,60,0.0,16020,NY_PRE
1120,60,0.0,16020,NY_PRE
1125,60,0.0,16020,NY_PRE
1130,60,0.0,16020,NY_PRE
1135,60,0.0,16020,NY_PRE
1140,60,0.0,16020,NY_PRE
1145,60,0.0,16020,NY_PRE
1150,60,0.0,16020,NY_PRE
1155,60,0.0,16020,NY_PRE
1160,60,0.0,16020,NY_PRE
1165,60,0.0,16020,NY_PRE
1170,60,0.0,16020,NY_PRE
1175,60,0.0,16020,NY_PRE
1180,60,0.0,16020,NY_PRE
1185,60,0.0,16020,NY_PRE
1190,60,0.0,16020,NY_PRE
1195,60,0.0,16020,NY_PRE
1200,60,0.0,16020,NY_PRE
1205,60,0.0,16020,NY_PRE
1210,60,0.0,16020,NY_PRE
1215,60,0.0,16020,NY_PRE
1220,60,0.0,16020,NY_PRE
1225,60,0.0,16020,NY_PRE
1230,60,0.0,16020,NY_PRE
1235,60,0.0,16020,NY_PRE
1240,60,0.0,16020,NY_PRE
1245,60,0.0,16020,NY_PRE
1250,60,0.0,16020,NY_PRE
1255,60,0.0,16020,NY_PRE
1260,60,0.0,16020,NY_PRE
1265,60,0.0,16020,NY_PRE
1270,60,0.0,16020,NY_PRE
1275,60,0.0,16020,NY_PRE
1280,60,0.0,16020,NY_PRE
1285,60,0.0,16020,NY_PRE
1290,60,0.0,16020,NY_PRE
1295,60,0.0,16020,NY_PRE
1300,60,0.0,16020,NY_PRE
1305,60,0.0,16020,NY_PRE
1310,60,0.0,16020,NY_PRE
1315,60,0.0,16020,NY_PRE
1320,60,0.0,16020,NY_PRE
1325,60,0.0,16020,NY_PRE
1330,60,0.0,16020,NY_PRE
1335,60,0.0,16020,NY_PRE
1340,60,0.0,16020,NY_PRE
1345,60,0.0,16020,NY_PRE
1350,60,0.0,16020,NY_PRE
1355,60,0.0,16020,NY_PRE
1360,60,0.0,16020,NY_PRE
1365,60,0.0,16020,NY_PRE
1370,60,0.0,16020,NY_PRE
1375,60,0.0,16020,NY_PRE
1380,60,0.0,16020,NY_PRE
1385,60,0.0,16020,NY_PRE
1390,60,0.0,16020,NY_PRE
1395,60,0.0,16020,NY_PRE
1400,60,0.0,16020,NY_PRE
1405,60,0.0,16020,NY_PRE
1410,60,0.0,16020,NY_PRE
1415,60,0.0,16020,NY_PRE
1420,60,0.0,16020,NY_PRE
1425,60,0.0,16020,NY_PRE
1430,60,0.0,16020,NY_PRE
1435,60,0.0,16020,NY_PRE
1440,60,0.0,16020,NY_PRE
1445,60,0.0,16020,NY_PRE
1450,60,0.0,16020,NY_PRE
1455,60,0.0,16020,NY_PRE
1460,60,0.0,16020,NY_PRE
1465,60,0.0,16020,NY_PRE
1470,60,0.0,16020,NY_PRE
1475,60,0.0,16020,NY_PRE
1480,60,0.0,16020,NY_PRE
1485,60,0.0,16020,NY_PRE
1490,60,0.0,16020,NY_PRE
1495,60,0.0,16020,NY_PRE
1500,60,0.0,16020,NY_PRE
1505,60,0.0,16020,NY_PRE
1510,60,0.0,16020,NY_PRE
1515,60,0.0,16020,NY_PRE
1520,60,0.0,16020,NY_PRE
1525,60,0.0,16020,NY_PRE
1530,60,0.0,16020,NY_PRE
1535,60,0.0,16020,NY_PRE
1540,60,0.0,16020,NY_PRE
1545,60,0.0,16020,NY_PRE
1550,60,0.0,16020,NY_PRE
1555,60,0.0,16020,NY_PRE
1560,60,0.0,16020,NY_PRE
1565,60,0.0,16020,NY_PRE
1570,60,0.0,16020,NY_PRE
1575,60,0.0,16020,NY_PRE
1580,60,0.0,16020,NY_PRE
1585,60,0.0,16020,NY_PRE
1590,60,0.0,16020,NY_PRE
1595,60,0.0,16020,NY_PRE
1600,60,0.0,16020,NY_PRE
1605,60,0.0,16020,NY_PRE
1610,60,0.0,16020,NY_PRE
1615,60,0.0,16020,NY_PRE
1620,60,0.0,16020,NY_PRE
1625,60,0.0,16020,NY_PRE
1630,60,0.0,16020,NY_PRE
1635,60,0.0,16020,NY_PRE
1640,60,0.0,16020,NY_PRE
1645,60,0.0,16020,NY_PRE
1650,60,0.0,16020,NY_PRE
1655,60,0.0,16020,NY_PRE
1660,60,0.0,16020,NY_PRE
1665,60,0.0,16020,NY_PRE
1670,60,0.0,16020,NY_PRE
1675,60,0.0,16020,NY_PRE
1680,60,0.0,16020,NY_PRE
1685,60,0.0,16020,NY_PRE
1690,60,0.0,16020,NY_PRE
1695,60,0.0,16020,NY_PRE
1700,60,0.0,16020,NY_PRE
1705,60,0.0,16020,NY_PRE
1710,60,0.0,16020,NY_PRE
1715,60,0.0,16020,NY_PRE
1720,60,0.0,16020,NY_PRE
1725,60,0.0,16020,NY_PRE
1730,60,0.0,16020,NY_PRE
1735,60,0.0,16020,NY_PRE
1740,60,0.0,16020,NY_PRE
1745,60,0.0,16020,NY_PRE
1750,60,0.0,16020,NY_PRE
1755,60,0.0,16020,NY_PRE
1760,60,0.0,16020,NY_PRE
1765,60,0.0,16020,NY_PRE
1770,60,0.0,16020,NY_PRE
1775,60,0.0,16020,NY_PRE
1780,60,0.0,16020,NY_PRE
1785,60,0.0,16020,NY_PRE
1790,60,0.0,16020,NY_PRE
1795,60,0.0,16020,NY_PRE
1800,60,0.0,16020,NY_PRE
1805,60,0.0,16020,NY_PRE
1810,60,0.0,16020,NY_PRE
1815,60,0.0,16020,NY_PRE
1820,60,0.0,16020,NY_PRE
1825,60,0.0,16020,NY_PRE
1830,60,0.0,16020,NY_PRE
1835,60,0.0,16020,NY_PRE
1840,60,0.0,16020,NY_PRE
1845,60,0.0,16020,NY_PRE
1850,60,0.0,16020,NY_PRE
1855,60,0.0,16020,NY_PRE
1860,60,0.0,16020,NY_PRE
1865,60,0.0,16020,NY_PRE
1870,60,0.0,16020,NY_PRE
1875,60,0.0,16020,NY_PRE
1880,60,0.0,16020,NY_PRE
1885,60,0.0,16020,NY_PRE
1890,60,0.0,16020,NY_PRE
1895,60,0.0,16020,NY_PRE
1900,60,0.0,16020,NY_PRE
1905,60,0.0,16020,NY_PRE
1910,60,0.0,16020,NY_PRE
1915,60,0.0,16020,NY_PRE
1920,60,0.0,16020,NY_PRE
1925,60,0.0,16020,NY_PRE
1930,60,0.0,16020,NY_PRE
1935,60,0.0,16020,NY_PRE
1940,60,0.0,16020,NY_PRE
1945,60,0.0,16020,NY_PRE
1950,60,0.0,16020,NY_PRE
1955,60,0.0,16020,NY_PRE
1960,60,0.0,16020,NY_PRE
1965,60,0.0,16020,NY_PRE
1970,60,0.0,16020,NY_PRE
1975,60,0.0,16020,NY_PRE
1980,60,0.0,16020,NY_PRE
1985,60,0.0,16020,NY_PRE
1990,60,0.0,16020,NY_PRE
1995,60,0.0,16020,NY_PRE
2000,60,0.0,16020,NY_PRE
50,60,0.759259,540,UNKNOWN
55,60,0.67037,540,UNKNOWN
60,60,0.611111,540,UNKNOWN
65,60,0.527778,540,UNKNOWN
70,60,0.492593,540,UNKNOWN
75,60,0.45,540,UNKNOWN
80,60,0.4,540,UNKNOWN
85,60,0.355556,540,UNKNOWN
90,60,0.316667,540,UNKNOWN
95,60,0.281481,540,UNKNOWN
100,60,0.257407,540,UNKNOWN
105,60,0.222222,540,UNKNOWN
110,60,0.198148,540,UNKNOWN
115,60,0.172222,540,UNKNOWN
120,60,0.159259,540,UNKNOWN
125,60,0.144444,540,UNKNOWN
130,60,0.127778,540,UNKNOWN
135,60,0.109259,540,UNKNOWN
140,60,0.090741,540,UNKNOWN
145,60,0.074074,540,UNKNOWN
150,60,0.062963,540,UNKNOWN
155,60,0.057407,540,UNKNOWN
160,60,0.044444,540,UNKNOWN
165,60,0.042593,540,UNKNOWN
170,60,0.038889,540,UNKNOWN
175,60,0.033333,540,UNKNOWN
180,60,0.02963,540,UNKNOWN
185,60,0.022222,540,UNKNOWN
190,60,0.018519,540,UNKNOWN
195,60,0.016667,540,UNKNOWN
200,60,0.012963,540,UNKNOWN
205,60,0.012963,540,UNKNOWN
210,60,0.011111,540,UNKNOWN
215,60,0.007407,540,UNKNOWN
220,60,0.007407,540,UNKNOWN
225,60,0.007407,540,UNKNOWN
230,60,0.005556,540,UNKNOWN
235,60,0.003704,540,UNKNOWN
240,60,0.003704,540,UNKNOWN
245,60,0.001852,540,UNKNOWN
250,60,0.001852,540,UNKNOWN
255,60,0.001852,540,UNKNOWN
260,60,0.001852,540,UNKNOWN
265,60,0.0,540,UNKNOWN
270,60,0.0,540,UNKNOWN
275,60,0.0,540,UNKNOWN
280,60,0.0,540,UNKNOWN
285,60,0.0,540,UNKNOWN
290,60,0.0,540,UNKNOWN
295,60,0.0,540,UNKNOWN
300,60,0.0,540,UNKNOWN
305,60,0.0,540,UNKNOWN
310,60,0.0,540,UNKNOWN
315,60,0.0,540,UNKNOWN
320,60,0.0,540,UNKNOWN
325,60,0.0,540,UNKNOWN
330,60,0.0,540,UNKNOWN
335,60,0.0,540,UNKNOWN
340,60,0.0,540,UNKNOWN
345,60,0.0,540,UNKNOWN
350,60,0.0,540,UNKNOWN
355,60,0.0,540,UNKNOWN
360,60,0.0,540,UNKNOWN
365,60,0.0,540,UNKNOWN
370,60,0.0,540,UNKNOWN
375,60,0.0,540,UNKNOWN
380,60,0.0,540,UNKNOWN
385,60,0.0,540,UNKNOWN
390,60,0.0,540,UNKNOWN
395,60,0.0,540,UNKNOWN
400,60,0.0,540,UNKNOWN
405,60,0.0,540,UNKNOWN
410,60,0.0,540,UNKNOWN
415,60,0.0,540,UNKNOWN
420,60,0.0,540,UNKNOWN
425,60,0.0,540,UNKNOWN
430,60,0.0,540,UNKNOWN
435,60,0.0,540,UNKNOWN
440,60,0.0,540,UNKNOWN
445,60,0.0,540,UNKNOWN
450,60,0.0,540,UNKNOWN
455,60,0.0,540,UNKNOWN
460,60,0.0,540,UNKNOWN
465,60,0.0,540,UNKNOWN
470,60,0.0,540,UNKNOWN
475,60,0.0,540,UNKNOWN
480,60,0.0,540,UNKNOWN
485,60,0.0,540,UNKNOWN
490,60,0.0,540,UNKNOWN
495,60,0.0,540,UNKNOWN
500,60,0.0,540,UNKNOWN
505,60,0.0,540,UNKNOWN
510,60,0.0,540,UNKNOWN
515,60,0.0,540,UNKNOWN
520,60,0.0,540,UNKNOWN
525,60,0.0,540,UNKNOWN
530,60,0.0,540,UNKNOWN
535,60,0.0,540,UNKNOWN
540,60,0.0,540,UNKNOWN
545,60,0.0,540,UNKNOWN
550,60,0.0,540,UNKNOWN
555,60,0.0,540,UNKNOWN
560,60,0.0,540,UNKNOWN
565,60,0.0,540,UNKNOWN
570,60,0.0,540,UNKNOWN
575,60,0.0,540,UNKNOWN
580,60,0.0,540,UNKNOWN
585,60,0.0,540,UNKNOWN
590,60,0.0,540,UNKNOWN
595,60,0.0,540,UNKNOWN
600,60,0.0,540,UNKNOWN
605,60,0.0,540,UNKNOWN
610,60,0.0,540,UNKNOWN
615,60,0.0,540,UNKNOWN
620,60,0.0,540,UNKNOWN
625,60,0.0,540,UNKNOWN
630,60,0.0,540,UNKNOWN
635,60,0.0,540,UNKNOWN
640,60,0.0,540,UNKNOWN
645,60,0.0,540,UNKNOWN
650,60,0.0,540,UNKNOWN
655,60,0.0,540,UNKNOWN
660,60,0.0,540,UNKNOWN
665,60,0.0,540,UNKNOWN
670,60,0.0,540,UNKNOWN
675,60,0.0,540,UNKNOWN
680,60,0.0,540,UNKNOWN
685,60,0.0,540,UNKNOWN
690,60,0.0,540,UNKNOWN
695,60,0.0,540,UNKNOWN
700,60,0.0,540,UNKNOWN
705,60,0.0,540,UNKNOWN
710,60,0.0,540,UNKNOWN
715,60,0.0,540,UNKNOWN
720,60,0.0,540,UNKNOWN
725,60,0.0,540,UNKNOWN
730,60,0.0,540,UNKNOWN
735,60,0.0,540,UNKNOWN
740,60,0.0,540,UNKNOWN
745,60,0.0,540,UNKNOWN
750,60,0.0,540,UNKNOWN
755,60,0.0,540,UNKNOWN
760,60,0.0,540,UNKNOWN
765,60,0.0,540,UNKNOWN
770,60,0.0,540,UNKNOWN
775,60,0.0,540,UNKNOWN
780,60,0.0,540,UNKNOWN
785,60,0.0,540,UNKNOWN
790,60,0.0,540,UNKNOWN
795,60,0.0,540,UNKNOWN
800,60,0.0,540,UNKNOWN
805,60,0.0,540,UNKNOWN
810,60,0.0,540,UNKNOWN
815,60,0.0,540,UNKNOWN
820,60,0.0,540,UNKNOWN
825,60,0.0,540,UNKNOWN
830,60,0.0,540,UNKNOWN
835,60,0.0,540,UNKNOWN
840,60,0.0,540,UNKNOWN
845,60,0.0,540,UNKNOWN
850,60,0.0,540,UNKNOWN
855,60,0.0,540,UNKNOWN
860,60,0.0,540,UNKNOWN
865,60,0.0,540,UNKNOWN
870,60,0.0,540,UNKNOWN
875,60,0.0,540,UNKNOWN
880,60,0.0,540,UNKNOWN
885,60,0.0,540,UNKNOWN
890,60,0.0,540,UNKNOWN
895,60,0.0,540,UNKNOWN
900,60,0.0,540,UNKNOWN
905,60,0.0,540,UNKNOWN
910,60,0.0,540,UNKNOWN
915,60,0.0,540,UNKNOWN
920,60,0.0,540,UNKNOWN
925,60,0.0,540,UNKNOWN
930,60,0.0,540,UNKNOWN
935,60,0.0,540,UNKNOWN
940,60,0.0,540,UNKNOWN
945,60,0.0,540,UNKNOWN
950,60,0.0,540,UNKNOWN
955,60,0.0,540,UNKNOWN
960,60,0.0,540,UNKNOWN
965,60,0.0,540,UNKNOWN
970,60,0.0,540,UNKNOWN
975,60,0.0,540,UNKNOWN
980,60,0.0,540,UNKNOWN
985,60,0.0,540,UNKNOWN
990,60,0.0,540,UNKNOWN
995,60,0.0,540,UNKNOWN
1000,60,0.0,540,UNKNOWN
1005,60,0.0,540,UNKNOWN
1010,60,0.0,540,UNKNOWN
1015,60,0.0,540,UNKNOWN
1020,60,0.0,540,UNKNOWN
1025,60,0.0,540,UNKNOWN
1030,60,0.0,540,UNKNOWN
1035,60,0.0,540,UNKNOWN
1040,60,0.0,540,UNKNOWN
1045,60,0.0,540,UNKNOWN
1050,60,0.0,540,UNKNOWN
1055,60,0.0,540,UNKNOWN
1060,60,0.0,540,UNKNOWN
1065,60,0.0,540,UNKNOWN
1070,60,0.0,540,UNKNOWN
1075,60,0.0,540,UNKNOWN
1080,60,0.0,540,UNKNOWN
1085,60,0.0,540,UNKNOWN
1090,60,0.0,540,UNKNOWN
1095,60,0.0,540,UNKNOWN
1100,60,0.0,540,UNKNOWN
1105,60,0.0,540,UNKNOWN
1110,60,0.0,540,UNKNOWN
1115,60,0.0,540,UNKNOWN
1120,60,0.0,540,UNKNOWN
1125,60,0.0,540,UNKNOWN
1130,60,0.0,540,UNKNOWN
1135,60,0.0,540,UNKNOWN
1140,60,0.0,540,UNKNOWN
1145,60,0.0,540,UNKNOWN
1150,60,0.0,540,UNKNOWN
1155,60,0.0,540,UNKNOWN
1160,60,0.0,540,UNKNOWN
1165,60,0.0,540,UNKNOWN
1170,60,0.0,540,UNKNOWN
1175,60,0.0,540,UNKNOWN
1180,60,0.0,540,UNKNOWN
1185,60,0.0,540,UNKNOWN
1190,60,0.0,540,UNKNOWN
1195,60,0.0,540,UNKNOWN
1200,60,0.0,540,UNKNOWN
1205,60,0.0,540,UNKNOWN
1210,60,0.0,540,UNKNOWN
1215,60,0.0,540,UNKNOWN
1220,60,0.0,540,UNKNOWN
1225,60,0.0,540,UNKNOWN
1230,60,0.0,540,UNKNOWN
1235,60,0.0,540,UNKNOWN
1240,60,0.0,540,UNKNOWN
1245,60,0.0,540,UNKNOWN
1250,60,0.0,540,UNKNOWN
1255,60,0.0,540,UNKNOWN
1260,60,0.0,540,UNKNOWN
1265,60,0.0,540,UNKNOWN
1270,60,0.0,540,UNKNOWN
1275,60,0.0,540,UNKNOWN
1280,60,0.0,540,UNKNOWN
1285,60,0.0,540,UNKNOWN
1290,60,0.0,540,UNKNOWN
1295,60,0.0,540,UNKNOWN
1300,60,0.0,540,UNKNOWN
1305,60,0.0,540,UNKNOWN
1310,60,0.0,540,UNKNOWN
1315,60,0.0,540,UNKNOWN
1320,60,0.0,540,UNKNOWN
1325,60,0.0,540,UNKNOWN
1330,60,0.0,540,UNKNOWN
1335,60,0.0,540,UNKNOWN
1340,60,0.0,540,UNKNOWN
1345,60,0.0,540,UNKNOWN
1350,60,0.0,540,UNKNOWN
1355,60,0.0,540,UNKNOWN
1360,60,0.0,540,UNKNOWN
1365,60,0.0,540,UNKNOWN
1370,60,0.0,540,UNKNOWN
1375,60,0.0,540,UNKNOWN
1380,60,0.0,540,UNKNOWN
1385,60,0.0,540,UNKNOWN
1390,60,0.0,540,UNKNOWN
1395,60,0.0,540,UNKNOWN
1400,60,0.0,540,UNKNOWN
1405,60,0.0,540,UNKNOWN
1410,60,0.0,540,UNKNOWN
1415,60,0.0,540,UNKNOWN
1420,60,0.0,540,UNKNOWN
1425,60,0.0,540,UNKNOWN
1430,60,0.0,540,UNKNOWN
1435,60,0.0,540,UNKNOWN
1440,60,0.0,540,UNKNOWN
1445,60,0.0,540,UNKNOWN
1450,60,0.0,540,UNKNOWN
1455,60,0.0,540,UNKNOWN
1460,60,0.0,540,UNKNOWN
1465,60,0.0,540,UNKNOWN
1470,60,0.0,540,UNKNOWN
1475,60,0.0,540,UNKNOWN
1480,60,0.0,540,UNKNOWN
1485,60,0.0,540,UNKNOWN
1490,60,0.0,540,UNKNOWN
1495,60,0.0,540,UNKNOWN
1500,60,0.0,540,UNKNOWN
1505,60,0.0,540,UNKNOWN
1510,60,0.0,540,UNKNOWN
1515,60,0.0,540,UNKNOWN
1520,60,0.0,540,UNKNOWN
1525,60,0.0,540,UNKNOWN
1530,60,0.0,540,UNKNOWN
1535,60,0.0,540,UNKNOWN
1540,60,0.0,540,UNKNOWN
1545,60,0.0,540,UNKNOWN
1550,60,0.0,540,UNKNOWN
1555,60,0.0,540,UNKNOWN
1560,60,0.0,540,UNKNOWN
1565,60,0.0,540,UNKNOWN
1570,60,0.0,540,UNKNOWN
1575,60,0.0,540,UNKNOWN
1580,60,0.0,540,UNKNOWN
1585,60,0.0,540,UNKNOWN
1590,60,0.0,540,UNKNOWN
1595,60,0.0,540,UNKNOWN
1600,60,0.0,540,UNKNOWN
1605,60,0.0,540,UNKNOWN
1610,60,0.0,540,UNKNOWN
1615,60,0.0,540,UNKNOWN
1620,60,0.0,540,UNKNOWN
1625,60,0.0,540,UNKNOWN
1630,60,0.0,540,UNKNOWN
1635,60,0.0,540,UNKNOWN
1640,60,0.0,540,UNKNOWN
1645,60,0.0,540,UNKNOWN
1650,60,0.0,540,UNKNOWN
1655,60,0.0,540,UNKNOWN
1660,60,0.0,540,UNKNOWN
1665,60,0.0,540,UNKNOWN
1670,60,0.0,540,UNKNOWN
1675,60,0.0,540,UNKNOWN
1680,60,0.0,540,UNKNOWN
1685,60,0.0,540,UNKNOWN
1690,60,0.0,540,UNKNOWN
1695,60,0.0,540,UNKNOWN
1700,60,0.0,540,UNKNOWN
1705,60,0.0,540,UNKNOWN
1710,60,0.0,540,UNKNOWN
1715,60,0.0,540,UNKNOWN
1720,60,0.0,540,UNKNOWN
1725,60,0.0,540,UNKNOWN
1730,60,0.0,540,UNKNOWN
1735,60,0.0,540,UNKNOWN
1740,60,0.0,540,UNKNOWN
1745,60,0.0,540,UNKNOWN
1750,60,0.0,540,UNKNOWN
1755,60,0.0,540,UNKNOWN
1760,60,0.0,540,UNKNOWN
1765,60,0.0,540,UNKNOWN
1770,60,0.0,540,UNKNOWN
1775,60,0.0,540,UNKNOWN
1780,60,0.0,540,UNKNOWN
1785,60,0.0,540,UNKNOWN
1790,60,0.0,540,UNKNOWN
1795,60,0.0,540,UNKNOWN
1800,60,0.0,540,UNKNOWN
1805,60,0.0,540,UNKNOWN
1810,60,0.0,540,UNKNOWN
1815,60,0.0,540,UNKNOWN
1820,60,0.0,540,UNKNOWN
1825,60,0.0,540,UNKNOWN
1830,60,0.0,540,UNKNOWN
1835,60,0.0,540,UNKNOWN
1840,60,0.0,540,UNKNOWN
1845,60,0.0,540,UNKNOWN
1850,60,0.0,540,UNKNOWN
1855,60,0.0,540,UNKNOWN
1860,60,0.0,540,UNKNOWN
1865,60,0.0,540,UNKNOWN
1870,60,0.0,540,UNKNOWN
1875,60,0.0,540,UNKNOWN
1880,60,0.0,540,UNKNOWN
1885,60,0.0,540,UNKNOWN
1890,60,0.0,540,UNKNOWN
1895,60,0.0,540,UNKNOWN
1900,60,0.0,540,UNKNOWN
1905,60,0.0,540,UNKNOWN
1910,60,0.0,540,UNKNOWN
1915,60,0.0,540,UNKNOWN
1920,60,0.0,540,UNKNOWN
1925,60,0.0,540,UNKNOWN
1930,60,0.0,540,UNKNOWN
1935,60,0.0,540,UNKNOWN
1940,60,0.0,540,UNKNOWN
1945,60,0.0,540,UNKNOWN
1950,60,0.0,540,UNKNOWN
1955,60,0.0,540,UNKNOWN
1960,60,0.0,540,UNKNOWN
1965,60,0.0,540,UNKNOWN
1970,60,0.0,540,UNKNOWN
1975,60,0.0,540,UNKNOWN
1980,60,0.0,540,UNKNOWN
1985,60,0.0,540,UNKNOWN
1990,60,0.0,540,UNKNOWN
1995,60,0.0,540,UNKNOWN
2000,60,0.0,540,UNKNOWN
50,120,0.87464,259198,ALL
55,120,0.829204,259198,ALL
60,120,0.781391,259198,ALL
65,120,0.731711,259198,ALL
70,120,0.681842,259198,ALL
75,120,0.633199,259198,ALL
80,120,0.584017,259198,ALL
85,120,0.53838,259198,ALL
90,120,0.494591,259198,ALL
95,120,0.453275,259198,ALL
100,120,0.413908,259198,ALL
105,120,0.377673,259198,ALL
110,120,0.343757,259198,ALL
115,120,0.312182,259198,ALL
120,120,0.283027,259198,ALL
125,120,0.256781,259198,ALL
130,120,0.232432,259198,ALL
135,120,0.209581,259198,ALL
140,120,0.188944,259198,ALL
145,120,0.170503,259198,ALL
150,120,0.153466,259198,ALL
155,120,0.137906,259198,ALL
160,120,0.124253,259198,ALL
165,120,0.111459,259198,ALL
170,120,0.100082,259198,ALL
175,120,0.089453,259198,ALL
180,120,0.079738,259198,ALL
185,120,0.071536,259198,ALL
190,120,0.063712,259198,ALL
195,120,0.056945,259198,ALL
200,120,0.050834,259198,ALL
205,120,0.045425,259198,ALL
210,120,0.040702,259198,ALL
215,120,0.036189,259198,ALL
220,120,0.032153,259198,ALL
225,120,0.028511,259198,ALL
230,120,0.02544,259198,ALL
235,120,0.022712,259198,ALL
240,120,0.020112,259198,ALL
245,120,0.017847,259198,ALL
250,120,0.015687,259198,ALL
255,120,0.013866,259198,ALL
260,120,0.012203,259198,ALL
265,120,0.010803,259198,ALL
270,120,0.009479,259198,ALL
275,120,0.008411,259198,ALL
280,120,0.007438,259198,ALL
285,120,0.006605,259198,ALL
290,120,0.005818,259198,ALL
295,120,0.005232,259198,ALL
300,120,0.00461,259198,ALL
305,120,0.004086,259198,ALL
310,120,0.003661,259198,ALL
315,120,0.003198,259198,ALL
320,120,0.002843,259198,ALL
325,120,0.0025,259198,ALL
330,120,0.002222,259198,ALL
335,120,0.00196,259198,ALL
340,120,0.001759,259198,ALL
345,120,0.001563,259198,ALL
350,120,0.00135,259198,ALL
355,120,0.00115,259198,ALL
360,120,0.00103,259198,ALL
365,120,0.000922,259198,ALL
370,120,0.000818,259198,ALL
375,120,0.000745,259198,ALL
380,120,0.000644,259198,ALL
385,120,0.000559,259198,ALL
390,120,0.000494,259198,ALL
395,120,0.000432,259198,ALL
400,120,0.00037,259198,ALL
405,120,0.000332,259198,ALL
410,120,0.000285,259198,ALL
415,120,0.000247,259198,ALL
420,120,0.000212,259198,ALL
425,120,0.000193,259198,ALL
430,120,0.000166,259198,ALL
435,120,0.000143,259198,ALL
440,120,0.00012,259198,ALL
445,120,0.0001,259198,ALL
450,120,9.6e-05,259198,ALL
455,120,8.1e-05,259198,ALL
460,120,7.7e-05,259198,ALL
465,120,6.6e-05,259198,ALL
470,120,6.2e-05,259198,ALL
475,120,4.6e-05,259198,ALL
480,120,4.2e-05,259198,ALL
485,120,3.1e-05,259198,ALL
490,120,3.1e-05,259198,ALL
495,120,3.1e-05,259198,ALL
500,120,2.3e-05,259198,ALL
505,120,2.3e-05,259198,ALL
510,120,1.5e-05,259198,ALL
515,120,1.5e-05,259198,ALL
520,120,1.5e-05,259198,ALL
525,120,1.5e-05,259198,ALL
530,120,1.5e-05,259198,ALL
535,120,1.5e-05,259198,ALL
540,120,1.2e-05,259198,ALL
545,120,1.2e-05,259198,ALL
550,120,1.2e-05,259198,ALL
555,120,8e-06,259198,ALL
560,120,8e-06,259198,ALL
565,120,8e-06,259198,ALL
570,120,8e-06,259198,ALL
575,120,8e-06,259198,ALL
580,120,4e-06,259198,ALL
585,120,0.0,259198,ALL
590,120,0.0,259198,ALL
595,120,0.0,259198,ALL
600,120,0.0,259198,ALL
605,120,0.0,259198,ALL
610,120,0.0,259198,ALL
615,120,0.0,259198,ALL
620,120,0.0,259198,ALL
625,120,0.0,259198,ALL
630,120,0.0,259198,ALL
635,120,0.0,259198,ALL
640,120,0.0,259198,ALL
645,120,0.0,259198,ALL
650,120,0.0,259198,ALL
655,120,0.0,259198,ALL
660,120,0.0,259198,ALL
665,120,0.0,259198,ALL
670,120,0.0,259198,ALL
675,120,0.0,259198,ALL
680,120,0.0,259198,ALL
685,120,0.0,259198,ALL
690,120,0.0,259198,ALL
695,120,0.0,259198,ALL
700,120,0.0,259198,ALL
705,120,0.0,259198,ALL
710,120,0.0,259198,ALL
715,120,0.0,259198,ALL
720,120,0.0,259198,ALL
725,120,0.0,259198,ALL
730,120,0.0,259198,ALL
735,120,0.0,259198,ALL
740,120,0.0,259198,ALL
745,120,0.0,259198,ALL
750,120,0.0,259198,ALL
755,120,0.0,259198,ALL
760,120,0.0,259198,ALL
765,120,0.0,259198,ALL
770,120,0.0,259198,ALL
775,120,0.0,259198,ALL
780,120,0.0,259198,ALL
785,120,0.0,259198,ALL
790,120,0.0,259198,ALL
795,120,0.0,259198,ALL
800,120,0.0,259198,ALL
805,120,0.0,259198,ALL
810,120,0.0,259198,ALL
815,120,0.0,259198,ALL
820,120,0.0,259198,ALL
825,120,0.0,259198,ALL
830,120,0.0,259198,ALL
835,120,0.0,259198,ALL
840,120,0.0,259198,ALL
845,120,0.0,259198,ALL
850,120,0.0,259198,ALL
855,120,0.0,259198,ALL
860,120,0.0,259198,ALL
865,120,0.0,259198,ALL
870,120,0.0,259198,ALL
875,120,0.0,259198,ALL
880,120,0.0,259198,ALL
885,120,0.0,259198,ALL
890,120,0.0,259198,ALL
895,120,0.0,259198,ALL
900,120,0.0,259198,ALL
905,120,0.0,259198,ALL
910,120,0.0,259198,ALL
915,120,0.0,259198,ALL
920,120,0.0,259198,ALL
925,120,0.0,259198,ALL
930,120,0.0,259198,ALL
935,120,0.0,259198,ALL
940,120,0.0,259198,ALL
945,120,0.0,259198,ALL
950,120,0.0,259198,ALL
955,120,0.0,259198,ALL
960,120,0.0,259198,ALL
965,120,0.0,259198,ALL
970,120,0.0,259198,ALL
975,120,0.0,259198,ALL
980,120,0.0,259198,ALL
985,120,0.0,259198,ALL
990,120,0.0,259198,ALL
995,120,0.0,259198,ALL
1000,120,0.0,259198,ALL
1005,120,0.0,259198,ALL
1010,120,0.0,259198,ALL
1015,120,0.0,259198,ALL
1020,120,0.0,259198,ALL
1025,120,0.0,259198,ALL
1030,120,0.0,259198,ALL
1035,120,0.0,259198,ALL
1040,120,0.0,259198,ALL
1045,120,0.0,259198,ALL
1050,120,0.0,259198,ALL
1055,120,0.0,259198,ALL
1060,120,0.0,259198,ALL
1065,120,0.0,259198,ALL
1070,120,0.0,259198,ALL
1075,120,0.0,259198,ALL
1080,120,0.0,259198,ALL
1085,120,0.0,259198,ALL
1090,120,0.0,259198,ALL
1095,120,0.0,259198,ALL
1100,120,0.0,259198,ALL
1105,120,0.0,259198,ALL
1110,120,0.0,259198,ALL
1115,120,0.0,259198,ALL
1120,120,0.0,259198,ALL
1125,120,0.0,259198,ALL
1130,120,0.0,259198,ALL
1135,120,0.0,259198,ALL
1140,120,0.0,259198,ALL
1145,120,0.0,259198,ALL
1150,120,0.0,259198,ALL
1155,120,0.0,259198,ALL
1160,120,0.0,259198,ALL
1165,120,0.0,259198,ALL
1170,120,0.0,259198,ALL
1175,120,0.0,259198,ALL
1180,120,0.0,259198,ALL
1185,120,0.0,259198,ALL
1190,120,0.0,259198,ALL
1195,120,0.0,259198,ALL
1200,120,0.0,259198,ALL
1205,120,0.0,259198,ALL
1210,120,0.0,259198,ALL
1215,120,0.0,259198,ALL
1220,120,0.0,259198,ALL
1225,120,0.0,259198,ALL
1230,120,0.0,259198,ALL
1235,120,0.0,259198,ALL
1240,120,0.0,259198,ALL
1245,120,0.0,259198,ALL
1250,120,0.0,259198,ALL
1255,120,0.0,259198,ALL
1260,120,0.0,259198,ALL
1265,120,0.0,259198,ALL
1270,120,0.0,259198,ALL
1275,120,0.0,259198,ALL
1280,120,0.0,259198,ALL
1285,120,0.0,259198,ALL
1290,120,0.0,259198,ALL
1295,120,0.0,259198,ALL
1300,120,0.0,259198,ALL
1305,120,0.0,259198,ALL
1310,120,0.0,259198,ALL
1315,120,0.0,259198,ALL
1320,120,0.0,259198,ALL
1325,120,0.0,259198,ALL
1330,120,0.0,259198,ALL
1335,120,0.0,259198,ALL
1340,120,0.0,259198,ALL
1345,120,0.0,259198,ALL
1350,120,0.0,259198,ALL
1355,120,0.0,259198,ALL
1360,120,0.0,259198,ALL
1365,120,0.0,259198,ALL
1370,120,0.0,259198,ALL
1375,120,0.0,259198,ALL
1380,120,0.0,259198,ALL
1385,120,0.0,259198,ALL
1390,120,0.0,259198,ALL
1395,120,0.0,259198,ALL
1400,120,0.0,259198,ALL
1405,120,0.0,259198,ALL
1410,120,0.0,259198,ALL
1415,120,0.0,259198,ALL
1420,120,0.0,259198,ALL
1425,120,0.0,259198,ALL
1430,120,0.0,259198,ALL
1435,120,0.0,259198,ALL
1440,120,0.0,259198,ALL
1445,120,0.0,259198,ALL
1450,120,0.0,259198,ALL
1455,120,0.0,259198,ALL
1460,120,0.0,259198,ALL
1465,120,0.0,259198,ALL
1470,120,0.0,259198,ALL
1475,120,0.0,259198,ALL
1480,120,0.0,259198,ALL
1485,120,0.0,259198,ALL
1490,120,0.0,259198,ALL
1495,120,0.0,259198,ALL
1500,120,0.0,259198,ALL
1505,120,0.0,259198,ALL
1510,120,0.0,259198,ALL
1515,120,0.0,259198,ALL
1520,120,0.0,259198,ALL
1525,120,0.0,259198,ALL
1530,120,0.0,259198,ALL
1535,120,0.0,259198,ALL
1540,120,0.0,259198,ALL
1545,120,0.0,259198,ALL
1550,120,0.0,259198,ALL
1555,120,0.0,259198,ALL
1560,120,0.0,259198,ALL
1565,120,0.0,259198,ALL
1570,120,0.0,259198,ALL
1575,120,0.0,259198,ALL
1580,120,0.0,259198,ALL
1585,120,0.0,259198,ALL
1590,120,0.0,259198,ALL
1595,120,0.0,259198,ALL
1600,120,0.0,259198,ALL
1605,120,0.0,259198,ALL
1610,120,0.0,259198,ALL
1615,120,0.0,259198,ALL
1620,120,0.0,259198,ALL
1625,120,0.0,259198,ALL
1630,120,0.0,259198,ALL
1635,120,0.0,259198,ALL
1640,120,0.0,259198,ALL
1645,120,0.0,259198,ALL
1650,120,0.0,259198,ALL
1655,120,0.0,259198,ALL
1660,120,0.0,259198,ALL
1665,120,0.0,259198,ALL
1670,120,0.0,259198,ALL
1675,120,0.0,259198,ALL
1680,120,0.0,259198,ALL
1685,120,0.0,259198,ALL
1690,120,0.0,259198,ALL
1695,120,0.0,259198,ALL
1700,120,0.0,259198,ALL
1705,120,0.0,259198,ALL
1710,120,0.0,259198,ALL
1715,120,0.0,259198,ALL
1720,120,0.0,259198,ALL
1725,120,0.0,259198,ALL
1730,120,0.0,259198,ALL
1735,120,0.0,259198,ALL
1740,120,0.0,259198,ALL
1745,120,0.0,259198,ALL
1750,120,0.0,259198,ALL
1755,120,0.0,259198,ALL
1760,120,0.0,259198,ALL
1765,120,0.0,259198,ALL
1770,120,0.0,259198,ALL
1775,120,0.0,259198,ALL
1780,120,0.0,259198,ALL
1785,120,0.0,259198,ALL
1790,120,0.0,259198,ALL
1795,120,0.0,259198,ALL
1800,120,0.0,259198,ALL
1805,120,0.0,259198,ALL
1810,120,0.0,259198,ALL
1815,120,0.0,259198,ALL
1820,120,0.0,259198,ALL
1825,120,0.0,259198,ALL
1830,120,0.0,259198,ALL
1835,120,0.0,259198,ALL
1840,120,0.0,259198,ALL
1845,120,0.0,259198,ALL
1850,120,0.0,259198,ALL
1855,120,0.0,259198,ALL
1860,120,0.0,259198,ALL
1865,120,0.0,259198,ALL
1870,120,0.0,259198,ALL
1875,120,0.0,259198,ALL
1880,120,0.0,259198,ALL
1885,120,0.0,259198,ALL
1890,120,0.0,259198,ALL
1895,120,0.0,259198,ALL
1900,120,0.0,259198,ALL
1905,120,0.0,259198,ALL
1910,120,0.0,259198,ALL
1915,120,0.0,259198,ALL
1920,120,0.0,259198,ALL
1925,120,0.0,259198,ALL
1930,120,0.0,259198,ALL
1935,120,0.0,259198,ALL
1940,120,0.0,259198,ALL
1945,120,0.0,259198,ALL
1950,120,0.0,259198,ALL
1955,120,0.0,259198,ALL
1960,120,0.0,259198,ALL
1965,120,0.0,259198,ALL
1970,120,0.0,259198,ALL
1975,120,0.0,259198,ALL
1980,120,0.0,259198,ALL
1985,120,0.0,259198,ALL
1990,120,0.0,259198,ALL
1995,120,0.0,259198,ALL
2000,120,0.0,259198,ALL
50,120,0.800043,70020,ASIA
55,120,0.739089,70020,ASIA
60,120,0.677935,70020,ASIA
65,120,0.618152,70020,ASIA
70,120,0.56064,70020,ASIA
75,120,0.506927,70020,ASIA
80,120,0.454013,70020,ASIA
85,120,0.406398,70020,ASIA
90,120,0.363011,70020,ASIA
95,120,0.323508,70020,ASIA
100,120,0.287261,70020,ASIA
105,120,0.254442,70020,ASIA
110,120,0.224236,70020,ASIA
115,120,0.196387,70020,ASIA
120,120,0.171779,70020,ASIA
125,120,0.151485,70020,ASIA
130,120,0.132248,70020,ASIA
135,120,0.115938,70020,ASIA
140,120,0.100957,70020,ASIA
145,120,0.088446,70020,ASIA
150,120,0.07665,70020,ASIA
155,120,0.065924,70020,ASIA
160,120,0.05657,70020,ASIA
165,120,0.049029,70020,ASIA
170,120,0.041931,70020,ASIA
175,120,0.035661,70020,ASIA
180,120,0.030434,70020,ASIA
185,120,0.026335,70020,ASIA
190,120,0.022279,70020,ASIA
195,120,0.018795,70020,ASIA
200,120,0.015738,70020,ASIA
205,120,0.013439,70020,ASIA
210,120,0.011325,70020,ASIA
215,120,0.009512,70020,ASIA
220,120,0.007869,70020,ASIA
225,120,0.00657,70020,ASIA
230,120,0.00557,70020,ASIA
235,120,0.004642,70020,ASIA
240,120,0.003942,70020,ASIA
245,120,0.003171,70020,ASIA
250,120,0.002528,70020,ASIA
255,120,0.002157,70020,ASIA
260,120,0.001799,70020,ASIA
265,120,0.001414,70020,ASIA
270,120,0.001114,70020,ASIA
275,120,0.000857,70020,ASIA
280,120,0.000714,70020,ASIA
285,120,0.000586,70020,ASIA
290,120,0.0005,70020,ASIA
295,120,0.000386,70020,ASIA
300,120,0.000328,70020,ASIA
305,120,0.000271,70020,ASIA
310,120,0.000243,70020,ASIA
315,120,0.0002,70020,ASIA
320,120,0.000171,70020,ASIA
325,120,0.000143,70020,ASIA
330,120,8.6e-05,70020,ASIA
335,120,7.1e-05,70020,ASIA
340,120,7.1e-05,70020,ASIA
345,120,7.1e-05,70020,ASIA
350,120,7.1e-05,70020,ASIA
355,120,5.7e-05,70020,ASIA
360,120,5.7e-05,70020,ASIA
365,120,4.3e-05,70020,ASIA
370,120,2.9e-05,70020,ASIA
375,120,2.9e-05,70020,ASIA
380,120,2.9e-05,70020,ASIA
385,120,2.9e-05,70020,ASIA
390,120,2.9e-05,70020,ASIA
395,120,2.9e-05,70020,ASIA
400,120,2.9e-05,70020,ASIA
405,120,2.9e-05,70020,ASIA
410,120,2.9e-05,70020,ASIA
415,120,1.4e-05,70020,ASIA
420,120,0.0,70020,ASIA
425,120,0.0,70020,ASIA
430,120,0.0,70020,ASIA
435,120,0.0,70020,ASIA
440,120,0.0,70020,ASIA
445,120,0.0,70020,ASIA
450,120,0.0,70020,ASIA
455,120,0.0,70020,ASIA
460,120,0.0,70020,ASIA
465,120,0.0,70020,ASIA
470,120,0.0,70020,ASIA
475,120,0.0,70020,ASIA
480,120,0.0,70020,ASIA
485,120,0.0,70020,ASIA
490,120,0.0,70020,ASIA
495,120,0.0,70020,ASIA
500,120,0.0,70020,ASIA
505,120,0.0,70020,ASIA
510,120,0.0,70020,ASIA
515,120,0.0,70020,ASIA
520,120,0.0,70020,ASIA
525,120,0.0,70020,ASIA
530,120,0.0,70020,ASIA
535,120,0.0,70020,ASIA
540,120,0.0,70020,ASIA
545,120,0.0,70020,ASIA
550,120,0.0,70020,ASIA
555,120,0.0,70020,ASIA
560,120,0.0,70020,ASIA
565,120,0.0,70020,ASIA
570,120,0.0,70020,ASIA
575,120,0.0,70020,ASIA
580,120,0.0,70020,ASIA
585,120,0.0,70020,ASIA
590,120,0.0,70020,ASIA
595,120,0.0,70020,ASIA
600,120,0.0,70020,ASIA
605,120,0.0,70020,ASIA
610,120,0.0,70020,ASIA
615,120,0.0,70020,ASIA
620,120,0.0,70020,ASIA
625,120,0.0,70020,ASIA
630,120,0.0,70020,ASIA
635,120,0.0,70020,ASIA
640,120,0.0,70020,ASIA
645,120,0.0,70020,ASIA
650,120,0.0,70020,ASIA
655,120,0.0,70020,ASIA
660,120,0.0,70020,ASIA
665,120,0.0,70020,ASIA
670,120,0.0,70020,ASIA
675,120,0.0,70020,ASIA
680,120,0.0,70020,ASIA
685,120,0.0,70020,ASIA
690,120,0.0,70020,ASIA
695,120,0.0,70020,ASIA
700,120,0.0,70020,ASIA
705,120,0.0,70020,ASIA
710,120,0.0,70020,ASIA
715,120,0.0,70020,ASIA
720,120,0.0,70020,ASIA
725,120,0.0,70020,ASIA
730,120,0.0,70020,ASIA
735,120,0.0,70020,ASIA
740,120,0.0,70020,ASIA
745,120,0.0,70020,ASIA
750,120,0.0,70020,ASIA
755,120,0.0,70020,ASIA
760,120,0.0,70020,ASIA
765,120,0.0,70020,ASIA
770,120,0.0,70020,ASIA
775,120,0.0,70020,ASIA
780,120,0.0,70020,ASIA
785,120,0.0,70020,ASIA
790,120,0.0,70020,ASIA
795,120,0.0,70020,ASIA
800,120,0.0,70020,ASIA
805,120,0.0,70020,ASIA
810,120,0.0,70020,ASIA
815,120,0.0,70020,ASIA
820,120,0.0,70020,ASIA
825,120,0.0,70020,ASIA
830,120,0.0,70020,ASIA
835,120,0.0,70020,ASIA
840,120,0.0,70020,ASIA
845,120,0.0,70020,ASIA
850,120,0.0,70020,ASIA
855,120,0.0,70020,ASIA
860,120,0.0,70020,ASIA
865,120,0.0,70020,ASIA
870,120,0.0,70020,ASIA
875,120,0.0,70020,ASIA
880,120,0.0,70020,ASIA
885,120,0.0,70020,ASIA
890,120,0.0,70020,ASIA
895,120,0.0,70020,ASIA
900,120,0.0,70020,ASIA
905,120,0.0,70020,ASIA
910,120,0.0,70020,ASIA
915,120,0.0,70020,ASIA
920,120,0.0,70020,ASIA
925,120,0.0,70020,ASIA
930,120,0.0,70020,ASIA
935,120,0.0,70020,ASIA
940,120,0.0,70020,ASIA
945,120,0.0,70020,ASIA
950,120,0.0,70020,ASIA
955,120,0.0,70020,ASIA
960,120,0.0,70020,ASIA
965,120,0.0,70020,ASIA
970,120,0.0,70020,ASIA
975,120,0.0,70020,ASIA
980,120,0.0,70020,ASIA
985,120,0.0,70020,ASIA
990,120,0.0,70020,ASIA
995,120,0.0,70020,ASIA
1000,120,0.0,70020,ASIA
1005,120,0.0,70020,ASIA
1010,120,0.0,70020,ASIA
1015,120,0.0,70020,ASIA
1020,120,0.0,70020,ASIA
1025,120,0.0,70020,ASIA
1030,120,0.0,70020,ASIA
1035,120,0.0,70020,ASIA
1040,120,0.0,70020,ASIA
1045,120,0.0,70020,ASIA
1050,120,0.0,70020,ASIA
1055,120,0.0,70020,ASIA
1060,120,0.0,70020,ASIA
1065,120,0.0,70020,ASIA
1070,120,0.0,70020,ASIA
1075,120,0.0,70020,ASIA
1080,120,0.0,70020,ASIA
1085,120,0.0,70020,ASIA
1090,120,0.0,70020,ASIA
1095,120,0.0,70020,ASIA
1100,120,0.0,70020,ASIA
1105,120,0.0,70020,ASIA
1110,120,0.0,70020,ASIA
1115,120,0.0,70020,ASIA
1120,120,0.0,70020,ASIA
1125,120,0.0,70020,ASIA
1130,120,0.0,70020,ASIA
1135,120,0.0,70020,ASIA
1140,120,0.0,70020,ASIA
1145,120,0.0,70020,ASIA
1150,120,0.0,70020,ASIA
1155,120,0.0,70020,ASIA
1160,120,0.0,70020,ASIA
1165,120,0.0,70020,ASIA
1170,120,0.0,70020,ASIA
1175,120,0.0,70020,ASIA
1180,120,0.0,70020,ASIA
1185,120,0.0,70020,ASIA
1190,120,0.0,70020,ASIA
1195,120,0.0,70020,ASIA
1200,120,0.0,70020,ASIA
1205,120,0.0,70020,ASIA
1210,120,0.0,70020,ASIA
1215,120,0.0,70020,ASIA
1220,120,0.0,70020,ASIA
1225,120,0.0,70020,ASIA
1230,120,0.0,70020,ASIA
1235,120,0.0,70020,ASIA
1240,120,0.0,70020,ASIA
1245,120,0.0,70020,ASIA
1250,120,0.0,70020,ASIA
1255,120,0.0,70020,ASIA
1260,120,0.0,70020,ASIA
1265,120,0.0,70020,ASIA
1270,120,0.0,70020,ASIA
1275,120,0.0,70020,ASIA
1280,120,0.0,70020,ASIA
1285,120,0.0,70020,ASIA
1290,120,0.0,70020,ASIA
1295,120,0.0,70020,ASIA
1300,120,0.0,70020,ASIA
1305,120,0.0,70020,ASIA
1310,120,0.0,70020,ASIA
1315,120,0.0,70020,ASIA
1320,120,0.0,70020,ASIA
1325,120,0.0,70020,ASIA
1330,120,0.0,70020,ASIA
1335,120,0.0,70020,ASIA
1340,120,0.0,70020,ASIA
1345,120,0.0,70020,ASIA
1350,120,0.0,70020,ASIA
1355,120,0.0,70020,ASIA
1360,120,0.0,70020,ASIA
1365,120,0.0,70020,ASIA
1370,120,0.0,70020,ASIA
1375,120,0.0,70020,ASIA
1380,120,0.0,70020,ASIA
1385,120,0.0,70020,ASIA
1390,120,0.0,70020,ASIA
1395,120,0.0,70020,ASIA
1400,120,0.0,70020,ASIA
1405,120,0.0,70020,ASIA
1410,120,0.0,70020,ASIA
1415,120,0.0,70020,ASIA
1420,120,0.0,70020,ASIA
1425,120,0.0,70020,ASIA
1430,120,0.0,70020,ASIA
1435,120,0.0,70020,ASIA
1440,120,0.0,70020,ASIA
1445,120,0.0,70020,ASIA
1450,120,0.0,70020,ASIA
1455,120,0.0,70020,ASIA
1460,120,0.0,70020,ASIA
1465,120,0.0,70020,ASIA
1470,120,0.0,70020,ASIA
1475,120,0.0,70020,ASIA
1480,120,0.0,70020,ASIA
1485,120,0.0,70020,ASIA
1490,120,0.0,70020,ASIA
1495,120,0.0,70020,ASIA
1500,120,0.0,70020,ASIA
1505,120,0.0,70020,ASIA
1510,120,0.0,70020,ASIA
1515,120,0.0,70020,ASIA
1520,120,0.0,70020,ASIA
1525,120,0.0,70020,ASIA
1530,120,0.0,70020,ASIA
1535,120,0.0,70020,ASIA
1540,120,0.0,70020,ASIA
1545,120,0.0,70020,ASIA
1550,120,0.0,70020,ASIA
1555,120,0.0,70020,ASIA
1560,120,0.0,70020,ASIA
1565,120,0.0,70020,ASIA
1570,120,0.0,70020,ASIA
1575,120,0.0,70020,ASIA
1580,120,0.0,70020,ASIA
1585,120,0.0,70020,ASIA
1590,120,0.0,70020,ASIA
1595,120,0.0,70020,ASIA
1600,120,0.0,70020,ASIA
1605,120,0.0,70020,ASIA
1610,120,0.0,70020,ASIA
1615,120,0.0,70020,ASIA
1620,120,0.0,70020,ASIA
1625,120,0.0,70020,ASIA
1630,120,0.0,70020,ASIA
1635,120,0.0,70020,ASIA
1640,120,0.0,70020,ASIA
1645,120,0.0,70020,ASIA
1650,120,0.0,70020,ASIA
1655,120,0.0,70020,ASIA
1660,120,0.0,70020,ASIA
1665,120,0.0,70020,ASIA
1670,120,0.0,70020,ASIA
1675,120,0.0,70020,ASIA
1680,120,0.0,70020,ASIA
1685,120,0.0,70020,ASIA
1690,120,0.0,70020,ASIA
1695,120,0.0,70020,ASIA
1700,120,0.0,70020,ASIA
1705,120,0.0,70020,ASIA
1710,120,0.0,70020,ASIA
1715,120,0.0,70020,ASIA
1720,120,0.0,70020,ASIA
1725,120,0.0,70020,ASIA
1730,120,0.0,70020,ASIA
1735,120,0.0,70020,ASIA
1740,120,0.0,70020,ASIA
1745,120,0.0,70020,ASIA
1750,120,0.0,70020,ASIA
1755,120,0.0,70020,ASIA
1760,120,0.0,70020,ASIA
1765,120,0.0,70020,ASIA
1770,120,0.0,70020,ASIA
1775,120,0.0,70020,ASIA
1780,120,0.0,70020,ASIA
1785,120,0.0,70020,ASIA
1790,120,0.0,70020,ASIA
1795,120,0.0,70020,ASIA
1800,120,0.0,70020,ASIA
1805,120,0.0,70020,ASIA
1810,120,0.0,70020,ASIA
1815,120,0.0,70020,ASIA
1820,120,0.0,70020,ASIA
1825,120,0.0,70020,ASIA
1830,120,0.0,70020,ASIA
1835,120,0.0,70020,ASIA
1840,120,0.0,70020,ASIA
1845,120,0.0,70020,ASIA
1850,120,0.0,70020,ASIA
1855,120,0.0,70020,ASIA
1860,120,0.0,70020,ASIA
1865,120,0.0,70020,ASIA
1870,120,0.0,70020,ASIA
1875,120,0.0,70020,ASIA
1880,120,0.0,70020,ASIA
1885,120,0.0,70020,ASIA
1890,120,0.0,70020,ASIA
1895,120,0.0,70020,ASIA
1900,120,0.0,70020,ASIA
1905,120,0.0,70020,ASIA
1910,120,0.0,70020,ASIA
1915,120,0.0,70020,ASIA
1920,120,0.0,70020,ASIA
1925,120,0.0,70020,ASIA
1930,120,0.0,70020,ASIA
1935,120,0.0,70020,ASIA
1940,120,0.0,70020,ASIA
1945,120,0.0,70020,ASIA
1950,120,0.0,70020,ASIA
1955,120,0.0,70020,ASIA
1960,120,0.0,70020,ASIA
1965,120,0.0,70020,ASIA
1970,120,0.0,70020,ASIA
1975,120,0.0,70020,ASIA
1980,120,0.0,70020,ASIA
1985,120,0.0,70020,ASIA
1990,120,0.0,70020,ASIA
1995,120,0.0,70020,ASIA
2000,120,0.0,70020,ASIA
50,120,0.884907,43200,EU
55,120,0.838981,43200,EU
60,120,0.790069,43200,EU
65,120,0.738935,43200,EU
70,120,0.687431,43200,EU
75,120,0.637384,43200,EU
80,120,0.587199,43200,EU
85,120,0.541111,43200,EU
90,120,0.495625,43200,EU
95,120,0.453495,43200,EU
100,120,0.413426,43200,EU
105,120,0.377847,43200,EU
110,120,0.344144,43200,EU
115,120,0.312338,43200,EU
120,120,0.282639,43200,EU
125,120,0.254838,43200,EU
130,120,0.228935,43200,EU
135,120,0.205787,43200,EU
140,120,0.183264,43200,EU
145,120,0.16338,43200,EU
150,120,0.146551,43200,EU
155,120,0.13081,43200,EU
160,120,0.116458,43200,EU
165,120,0.10331,43200,EU
170,120,0.092083,43200,EU
175,120,0.081319,43200,EU
180,120,0.071157,43200,EU
185,120,0.062986,43200,EU
190,120,0.055764,43200,EU
195,120,0.049398,43200,EU
200,120,0.043796,43200,EU
205,120,0.038472,43200,EU
210,120,0.034769,43200,EU
215,120,0.030602,43200,EU
220,120,0.026667,43200,EU
225,120,0.023171,43200,EU
230,120,0.02037,43200,EU
235,120,0.017986,43200,EU
240,120,0.015602,43200,EU
245,120,0.013264,43200,EU
250,120,0.011597,43200,EU
255,120,0.010231,43200,EU
260,120,0.00875,43200,EU
265,120,0.007569,43200,EU
270,120,0.006458,43200,EU
275,120,0.005648,43200,EU
280,120,0.004769,43200,EU
285,120,0.004144,43200,EU
290,120,0.003565,43200,EU
295,120,0.003218,43200,EU
300,120,0.002778,43200,EU
305,120,0.002477,43200,EU
310,120,0.002199,43200,EU
315,120,0.001852,43200,EU
320,120,0.001505,43200,EU
325,120,0.001343,43200,EU
330,120,0.001227,43200,EU
335,120,0.001065,43200,EU
340,120,0.000926,43200,EU
345,120,0.000787,43200,EU
350,120,0.000602,43200,EU
355,120,0.000486,43200,EU
360,120,0.00044,43200,EU
365,120,0.000324,43200,EU
370,120,0.000278,43200,EU
375,120,0.000255,43200,EU
380,120,0.000231,43200,EU
385,120,0.000208,43200,EU
390,120,0.000139,43200,EU
395,120,0.000116,43200,EU
400,120,6.9e-05,43200,EU
405,120,4.6e-05,43200,EU
410,120,2.3e-05,43200,EU
415,120,2.3e-05,43200,EU
420,120,2.3e-05,43200,EU
425,120,2.3e-05,43200,EU
430,120,2.3e-05,43200,EU
435,120,2.3e-05,43200,EU
440,120,2.3e-05,43200,EU
445,120,2.3e-05,43200,EU
450,120,2.3e-05,43200,EU
455,120,2.3e-05,43200,EU
460,120,2.3e-05,43200,EU
465,120,2.3e-05,43200,EU
470,120,2.3e-05,43200,EU
475,120,0.0,43200,EU
480,120,0.0,43200,EU
485,120,0.0,43200,EU
490,120,0.0,43200,EU
495,120,0.0,43200,EU
500,120,0.0,43200,EU
505,120,0.0,43200,EU
510,120,0.0,43200,EU
515,120,0.0,43200,EU
520,120,0.0,43200,EU
525,120,0.0,43200,EU
530,120,0.0,43200,EU
535,120,0.0,43200,EU
540,120,0.0,43200,EU
545,120,0.0,43200,EU
550,120,0.0,43200,EU
555,120,0.0,43200,EU
560,120,0.0,43200,EU
565,120,0.0,43200,EU
570,120,0.0,43200,EU
575,120,0.0,43200,EU
580,120,0.0,43200,EU
585,120,0.0,43200,EU
590,120,0.0,43200,EU
595,120,0.0,43200,EU
600,120,0.0,43200,EU
605,120,0.0,43200,EU
610,120,0.0,43200,EU
615,120,0.0,43200,EU
620,120,0.0,43200,EU
625,120,0.0,43200,EU
630,120,0.0,43200,EU
635,120,0.0,43200,EU
640,120,0.0,43200,EU
645,120,0.0,43200,EU
650,120,0.0,43200,EU
655,120,0.0,43200,EU
660,120,0.0,43200,EU
665,120,0.0,43200,EU
670,120,0.0,43200,EU
675,120,0.0,43200,EU
680,120,0.0,43200,EU
685,120,0.0,43200,EU
690,120,0.0,43200,EU
695,120,0.0,43200,EU
700,120,0.0,43200,EU
705,120,0.0,43200,EU
710,120,0.0,43200,EU
715,120,0.0,43200,EU
720,120,0.0,43200,EU
725,120,0.0,43200,EU
730,120,0.0,43200,EU
735,120,0.0,43200,EU
740,120,0.0,43200,EU
745,120,0.0,43200,EU
750,120,0.0,43200,EU
755,120,0.0,43200,EU
760,120,0.0,43200,EU
765,120,0.0,43200,EU
770,120,0.0,43200,EU
775,120,0.0,43200,EU
780,120,0.0,43200,EU
785,120,0.0,43200,EU
790,120,0.0,43200,EU
795,120,0.0,43200,EU
800,120,0.0,43200,EU
805,120,0.0,43200,EU
810,120,0.0,43200,EU
815,120,0.0,43200,EU
820,120,0.0,43200,EU
825,120,0.0,43200,EU
830,120,0.0,43200,EU
835,120,0.0,43200,EU
840,120,0.0,43200,EU
845,120,0.0,43200,EU
850,120,0.0,43200,EU
855,120,0.0,43200,EU
860,120,0.0,43200,EU
865,120,0.0,43200,EU
870,120,0.0,43200,EU
875,120,0.0,43200,EU
880,120,0.0,43200,EU
885,120,0.0,43200,EU
890,120,0.0,43200,EU
895,120,0.0,43200,EU
900,120,0.0,43200,EU
905,120,0.0,43200,EU
910,120,0.0,43200,EU
915,120,0.0,43200,EU
920,120,0.0,43200,EU
925,120,0.0,43200,EU
930,120,0.0,43200,EU
935,120,0.0,43200,EU
940,120,0.0,43200,EU
945,120,0.0,43200,EU
950,120,0.0,43200,EU
955,120,0.0,43200,EU
960,120,0.0,43200,EU
965,120,0.0,43200,EU
970,120,0.0,43200,EU
975,120,0.0,43200,EU
980,120,0.0,43200,EU
985,120,0.0,43200,EU
990,120,0.0,43200,EU
995,120,0.0,43200,EU
1000,120,0.0,43200,EU
1005,120,0.0,43200,EU
1010,120,0.0,43200,EU
1015,120,0.0,43200,EU
1020,120,0.0,43200,EU
1025,120,0.0,43200,EU
1030,120,0.0,43200,EU
1035,120,0.0,43200,EU
1040,120,0.0,43200,EU
1045,120,0.0,43200,EU
1050,120,0.0,43200,EU
1055,120,0.0,43200,EU
1060,120,0.0,43200,EU
1065,120,0.0,43200,EU
1070,120,0.0,43200,EU
1075,120,0.0,43200,EU
1080,120,0.0,43200,EU
1085,120,0.0,43200,EU
1090,120,0.0,43200,EU
1095,120,0.0,43200,EU
1100,120,0.0,43200,EU
1105,120,0.0,43200,EU
1110,120,0.0,43200,EU
1115,120,0.0,43200,EU
1120,120,0.0,43200,EU
1125,120,0.0,43200,EU
1130,120,0.0,43200,EU
1135,120,0.0,43200,EU
1140,120,0.0,43200,EU
1145,120,0.0,43200,EU
1150,120,0.0,43200,EU
1155,120,0.0,43200,EU
1160,120,0.0,43200,EU
1165,120,0.0,43200,EU
1170,120,0.0,43200,EU
1175,120,0.0,43200,EU
1180,120,0.0,43200,EU
1185,120,0.0,43200,EU
1190,120,0.0,43200,EU
1195,120,0.0,43200,EU
1200,120,0.0,43200,EU
1205,120,0.0,43200,EU
1210,120,0.0,43200,EU
1215,120,0.0,43200,EU
1220,120,0.0,43200,EU
1225,120,0.0,43200,EU
1230,120,0.0,43200,EU
1235,120,0.0,43200,EU
1240,120,0.0,43200,EU
1245,120,0.0,43200,EU
1250,120,0.0,43200,EU
1255,120,0.0,43200,EU
1260,120,0.0,43200,EU
1265,120,0.0,43200,EU
1270,120,0.0,43200,EU
1275,120,0.0,43200,EU
1280,120,0.0,43200,EU
1285,120,0.0,43200,EU
1290,120,0.0,43200,EU
1295,120,0.0,43200,EU
1300,120,0.0,43200,EU
1305,120,0.0,43200,EU
1310,120,0.0,43200,EU
1315,120,0.0,43200,EU
1320,120,0.0,43200,EU
1325,120,0.0,43200,EU
1330,120,0.0,43200,EU
1335,120,0.0,43200,EU
1340,120,0.0,43200,EU
1345,120,0.0,43200,EU
1350,120,0.0,43200,EU
1355,120,0.0,43200,EU
1360,120,0.0,43200,EU
1365,120,0.0,43200,EU
1370,120,0.0,43200,EU
1375,120,0.0,43200,EU
1380,120,0.0,43200,EU
1385,120,0.0,43200,EU
1390,120,0.0,43200,EU
1395,120,0.0,43200,EU
1400,120,0.0,43200,EU
1405,120,0.0,43200,EU
1410,120,0.0,43200,EU
1415,120,0.0,43200,EU
1420,120,0.0,43200,EU
1425,120,0.0,43200,EU
1430,120,0.0,43200,EU
1435,120,0.0,43200,EU
1440,120,0.0,43200,EU
1445,120,0.0,43200,EU
1450,120,0.0,43200,EU
1455,120,0.0,43200,EU
1460,120,0.0,43200,EU
1465,120,0.0,43200,EU
1470,120,0.0,43200,EU
1475,120,0.0,43200,EU
1480,120,0.0,43200,EU
1485,120,0.0,43200,EU
1490,120,0.0,43200,EU
1495,120,0.0,43200,EU
1500,120,0.0,43200,EU
1505,120,0.0,43200,EU
1510,120,0.0,43200,EU
1515,120,0.0,43200,EU
1520,120,0.0,43200,EU
1525,120,0.0,43200,EU
1530,120,0.0,43200,EU
1535,120,0.0,43200,EU
1540,120,0.0,43200,EU
1545,120,0.0,43200,EU
1550,120,0.0,43200,EU
1555,120,0.0,43200,EU
1560,120,0.0,43200,EU
1565,120,0.0,43200,EU
1570,120,0.0,43200,EU
1575,120,0.0,43200,EU
1580,120,0.0,43200,EU
1585,120,0.0,43200,EU
1590,120,0.0,43200,EU
1595,120,0.0,43200,EU
1600,120,0.0,43200,EU
1605,120,0.0,43200,EU
1610,120,0.0,43200,EU
1615,120,0.0,43200,EU
1620,120,0.0,43200,EU
1625,120,0.0,43200,EU
1630,120,0.0,43200,EU
1635,120,0.0,43200,EU
1640,120,0.0,43200,EU
1645,120,0.0,43200,EU
1650,120,0.0,43200,EU
1655,120,0.0,43200,EU
1660,120,0.0,43200,EU
1665,120,0.0,43200,EU
1670,120,0.0,43200,EU
1675,120,0.0,43200,EU
1680,120,0.0,43200,EU
1685,120,0.0,43200,EU
1690,120,0.0,43200,EU
1695,120,0.0,43200,EU
1700,120,0.0,43200,EU
1705,120,0.0,43200,EU
1710,120,0.0,43200,EU
1715,120,0.0,43200,EU
1720,120,0.0,43200,EU
1725,120,0.0,43200,EU
1730,120,0.0,43200,EU
1735,120,0.0,43200,EU
1740,120,0.0,43200,EU
1745,120,0.0,43200,EU
1750,120,0.0,43200,EU
1755,120,0.0,43200,EU
1760,120,0.0,43200,EU
1765,120,0.0,43200,EU
1770,120,0.0,43200,EU
1775,120,0.0,43200,EU
1780,120,0.0,43200,EU
1785,120,0.0,43200,EU
1790,120,0.0,43200,EU
1795,120,0.0,43200,EU
1800,120,0.0,43200,EU
1805,120,0.0,43200,EU
1810,120,0.0,43200,EU
1815,120,0.0,43200,EU
1820,120,0.0,43200,EU
1825,120,0.0,43200,EU
1830,120,0.0,43200,EU
1835,120,0.0,43200,EU
1840,120,0.0,43200,EU
1845,120,0.0,43200,EU
1850,120,0.0,43200,EU
1855,120,0.0,43200,EU
1860,120,0.0,43200,EU
1865,120,0.0,43200,EU
1870,120,0.0,43200,EU
1875,120,0.0,43200,EU
1880,120,0.0,43200,EU
1885,120,0.0,43200,EU
1890,120,0.0,43200,EU
1895,120,0.0,43200,EU
1900,120,0.0,43200,EU
1905,120,0.0,43200,EU
1910,120,0.0,43200,EU
1915,120,0.0,43200,EU
1920,120,0.0,43200,EU
1925,120,0.0,43200,EU
1930,120,0.0,43200,EU
1935,120,0.0,43200,EU
1940,120,0.0,43200,EU
1945,120,0.0,43200,EU
1950,120,0.0,43200,EU
1955,120,0.0,43200,EU
1960,120,0.0,43200,EU
1965,120,0.0,43200,EU
1970,120,0.0,43200,EU
1975,120,0.0,43200,EU
1980,120,0.0,43200,EU
1985,120,0.0,43200,EU
1990,120,0.0,43200,EU
1995,120,0.0,43200,EU
2000,120,0.0,43200,EU
50,120,0.828933,37798,EVENING
55,120,0.773295,37798,EVENING
60,120,0.715593,37798,EVENING
65,120,0.656543,37798,EVENING
70,120,0.601646,37798,EVENING
75,120,0.549103,37798,EVENING
80,120,0.496825,37798,EVENING
85,120,0.449151,37798,EVENING
90,120,0.405392,37798,EVENING
95,120,0.362744,37798,EVENING
100,120,0.324329,37798,EVENING
105,120,0.289539,37798,EVENING
110,120,0.255992,37798,EVENING
115,120,0.226361,37798,EVENING
120,120,0.199984,37798,EVENING
125,120,0.176041,37798,EVENING
130,120,0.155961,37798,EVENING
135,120,0.136886,37798,EVENING
140,120,0.119768,37798,EVENING
145,120,0.104767,37798,EVENING
150,120,0.091592,37798,EVENING
155,120,0.079978,37798,EVENING
160,120,0.070295,37798,EVENING
165,120,0.061247,37798,EVENING
170,120,0.053733,37798,EVENING
175,120,0.047119,37798,EVENING
180,120,0.040214,37798,EVENING
185,120,0.034896,37798,EVENING
190,120,0.030055,37798,EVENING
195,120,0.025848,37798,EVENING
200,120,0.022356,37798,EVENING
205,120,0.019234,37798,EVENING
210,120,0.01672,37798,EVENING
215,120,0.014445,37798,EVENING
220,120,0.012858,37798,EVENING
225,120,0.011138,37798,EVENING
230,120,0.009392,37798,EVENING
235,120,0.008069,37798,EVENING
240,120,0.00672,37798,EVENING
245,120,0.005741,37798,EVENING
250,120,0.004789,37798,EVENING
255,120,0.004074,37798,EVENING
260,120,0.003572,37798,EVENING
265,120,0.002857,37798,EVENING
270,120,0.002196,37798,EVENING
275,120,0.001799,37798,EVENING
280,120,0.001667,37798,EVENING
285,120,0.001561,37798,EVENING
290,120,0.001217,37798,EVENING
295,120,0.000926,37798,EVENING
300,120,0.000847,37798,EVENING
305,120,0.000714,37798,EVENING
310,120,0.000661,37798,EVENING
315,120,0.000476,37798,EVENING
320,120,0.000423,37798,EVENING
325,120,0.00037,37798,EVENING
330,120,0.000238,37798,EVENING
335,120,0.000212,37798,EVENING
340,120,0.000132,37798,EVENING
345,120,0.000106,37798,EVENING
350,120,0.000106,37798,EVENING
355,120,5.3e-05,37798,EVENING
360,120,2.6e-05,37798,EVENING
365,120,2.6e-05,37798,EVENING
370,120,2.6e-05,37798,EVENING
375,120,2.6e-05,37798,EVENING
380,120,2.6e-05,37798,EVENING
385,120,0.0,37798,EVENING
390,120,0.0,37798,EVENING
395,120,0.0,37798,EVENING
400,120,0.0,37798,EVENING
405,120,0.0,37798,EVENING
410,120,0.0,37798,EVENING
415,120,0.0,37798,EVENING
420,120,0.0,37798,EVENING
425,120,0.0,37798,EVENING
430,120,0.0,37798,EVENING
435,120,0.0,37798,EVENING
440,120,0.0,37798,EVENING
445,120,0.0,37798,EVENING
450,120,0.0,37798,EVENING
455,120,0.0,37798,EVENING
460,120,0.0,37798,EVENING
465,120,0.0,37798,EVENING
470,120,0.0,37798,EVENING
475,120,0.0,37798,EVENING
480,120,0.0,37798,EVENING
485,120,0.0,37798,EVENING
490,120,0.0,37798,EVENING
495,120,0.0,37798,EVENING
500,120,0.0,37798,EVENING
505,120,0.0,37798,EVENING
510,120,0.0,37798,EVENING
515,120,0.0,37798,EVENING
520,120,0.0,37798,EVENING
525,120,0.0,37798,EVENING
530,120,0.0,37798,EVENING
535,120,0.0,37798,EVENING
540,120,0.0,37798,EVENING
545,120,0.0,37798,EVENING
550,120,0.0,37798,EVENING
555,120,0.0,37798,EVENING
560,120,0.0,37798,EVENING
565,120,0.0,37798,EVENING
570,120,0.0,37798,EVENING
575,120,0.0,37798,EVENING
580,120,0.0,37798,EVENING
585,120,0.0,37798,EVENING
590,120,0.0,37798,EVENING
595,120,0.0,37798,EVENING
600,120,0.0,37798,EVENING
605,120,0.0,37798,EVENING
610,120,0.0,37798,EVENING
615,120,0.0,37798,EVENING
620,120,0.0,37798,EVENING
625,120,0.0,37798,EVENING
630,120,0.0,37798,EVENING
635,120,0.0,37798,EVENING
640,120,0.0,37798,EVENING
645,120,0.0,37798,EVENING
650,120,0.0,37798,EVENING
655,120,0.0,37798,EVENING
660,120,0.0,37798,EVENING
665,120,0.0,37798,EVENING
670,120,0.0,37798,EVENING
675,120,0.0,37798,EVENING
680,120,0.0,37798,EVENING
685,120,0.0,37798,EVENING
690,120,0.0,37798,EVENING
695,120,0.0,37798,EVENING
700,120,0.0,37798,EVENING
705,120,0.0,37798,EVENING
710,120,0.0,37798,EVENING
715,120,0.0,37798,EVENING
720,120,0.0,37798,EVENING
725,120,0.0,37798,EVENING
730,120,0.0,37798,EVENING
735,120,0.0,37798,EVENING
740,120,0.0,37798,EVENING
745,120,0.0,37798,EVENING
750,120,0.0,37798,EVENING
755,120,0.0,37798,EVENING
760,120,0.0,37798,EVENING
765,120,0.0,37798,EVENING
770,120,0.0,37798,EVENING
775,120,0.0,37798,EVENING
780,120,0.0,37798,EVENING
785,120,0.0,37798,EVENING
790,120,0.0,37798,EVENING
795,120,0.0,37798,EVENING
800,120,0.0,37798,EVENING
805,120,0.0,37798,EVENING
810,120,0.0,37798,EVENING
815,120,0.0,37798,EVENING
820,120,0.0,37798,EVENING
825,120,0.0,37798,EVENING
830,120,0.0,37798,EVENING
835,120,0.0,37798,EVENING
840,120,0.0,37798,EVENING
845,120,0.0,37798,EVENING
850,120,0.0,37798,EVENING
855,120,0.0,37798,EVENING
860,120,0.0,37798,EVENING
865,120,0.0,37798,EVENING
870,120,0.0,37798,EVENING
875,120,0.0,37798,EVENING
880,120,0.0,37798,EVENING
885,120,0.0,37798,EVENING
890,120,0.0,37798,EVENING
895,120,0.0,37798,EVENING
900,120,0.0,37798,EVENING
905,120,0.0,37798,EVENING
910,120,0.0,37798,EVENING
915,120,0.0,37798,EVENING
920,120,0.0,37798,EVENING
925,120,0.0,37798,EVENING
930,120,0.0,37798,EVENING
935,120,0.0,37798,EVENING
940,120,0.0,37798,EVENING
945,120,0.0,37798,EVENING
950,120,0.0,37798,EVENING
955,120,0.0,37798,EVENING
960,120,0.0,37798,EVENING
965,120,0.0,37798,EVENING
970,120,0.0,37798,EVENING
975,120,0.0,37798,EVENING
980,120,0.0,37798,EVENING
985,120,0.0,37798,EVENING
990,120,0.0,37798,EVENING
995,120,0.0,37798,EVENING
1000,120,0.0,37798,EVENING
1005,120,0.0,37798,EVENING
1010,120,0.0,37798,EVENING
1015,120,0.0,37798,EVENING
1020,120,0.0,37798,EVENING
1025,120,0.0,37798,EVENING
1030,120,0.0,37798,EVENING
1035,120,0.0,37798,EVENING
1040,120,0.0,37798,EVENING
1045,120,0.0,37798,EVENING
1050,120,0.0,37798,EVENING
1055,120,0.0,37798,EVENING
1060,120,0.0,37798,EVENING
1065,120,0.0,37798,EVENING
1070,120,0.0,37798,EVENING
1075,120,0.0,37798,EVENING
1080,120,0.0,37798,EVENING
1085,120,0.0,37798,EVENING
1090,120,0.0,37798,EVENING
1095,120,0.0,37798,EVENING
1100,120,0.0,37798,EVENING
1105,120,0.0,37798,EVENING
1110,120,0.0,37798,EVENING
1115,120,0.0,37798,EVENING
1120,120,0.0,37798,EVENING
1125,120,0.0,37798,EVENING
1130,120,0.0,37798,EVENING
1135,120,0.0,37798,EVENING
1140,120,0.0,37798,EVENING
1145,120,0.0,37798,EVENING
1150,120,0.0,37798,EVENING
1155,120,0.0,37798,EVENING
1160,120,0.0,37798,EVENING
1165,120,0.0,37798,EVENING
1170,120,0.0,37798,EVENING
1175,120,0.0,37798,EVENING
1180,120,0.0,37798,EVENING
1185,120,0.0,37798,EVENING
1190,120,0.0,37798,EVENING
1195,120,0.0,37798,EVENING
1200,120,0.0,37798,EVENING
1205,120,0.0,37798,EVENING
1210,120,0.0,37798,EVENING
1215,120,0.0,37798,EVENING
1220,120,0.0,37798,EVENING
1225,120,0.0,37798,EVENING
1230,120,0.0,37798,EVENING
1235,120,0.0,37798,EVENING
1240,120,0.0,37798,EVENING
1245,120,0.0,37798,EVENING
1250,120,0.0,37798,EVENING
1255,120,0.0,37798,EVENING
1260,120,0.0,37798,EVENING
1265,120,0.0,37798,EVENING
1270,120,0.0,37798,EVENING
1275,120,0.0,37798,EVENING
1280,120,0.0,37798,EVENING
1285,120,0.0,37798,EVENING
1290,120,0.0,37798,EVENING
1295,120,0.0,37798,EVENING
1300,120,0.0,37798,EVENING
1305,120,0.0,37798,EVENING
1310,120,0.0,37798,EVENING
1315,120,0.0,37798,EVENING
1320,120,0.0,37798,EVENING
1325,120,0.0,37798,EVENING
1330,120,0.0,37798,EVENING
1335,120,0.0,37798,EVENING
1340,120,0.0,37798,EVENING
1345,120,0.0,37798,EVENING
1350,120,0.0,37798,EVENING
1355,120,0.0,37798,EVENING
1360,120,0.0,37798,EVENING
1365,120,0.0,37798,EVENING
1370,120,0.0,37798,EVENING
1375,120,0.0,37798,EVENING
1380,120,0.0,37798,EVENING
1385,120,0.0,37798,EVENING
1390,120,0.0,37798,EVENING
1395,120,0.0,37798,EVENING
1400,120,0.0,37798,EVENING
1405,120,0.0,37798,EVENING
1410,120,0.0,37798,EVENING
1415,120,0.0,37798,EVENING
1420,120,0.0,37798,EVENING
1425,120,0.0,37798,EVENING
1430,120,0.0,37798,EVENING
1435,120,0.0,37798,EVENING
1440,120,0.0,37798,EVENING
1445,120,0.0,37798,EVENING
1450,120,0.0,37798,EVENING
1455,120,0.0,37798,EVENING
1460,120,0.0,37798,EVENING
1465,120,0.0,37798,EVENING
1470,120,0.0,37798,EVENING
1475,120,0.0,37798,EVENING
1480,120,0.0,37798,EVENING
1485,120,0.0,37798,EVENING
1490,120,0.0,37798,EVENING
1495,120,0.0,37798,EVENING
1500,120,0.0,37798,EVENING
1505,120,0.0,37798,EVENING
1510,120,0.0,37798,EVENING
1515,120,0.0,37798,EVENING
1520,120,0.0,37798,EVENING
1525,120,0.0,37798,EVENING
1530,120,0.0,37798,EVENING
1535,120,0.0,37798,EVENING
1540,120,0.0,37798,EVENING
1545,120,0.0,37798,EVENING
1550,120,0.0,37798,EVENING
1555,120,0.0,37798,EVENING
1560,120,0.0,37798,EVENING
1565,120,0.0,37798,EVENING
1570,120,0.0,37798,EVENING
1575,120,0.0,37798,EVENING
1580,120,0.0,37798,EVENING
1585,120,0.0,37798,EVENING
1590,120,0.0,37798,EVENING
1595,120,0.0,37798,EVENING
1600,120,0.0,37798,EVENING
1605,120,0.0,37798,EVENING
1610,120,0.0,37798,EVENING
1615,120,0.0,37798,EVENING
1620,120,0.0,37798,EVENING
1625,120,0.0,37798,EVENING
1630,120,0.0,37798,EVENING
1635,120,0.0,37798,EVENING
1640,120,0.0,37798,EVENING
1645,120,0.0,37798,EVENING
1650,120,0.0,37798,EVENING
1655,120,0.0,37798,EVENING
1660,120,0.0,37798,EVENING
1665,120,0.0,37798,EVENING
1670,120,0.0,37798,EVENING
1675,120,0.0,37798,EVENING
1680,120,0.0,37798,EVENING
1685,120,0.0,37798,EVENING
1690,120,0.0,37798,EVENING
1695,120,0.0,37798,EVENING
1700,120,0.0,37798,EVENING
1705,120,0.0,37798,EVENING
1710,120,0.0,37798,EVENING
1715,120,0.0,37798,EVENING
1720,120,0.0,37798,EVENING
1725,120,0.0,37798,EVENING
1730,120,0.0,37798,EVENING
1735,120,0.0,37798,EVENING
1740,120,0.0,37798,EVENING
1745,120,0.0,37798,EVENING
1750,120,0.0,37798,EVENING
1755,120,0.0,37798,EVENING
1760,120,0.0,37798,EVENING
1765,120,0.0,37798,EVENING
1770,120,0.0,37798,EVENING
1775,120,0.0,37798,EVENING
1780,120,0.0,37798,EVENING
1785,120,0.0,37798,EVENING
1790,120,0.0,37798,EVENING
1795,120,0.0,37798,EVENING
1800,120,0.0,37798,EVENING
1805,120,0.0,37798,EVENING
1810,120,0.0,37798,EVENING
1815,120,0.0,37798,EVENING
1820,120,0.0,37798,EVENING
1825,120,0.0,37798,EVENING
1830,120,0.0,37798,EVENING
1835,120,0.0,37798,EVENING
1840,120,0.0,37798,EVENING
1845,120,0.0,37798,EVENING
1850,120,0.0,37798,EVENING
1855,120,0.0,37798,EVENING
1860,120,0.0,37798,EVENING
1865,120,0.0,37798,EVENING
1870,120,0.0,37798,EVENING
1875,120,0.0,37798,EVENING
1880,120,0.0,37798,EVENING
1885,120,0.0,37798,EVENING
1890,120,0.0,37798,EVENING
1895,120,0.0,37798,EVENING
1900,120,0.0,37798,EVENING
1905,120,0.0,37798,EVENING
1910,120,0.0,37798,EVENING
1915,120,0.0,37798,EVENING
1920,120,0.0,37798,EVENING
1925,120,0.0,37798,EVENING
1930,120,0.0,37798,EVENING
1935,120,0.0,37798,EVENING
1940,120,0.0,37798,EVENING
1945,120,0.0,37798,EVENING
1950,120,0.0,37798,EVENING
1955,120,0.0,37798,EVENING
1960,120,0.0,37798,EVENING
1965,120,0.0,37798,EVENING
1970,120,0.0,37798,EVENING
1975,120,0.0,37798,EVENING
1980,120,0.0,37798,EVENING
1985,120,0.0,37798,EVENING
1990,120,0.0,37798,EVENING
1995,120,0.0,37798,EVENING
2000,120,0.0,37798,EVENING
50,120,0.937037,16200,LONDON_OPEN
55,120,0.908148,16200,LONDON_OPEN
60,120,0.871173,16200,LONDON_OPEN
65,120,0.830741,16200,LONDON_OPEN
70,120,0.787963,16200,LONDON_OPEN
75,120,0.745741,16200,LONDON_OPEN
80,120,0.70216,16200,LONDON_OPEN
85,120,0.659383,16200,LONDON_OPEN
90,120,0.616481,16200,LONDON_OPEN
95,120,0.571605,16200,LONDON_OPEN
100,120,0.530864,16200,LONDON_OPEN
105,120,0.491111,16200,LONDON_OPEN
110,120,0.454568,16200,LONDON_OPEN
115,120,0.422099,16200,LONDON_OPEN
120,120,0.389877,16200,LONDON_OPEN
125,120,0.358827,16200,LONDON_OPEN
130,120,0.32963,16200,LONDON_OPEN
135,120,0.300741,16200,LONDON_OPEN
140,120,0.275617,16200,LONDON_OPEN
145,120,0.25216,16200,LONDON_OPEN
150,120,0.229074,16200,LONDON_OPEN
155,120,0.208457,16200,LONDON_OPEN
160,120,0.188395,16200,LONDON_OPEN
165,120,0.171605,16200,LONDON_OPEN
170,120,0.155988,16200,LONDON_OPEN
175,120,0.139321,16200,LONDON_OPEN
180,120,0.124444,16200,LONDON_OPEN
185,120,0.113148,16200,LONDON_OPEN
190,120,0.101543,16200,LONDON_OPEN
195,120,0.093025,16200,LONDON_OPEN
200,120,0.083642,16200,LONDON_OPEN
205,120,0.075556,16200,LONDON_OPEN
210,120,0.068765,16200,LONDON_OPEN
215,120,0.061852,16200,LONDON_OPEN
220,120,0.054877,16200,LONDON_OPEN
225,120,0.049198,16200,LONDON_OPEN
230,120,0.044259,16200,LONDON_OPEN
235,120,0.040062,16200,LONDON_OPEN
240,120,0.035679,16200,LONDON_OPEN
245,120,0.032284,16200,LONDON_OPEN
250,120,0.028333,16200,LONDON_OPEN
255,120,0.024877,16200,LONDON_OPEN
260,120,0.021605,16200,LONDON_OPEN
265,120,0.019259,16200,LONDON_OPEN
270,120,0.017346,16200,LONDON_OPEN
275,120,0.015432,16200,LONDON_OPEN
280,120,0.013765,16200,LONDON_OPEN
285,120,0.01179,16200,LONDON_OPEN
290,120,0.01037,16200,LONDON_OPEN
295,120,0.009259,16200,LONDON_OPEN
300,120,0.007901,16200,LONDON_OPEN
305,120,0.007037,16200,LONDON_OPEN
310,120,0.006296,16200,LONDON_OPEN
315,120,0.005062,16200,LONDON_OPEN
320,120,0.004383,16200,LONDON_OPEN
325,120,0.003889,16200,LONDON_OPEN
330,120,0.003272,16200,LONDON_OPEN
335,120,0.002901,16200,LONDON_OPEN
340,120,0.002593,16200,LONDON_OPEN
345,120,0.002346,16200,LONDON_OPEN
350,120,0.002099,16200,LONDON_OPEN
355,120,0.001728,16200,LONDON_OPEN
360,120,0.00142,16200,LONDON_OPEN
365,120,0.001358,16200,LONDON_OPEN
370,120,0.001173,16200,LONDON_OPEN
375,120,0.001111,16200,LONDON_OPEN
380,120,0.000988,16200,LONDON_OPEN
385,120,0.000926,16200,LONDON_OPEN
390,120,0.000864,16200,LONDON_OPEN
395,120,0.000741,16200,LONDON_OPEN
400,120,0.000617,16200,LONDON_OPEN
405,120,0.000494,16200,LONDON_OPEN
410,120,0.000432,16200,LONDON_OPEN
415,120,0.000309,16200,LONDON_OPEN
420,120,0.000247,16200,LONDON_OPEN
425,120,0.000247,16200,LONDON_OPEN
430,120,0.000247,16200,LONDON_OPEN
435,120,0.000185,16200,LONDON_OPEN
440,120,0.000185,16200,LONDON_OPEN
445,120,0.000123,16200,LONDON_OPEN
450,120,6.2e-05,16200,LONDON_OPEN
455,120,6.2e-05,16200,LONDON_OPEN
460,120,0.0,16200,LONDON_OPEN
465,120,0.0,16200,LONDON_OPEN
470,120,0.0,16200,LONDON_OPEN
475,120,0.0,16200,LONDON_OPEN
480,120,0.0,16200,LONDON_OPEN
485,120,0.0,16200,LONDON_OPEN
490,120,0.0,16200,LONDON_OPEN
495,120,0.0,16200,LONDON_OPEN
500,120,0.0,16200,LONDON_OPEN
505,120,0.0,16200,LONDON_OPEN
510,120,0.0,16200,LONDON_OPEN
515,120,0.0,16200,LONDON_OPEN
520,120,0.0,16200,LONDON_OPEN
525,120,0.0,16200,LONDON_OPEN
530,120,0.0,16200,LONDON_OPEN
535,120,0.0,16200,LONDON_OPEN
540,120,0.0,16200,LONDON_OPEN
545,120,0.0,16200,LONDON_OPEN
550,120,0.0,16200,LONDON_OPEN
555,120,0.0,16200,LONDON_OPEN
560,120,0.0,16200,LONDON_OPEN
565,120,0.0,16200,LONDON_OPEN
570,120,0.0,16200,LONDON_OPEN
575,120,0.0,16200,LONDON_OPEN
580,120,0.0,16200,LONDON_OPEN
585,120,0.0,16200,LONDON_OPEN
590,120,0.0,16200,LONDON_OPEN
595,120,0.0,16200,LONDON_OPEN
600,120,0.0,16200,LONDON_OPEN
605,120,0.0,16200,LONDON_OPEN
610,120,0.0,16200,LONDON_OPEN
615,120,0.0,16200,LONDON_OPEN
620,120,0.0,16200,LONDON_OPEN
625,120,0.0,16200,LONDON_OPEN
630,120,0.0,16200,LONDON_OPEN
635,120,0.0,16200,LONDON_OPEN
640,120,0.0,16200,LONDON_OPEN
645,120,0.0,16200,LONDON_OPEN
650,120,0.0,16200,LONDON_OPEN
655,120,0.0,16200,LONDON_OPEN
660,120,0.0,16200,LONDON_OPEN
665,120,0.0,16200,LONDON_OPEN
670,120,0.0,16200,LONDON_OPEN
675,120,0.0,16200,LONDON_OPEN
680,120,0.0,16200,LONDON_OPEN
685,120,0.0,16200,LONDON_OPEN
690,120,0.0,16200,LONDON_OPEN
695,120,0.0,16200,LONDON_OPEN
700,120,0.0,16200,LONDON_OPEN
705,120,0.0,16200,LONDON_OPEN
710,120,0.0,16200,LONDON_OPEN
715,120,0.0,16200,LONDON_OPEN
720,120,0.0,16200,LONDON_OPEN
725,120,0.0,16200,LONDON_OPEN
730,120,0.0,16200,LONDON_OPEN
735,120,0.0,16200,LONDON_OPEN
740,120,0.0,16200,LONDON_OPEN
745,120,0.0,16200,LONDON_OPEN
750,120,0.0,16200,LONDON_OPEN
755,120,0.0,16200,LONDON_OPEN
760,120,0.0,16200,LONDON_OPEN
765,120,0.0,16200,LONDON_OPEN
770,120,0.0,16200,LONDON_OPEN
775,120,0.0,16200,LONDON_OPEN
780,120,0.0,16200,LONDON_OPEN
785,120,0.0,16200,LONDON_OPEN
790,120,0.0,16200,LONDON_OPEN
795,120,0.0,16200,LONDON_OPEN
800,120,0.0,16200,LONDON_OPEN
805,120,0.0,16200,LONDON_OPEN
810,120,0.0,16200,LONDON_OPEN
815,120,0.0,16200,LONDON_OPEN
820,120,0.0,16200,LONDON_OPEN
825,120,0.0,16200,LONDON_OPEN
830,120,0.0,16200,LONDON_OPEN
835,120,0.0,16200,LONDON_OPEN
840,120,0.0,16200,LONDON_OPEN
845,120,0.0,16200,LONDON_OPEN
850,120,0.0,16200,LONDON_OPEN
855,120,0.0,16200,LONDON_OPEN
860,120,0.0,16200,LONDON_OPEN
865,120,0.0,16200,LONDON_OPEN
870,120,0.0,16200,LONDON_OPEN
875,120,0.0,16200,LONDON_OPEN
880,120,0.0,16200,LONDON_OPEN
885,120,0.0,16200,LONDON_OPEN
890,120,0.0,16200,LONDON_OPEN
895,120,0.0,16200,LONDON_OPEN
900,120,0.0,16200,LONDON_OPEN
905,120,0.0,16200,LONDON_OPEN
910,120,0.0,16200,LONDON_OPEN
915,120,0.0,16200,LONDON_OPEN
920,120,0.0,16200,LONDON_OPEN
925,120,0.0,16200,LONDON_OPEN
930,120,0.0,16200,LONDON_OPEN
935,120,0.0,16200,LONDON_OPEN
940,120,0.0,16200,LONDON_OPEN
945,120,0.0,16200,LONDON_OPEN
950,120,0.0,16200,LONDON_OPEN
955,120,0.0,16200,LONDON_OPEN
960,120,0.0,16200,LONDON_OPEN
965,120,0.0,16200,LONDON_OPEN
970,120,0.0,16200,LONDON_OPEN
975,120,0.0,16200,LONDON_OPEN
980,120,0.0,16200,LONDON_OPEN
985,120,0.0,16200,LONDON_OPEN
990,120,0.0,16200,LONDON_OPEN
995,120,0.0,16200,LONDON_OPEN
1000,120,0.0,16200,LONDON_OPEN
1005,120,0.0,16200,LONDON_OPEN
1010,120,0.0,16200,LONDON_OPEN
1015,120,0.0,16200,LONDON_OPEN
1020,120,0.0,16200,LONDON_OPEN
1025,120,0.0,16200,LONDON_OPEN
1030,120,0.0,16200,LONDON_OPEN
1035,120,0.0,16200,LONDON_OPEN
1040,120,0.0,16200,LONDON_OPEN
1045,120,0.0,16200,LONDON_OPEN
1050,120,0.0,16200,LONDON_OPEN
1055,120,0.0,16200,LONDON_OPEN
1060,120,0.0,16200,LONDON_OPEN
1065,120,0.0,16200,LONDON_OPEN
1070,120,0.0,16200,LONDON_OPEN
1075,120,0.0,16200,LONDON_OPEN
1080,120,0.0,16200,LONDON_OPEN
1085,120,0.0,16200,LONDON_OPEN
1090,120,0.0,16200,LONDON_OPEN
1095,120,0.0,16200,LONDON_OPEN
1100,120,0.0,16200,LONDON_OPEN
1105,120,0.0,16200,LONDON_OPEN
1110,120,0.0,16200,LONDON_OPEN
1115,120,0.0,16200,LONDON_OPEN
1120,120,0.0,16200,LONDON_OPEN
1125,120,0.0,16200,LONDON_OPEN
1130,120,0.0,16200,LONDON_OPEN
1135,120,0.0,16200,LONDON_OPEN
1140,120,0.0,16200,LONDON_OPEN
1145,120,0.0,16200,LONDON_OPEN
1150,120,0.0,16200,LONDON_OPEN
1155,120,0.0,16200,LONDON_OPEN
1160,120,0.0,16200,LONDON_OPEN
1165,120,0.0,16200,LONDON_OPEN
1170,120,0.0,16200,LONDON_OPEN
1175,120,0.0,16200,LONDON_OPEN
1180,120,0.0,16200,LONDON_OPEN
1185,120,0.0,16200,LONDON_OPEN
1190,120,0.0,16200,LONDON_OPEN
1195,120,0.0,16200,LONDON_OPEN
1200,120,0.0,16200,LONDON_OPEN
1205,120,0.0,16200,LONDON_OPEN
1210,120,0.0,16200,LONDON_OPEN
1215,120,0.0,16200,LONDON_OPEN
1220,120,0.0,16200,LONDON_OPEN
1225,120,0.0,16200,LONDON_OPEN
1230,120,0.0,16200,LONDON_OPEN
1235,120,0.0,16200,LONDON_OPEN
1240,120,0.0,16200,LONDON_OPEN
1245,120,0.0,16200,LONDON_OPEN
1250,120,0.0,16200,LONDON_OPEN
1255,120,0.0,16200,LONDON_OPEN
1260,120,0.0,16200,LONDON_OPEN
1265,120,0.0,16200,LONDON_OPEN
1270,120,0.0,16200,LONDON_OPEN
1275,120,0.0,16200,LONDON_OPEN
1280,120,0.0,16200,LONDON_OPEN
1285,120,0.0,16200,LONDON_OPEN
1290,120,0.0,16200,LONDON_OPEN
1295,120,0.0,16200,LONDON_OPEN
1300,120,0.0,16200,LONDON_OPEN
1305,120,0.0,16200,LONDON_OPEN
1310,120,0.0,16200,LONDON_OPEN
1315,120,0.0,16200,LONDON_OPEN
1320,120,0.0,16200,LONDON_OPEN
1325,120,0.0,16200,LONDON_OPEN
1330,120,0.0,16200,LONDON_OPEN
1335,120,0.0,16200,LONDON_OPEN
1340,120,0.0,16200,LONDON_OPEN
1345,120,0.0,16200,LONDON_OPEN
1350,120,0.0,16200,LONDON_OPEN
1355,120,0.0,16200,LONDON_OPEN
1360,120,0.0,16200,LONDON_OPEN
1365,120,0.0,16200,LONDON_OPEN
1370,120,0.0,16200,LONDON_OPEN
1375,120,0.0,16200,LONDON_OPEN
1380,120,0.0,16200,LONDON_OPEN
1385,120,0.0,16200,LONDON_OPEN
1390,120,0.0,16200,LONDON_OPEN
1395,120,0.0,16200,LONDON_OPEN
1400,120,0.0,16200,LONDON_OPEN
1405,120,0.0,16200,LONDON_OPEN
1410,120,0.0,16200,LONDON_OPEN
1415,120,0.0,16200,LONDON_OPEN
1420,120,0.0,16200,LONDON_OPEN
1425,120,0.0,16200,LONDON_OPEN
1430,120,0.0,16200,LONDON_OPEN
1435,120,0.0,16200,LONDON_OPEN
1440,120,0.0,16200,LONDON_OPEN
1445,120,0.0,16200,LONDON_OPEN
1450,120,0.0,16200,LONDON_OPEN
1455,120,0.0,16200,LONDON_OPEN
1460,120,0.0,16200,LONDON_OPEN
1465,120,0.0,16200,LONDON_OPEN
1470,120,0.0,16200,LONDON_OPEN
1475,120,0.0,16200,LONDON_OPEN
1480,120,0.0,16200,LONDON_OPEN
1485,120,0.0,16200,LONDON_OPEN
1490,120,0.0,16200,LONDON_OPEN
1495,120,0.0,16200,LONDON_OPEN
1500,120,0.0,16200,LONDON_OPEN
1505,120,0.0,16200,LONDON_OPEN
1510,120,0.0,16200,LONDON_OPEN
1515,120,0.0,16200,LONDON_OPEN
1520,120,0.0,16200,LONDON_OPEN
1525,120,0.0,16200,LONDON_OPEN
1530,120,0.0,16200,LONDON_OPEN
1535,120,0.0,16200,LONDON_OPEN
1540,120,0.0,16200,LONDON_OPEN
1545,120,0.0,16200,LONDON_OPEN
1550,120,0.0,16200,LONDON_OPEN
1555,120,0.0,16200,LONDON_OPEN
1560,120,0.0,16200,LONDON_OPEN
1565,120,0.0,16200,LONDON_OPEN
1570,120,0.0,16200,LONDON_OPEN
1575,120,0.0,16200,LONDON_OPEN
1580,120,0.0,16200,LONDON_OPEN
1585,120,0.0,16200,LONDON_OPEN
1590,120,0.0,16200,LONDON_OPEN
1595,120,0.0,16200,LONDON_OPEN
1600,120,0.0,16200,LONDON_OPEN
1605,120,0.0,16200,LONDON_OPEN
1610,120,0.0,16200,LONDON_OPEN
1615,120,0.0,16200,LONDON_OPEN
1620,120,0.0,16200,LONDON_OPEN
1625,120,0.0,16200,LONDON_OPEN
1630,120,0.0,16200,LONDON_OPEN
1635,120,0.0,16200,LONDON_OPEN
1640,120,0.0,16200,LONDON_OPEN
1645,120,0.0,16200,LONDON_OPEN
1650,120,0.0,16200,LONDON_OPEN
1655,120,0.0,16200,LONDON_OPEN
1660,120,0.0,16200,LONDON_OPEN
1665,120,0.0,16200,LONDON_OPEN
1670,120,0.0,16200,LONDON_OPEN
1675,120,0.0,16200,LONDON_OPEN
1680,120,0.0,16200,LONDON_OPEN
1685,120,0.0,16200,LONDON_OPEN
1690,120,0.0,16200,LONDON_OPEN
1695,120,0.0,16200,LONDON_OPEN
1700,120,0.0,16200,LONDON_OPEN
1705,120,0.0,16200,LONDON_OPEN
1710,120,0.0,16200,LONDON_OPEN
1715,120,0.0,16200,LONDON_OPEN
1720,120,0.0,16200,LONDON_OPEN
1725,120,0.0,16200,LONDON_OPEN
1730,120,0.0,16200,LONDON_OPEN
1735,120,0.0,16200,LONDON_OPEN
1740,120,0.0,16200,LONDON_OPEN
1745,120,0.0,16200,LONDON_OPEN
1750,120,0.0,16200,LONDON_OPEN
1755,120,0.0,16200,LONDON_OPEN
1760,120,0.0,16200,LONDON_OPEN
1765,120,0.0,16200,LONDON_OPEN
1770,120,0.0,16200,LONDON_OPEN
1775,120,0.0,16200,LONDON_OPEN
1780,120,0.0,16200,LONDON_OPEN
1785,120,0.0,16200,LONDON_OPEN
1790,120,0.0,16200,LONDON_OPEN
1795,120,0.0,16200,LONDON_OPEN
1800,120,0.0,16200,LONDON_OPEN
1805,120,0.0,16200,LONDON_OPEN
1810,120,0.0,16200,LONDON_OPEN
1815,120,0.0,16200,LONDON_OPEN
1820,120,0.0,16200,LONDON_OPEN
1825,120,0.0,16200,LONDON_OPEN
1830,120,0.0,16200,LONDON_OPEN
1835,120,0.0,16200,LONDON_OPEN
1840,120,0.0,16200,LONDON_OPEN
1845,120,0.0,16200,LONDON_OPEN
1850,120,0.0,16200,LONDON_OPEN
1855,120,0.0,16200,LONDON_OPEN
1860,120,0.0,16200,LONDON_OPEN
1865,120,0.0,16200,LONDON_OPEN
1870,120,0.0,16200,LONDON_OPEN
1875,120,0.0,16200,LONDON_OPEN
1880,120,0.0,16200,LONDON_OPEN
1885,120,0.0,16200,LONDON_OPEN
1890,120,0.0,16200,LONDON_OPEN
1895,120,0.0,16200,LONDON_OPEN
1900,120,0.0,16200,LONDON_OPEN
1905,120,0.0,16200,LONDON_OPEN
1910,120,0.0,16200,LONDON_OPEN
1915,120,0.0,16200,LONDON_OPEN
1920,120,0.0,16200,LONDON_OPEN
1925,120,0.0,16200,LONDON_OPEN
1930,120,0.0,16200,LONDON_OPEN
1935,120,0.0,16200,LONDON_OPEN
1940,120,0.0,16200,LONDON_OPEN
1945,120,0.0,16200,LONDON_OPEN
1950,120,0.0,16200,LONDON_OPEN
1955,120,0.0,16200,LONDON_OPEN
1960,120,0.0,16200,LONDON_OPEN
1965,120,0.0,16200,LONDON_OPEN
1970,120,0.0,16200,LONDON_OPEN
1975,120,0.0,16200,LONDON_OPEN
1980,120,0.0,16200,LONDON_OPEN
1985,120,0.0,16200,LONDON_OPEN
1990,120,0.0,16200,LONDON_OPEN
1995,120,0.0,16200,LONDON_OPEN
2000,120,0.0,16200,LONDON_OPEN
50,120,0.936957,53820,NY
55,120,0.904441,53820,NY
60,120,0.869268,53820,NY
65,120,0.83023,53820,NY
70,120,0.787867,53820,NY
75,120,0.743645,53820,NY
80,120,0.697417,53820,NY
85,120,0.653289,53820,NY
90,120,0.609959,53820,NY
95,120,0.568952,53820,NY
100,120,0.526459,53820,NY
105,120,0.486455,53820,NY
110,120,0.44961,53820,NY
115,120,0.414623,53820,NY
120,120,0.381494,53820,NY
125,120,0.351263,53820,NY
130,120,0.323746,53820,NY
135,120,0.295559,53820,NY
140,120,0.270401,53820,NY
145,120,0.248458,53820,NY
150,120,0.225975,53820,NY
155,120,0.206577,53820,NY
160,120,0.189223,53820,NY
165,120,0.172018,53820,NY
170,120,0.155983,53820,NY
175,120,0.141063,53820,NY
180,120,0.128298,53820,NY
185,120,0.116314,53820,NY
190,120,0.104459,53820,NY
195,120,0.09424,53820,NY
200,120,0.084968,53820,NY
205,120,0.076496,53820,NY
210,120,0.069212,53820,NY
215,120,0.062003,53820,NY
220,120,0.055463,53820,NY
225,120,0.049294,53820,NY
230,120,0.044221,53820,NY
235,120,0.039502,53820,NY
240,120,0.035396,53820,NY
245,120,0.031865,53820,NY
250,120,0.028372,53820,NY
255,120,0.025028,53820,NY
260,120,0.022278,53820,NY
265,120,0.019732,53820,NY
270,120,0.017651,53820,NY
275,120,0.0157,53820,NY
280,120,0.01375,53820,NY
285,120,0.012245,53820,NY
290,120,0.011018,53820,NY
295,120,0.009885,53820,NY
300,120,0.008714,53820,NY
305,120,0.007785,53820,NY
310,120,0.007042,53820,NY
315,120,0.006299,53820,NY
320,120,0.005667,53820,NY
325,120,0.004905,53820,NY
330,120,0.004366,53820,NY
335,120,0.003772,53820,NY
340,120,0.003493,53820,NY
345,120,0.003122,53820,NY
350,120,0.002806,53820,NY
355,120,0.00236,53820,NY
360,120,0.002081,53820,NY
365,120,0.001858,53820,NY
370,120,0.001654,53820,NY
375,120,0.001449,53820,NY
380,120,0.001226,53820,NY
385,120,0.001041,53820,NY
390,120,0.00091,53820,NY
395,120,0.00078,53820,NY
400,120,0.000706,53820,NY
405,120,0.000632,53820,NY
410,120,0.00052,53820,NY
415,120,0.000465,53820,NY
420,120,0.000372,53820,NY
425,120,0.000316,53820,NY
430,120,0.000223,53820,NY
435,120,0.000186,53820,NY
440,120,0.000149,53820,NY
445,120,0.000111,53820,NY
450,120,0.000111,53820,NY
455,120,7.4e-05,53820,NY
460,120,7.4e-05,53820,NY
465,120,5.6e-05,53820,NY
470,120,3.7e-05,53820,NY
475,120,1.9e-05,53820,NY
480,120,1.9e-05,53820,NY
485,120,1.9e-05,53820,NY
490,120,1.9e-05,53820,NY
495,120,1.9e-05,53820,NY
500,120,1.9e-05,53820,NY
505,120,1.9e-05,53820,NY
510,120,0.0,53820,NY
515,120,0.0,53820,NY
520,120,0.0,53820,NY
525,120,0.0,53820,NY
530,120,0.0,53820,NY
535,120,0.0,53820,NY
540,120,0.0,53820,NY
545,120,0.0,53820,NY
550,120,0.0,53820,NY
555,120,0.0,53820,NY
560,120,0.0,53820,NY
565,120,0.0,53820,NY
570,120,0.0,53820,NY
575,120,0.0,53820,NY
580,120,0.0,53820,NY
585,120,0.0,53820,NY
590,120,0.0,53820,NY
595,120,0.0,53820,NY
600,120,0.0,53820,NY
605,120,0.0,53820,NY
610,120,0.0,53820,NY
615,120,0.0,53820,NY
620,120,0.0,53820,NY
625,120,0.0,53820,NY
630,120,0.0,53820,NY
635,120,0.0,53820,NY
640,120,0.0,53820,NY
645,120,0.0,53820,NY
650,120,0.0,53820,NY
655,120,0.0,53820,NY
660,120,0.0,53820,NY
665,120,0.0,53820,NY
670,120,0.0,53820,NY
675,120,0.0,53820,NY
680,120,0.0,53820,NY
685,120,0.0,53820,NY
690,120,0.0,53820,NY
695,120,0.0,53820,NY
700,120,0.0,53820,NY
705,120,0.0,53820,NY
710,120,0.0,53820,NY
715,120,0.0,53820,NY
720,120,0.0,53820,NY
725,120,0.0,53820,NY
730,120,0.0,53820,NY
735,120,0.0,53820,NY
740,120,0.0,53820,NY
745,120,0.0,53820,NY
750,120,0.0,53820,NY
755,120,0.0,53820,NY
760,120,0.0,53820,NY
765,120,0.0,53820,NY
770,120,0.0,53820,NY
775,120,0.0,53820,NY
780,120,0.0,53820,NY
785,120,0.0,53820,NY
790,120,0.0,53820,NY
795,120,0.0,53820,NY
800,120,0.0,53820,NY
805,120,0.0,53820,NY
810,120,0.0,53820,NY
815,120,0.0,53820,NY
820,120,0.0,53820,NY
825,120,0.0,53820,NY
830,120,0.0,53820,NY
835,120,0.0,53820,NY
840,120,0.0,53820,NY
845,120,0.0,53820,NY
850,120,0.0,53820,NY
855,120,0.0,53820,NY
860,120,0.0,53820,NY
865,120,0.0,53820,NY
870,120,0.0,53820,NY
875,120,0.0,53820,NY
880,120,0.0,53820,NY
885,120,0.0,53820,NY
890,120,0.0,53820,NY
895,120,0.0,53820,NY
900,120,0.0,53820,NY
905,120,0.0,53820,NY
910,120,0.0,53820,NY
915,120,0.0,53820,NY
920,120,0.0,53820,NY
925,120,0.0,53820,NY
930,120,0.0,53820,NY
935,120,0.0,53820,NY
940,120,0.0,53820,NY
945,120,0.0,53820,NY
950,120,0.0,53820,NY
955,120,0.0,53820,NY
960,120,0.0,53820,NY
965,120,0.0,53820,NY
970,120,0.0,53820,NY
975,120,0.0,53820,NY
980,120,0.0,53820,NY
985,120,0.0,53820,NY
990,120,0.0,53820,NY
995,120,0.0,53820,NY
1000,120,0.0,53820,NY
1005,120,0.0,53820,NY
1010,120,0.0,53820,NY
1015,120,0.0,53820,NY
1020,120,0.0,53820,NY
1025,120,0.0,53820,NY
1030,120,0.0,53820,NY
1035,120,0.0,53820,NY
1040,120,0.0,53820,NY
1045,120,0.0,53820,NY
1050,120,0.0,53820,NY
1055,120,0.0,53820,NY
1060,120,0.0,53820,NY
1065,120,0.0,53820,NY
1070,120,0.0,53820,NY
1075,120,0.0,53820,NY
1080,120,0.0,53820,NY
1085,120,0.0,53820,NY
1090,120,0.0,53820,NY
1095,120,0.0,53820,NY
1100,120,0.0,53820,NY
1105,120,0.0,53820,NY
1110,120,0.0,53820,NY
1115,120,0.0,53820,NY
1120,120,0.0,53820,NY
1125,120,0.0,53820,NY
1130,120,0.0,53820,NY
1135,120,0.0,53820,NY
1140,120,0.0,53820,NY
1145,120,0.0,53820,NY
1150,120,0.0,53820,NY
1155,120,0.0,53820,NY
1160,120,0.0,53820,NY
1165,120,0.0,53820,NY
1170,120,0.0,53820,NY
1175,120,0.0,53820,NY
1180,120,0.0,53820,NY
1185,120,0.0,53820,NY
1190,120,0.0,53820,NY
1195,120,0.0,53820,NY
1200,120,0.0,53820,NY
1205,120,0.0,53820,NY
1210,120,0.0,53820,NY
1215,120,0.0,53820,NY
1220,120,0.0,53820,NY
1225,120,0.0,53820,NY
1230,120,0.0,53820,NY
1235,120,0.0,53820,NY
1240,120,0.0,53820,NY
1245,120,0.0,53820,NY
1250,120,0.0,53820,NY
1255,120,0.0,53820,NY
1260,120,0.0,53820,NY
1265,120,0.0,53820,NY
1270,120,0.0,53820,NY
1275,120,0.0,53820,NY
1280,120,0.0,53820,NY
1285,120,0.0,53820,NY
1290,120,0.0,53820,NY
1295,120,0.0,53820,NY
1300,120,0.0,53820,NY
1305,120,0.0,53820,NY
1310,120,0.0,53820,NY
1315,120,0.0,53820,NY
1320,120,0.0,53820,NY
1325,120,0.0,53820,NY
1330,120,0.0,53820,NY
1335,120,0.0,53820,NY
1340,120,0.0,53820,NY
1345,120,0.0,53820,NY
1350,120,0.0,53820,NY
1355,120,0.0,53820,NY
1360,120,0.0,53820,NY
1365,120,0.0,53820,NY
1370,120,0.0,53820,NY
1375,120,0.0,53820,NY
1380,120,0.0,53820,NY
1385,120,0.0,53820,NY
1390,120,0.0,53820,NY
1395,120,0.0,53820,NY
1400,120,0.0,53820,NY
1405,120,0.0,53820,NY
1410,120,0.0,53820,NY
1415,120,0.0,53820,NY
1420,120,0.0,53820,NY
1425,120,0.0,53820,NY
1430,120,0.0,53820,NY
1435,120,0.0,53820,NY
1440,120,0.0,53820,NY
1445,120,0.0,53820,NY
1450,120,0.0,53820,NY
1455,120,0.0,53820,NY
1460,120,0.0,53820,NY
1465,120,0.0,53820,NY
1470,120,0.0,53820,NY
1475,120,0.0,53820,NY
1480,120,0.0,53820,NY
1485,120,0.0,53820,NY
1490,120,0.0,53820,NY
1495,120,0.0,53820,NY
1500,120,0.0,53820,NY
1505,120,0.0,53820,NY
1510,120,0.0,53820,NY
1515,120,0.0,53820,NY
1520,120,0.0,53820,NY
1525,120,0.0,53820,NY
1530,120,0.0,53820,NY
1535,120,0.0,53820,NY
1540,120,0.0,53820,NY
1545,120,0.0,53820,NY
1550,120,0.0,53820,NY
1555,120,0.0,53820,NY
1560,120,0.0,53820,NY
1565,120,0.0,53820,NY
1570,120,0.0,53820,NY
1575,120,0.0,53820,NY
1580,120,0.0,53820,NY
1585,120,0.0,53820,NY
1590,120,0.0,53820,NY
1595,120,0.0,53820,NY
1600,120,0.0,53820,NY
1605,120,0.0,53820,NY
1610,120,0.0,53820,NY
1615,120,0.0,53820,NY
1620,120,0.0,53820,NY
1625,120,0.0,53820,NY
1630,120,0.0,53820,NY
1635,120,0.0,53820,NY
1640,120,0.0,53820,NY
1645,120,0.0,53820,NY
1650,120,0.0,53820,NY
1655,120,0.0,53820,NY
1660,120,0.0,53820,NY
1665,120,0.0,53820,NY
1670,120,0.0,53820,NY
1675,120,0.0,53820,NY
1680,120,0.0,53820,NY
1685,120,0.0,53820,NY
1690,120,0.0,53820,NY
1695,120,0.0,53820,NY
1700,120,0.0,53820,NY
1705,120,0.0,53820,NY
1710,120,0.0,53820,NY
1715,120,0.0,53820,NY
1720,120,0.0,53820,NY
1725,120,0.0,53820,NY
1730,120,0.0,53820,NY
1735,120,0.0,53820,NY
1740,120,0.0,53820,NY
1745,120,0.0,53820,NY
1750,120,0.0,53820,NY
1755,120,0.0,53820,NY
1760,120,0.0,53820,NY
1765,120,0.0,53820,NY
1770,120,0.0,53820,NY
1775,120,0.0,53820,NY
1780,120,0.0,53820,NY
1785,120,0.0,53820,NY
1790,120,0.0,53820,NY
1795,120,0.0,53820,NY
1800,120,0.0,53820,NY
1805,120,0.0,53820,NY
1810,120,0.0,53820,NY
1815,120,0.0,53820,NY
1820,120,0.0,53820,NY
1825,120,0.0,53820,NY
1830,120,0.0,53820,NY
1835,120,0.0,53820,NY
1840,120,0.0,53820,NY
1845,120,0.0,53820,NY
1850,120,0.0,53820,NY
1855,120,0.0,53820,NY
1860,120,0.0,53820,NY
1865,120,0.0,53820,NY
1870,120,0.0,53820,NY
1875,120,0.0,53820,NY
1880,120,0.0,53820,NY
1885,120,0.0,53820,NY
1890,120,0.0,53820,NY
1895,120,0.0,53820,NY
1900,120,0.0,53820,NY
1905,120,0.0,53820,NY
1910,120,0.0,53820,NY
1915,120,0.0,53820,NY
1920,120,0.0,53820,NY
1925,120,0.0,53820,NY
1930,120,0.0,53820,NY
1935,120,0.0,53820,NY
1940,120,0.0,53820,NY
1945,120,0.0,53820,NY
1950,120,0.0,53820,NY
1955,120,0.0,53820,NY
1960,120,0.0,53820,NY
1965,120,0.0,53820,NY
1970,120,0.0,53820,NY
1975,120,0.0,53820,NY
1980,120,0.0,53820,NY
1985,120,0.0,53820,NY
1990,120,0.0,53820,NY
1995,120,0.0,53820,NY
2000,120,0.0,53820,NY
50,120,0.902407,10800,NY_CLOSE
55,120,0.861204,10800,NY_CLOSE
60,120,0.818611,10800,NY_CLOSE
65,120,0.773796,10800,NY_CLOSE
70,120,0.725185,10800,NY_CLOSE
75,120,0.677037,10800,NY_CLOSE
80,120,0.628056,10800,NY_CLOSE
85,120,0.580093,10800,NY_CLOSE
90,120,0.533981,10800,NY_CLOSE
95,120,0.49,10800,NY_CLOSE
100,120,0.448611,10800,NY_CLOSE
105,120,0.4075,10800,NY_CLOSE
110,120,0.371389,10800,NY_CLOSE
115,120,0.338704,10800,NY_CLOSE
120,120,0.308426,10800,NY_CLOSE
125,120,0.279815,10800,NY_CLOSE
130,120,0.251944,10800,NY_CLOSE
135,120,0.228426,10800,NY_CLOSE
140,120,0.207593,10800,NY_CLOSE
145,120,0.1875,10800,NY_CLOSE
150,120,0.167963,10800,NY_CLOSE
155,120,0.149722,10800,NY_CLOSE
160,120,0.136019,10800,NY_CLOSE
165,120,0.11963,10800,NY_CLOSE
170,120,0.106019,10800,NY_CLOSE
175,120,0.094722,10800,NY_CLOSE
180,120,0.085741,10800,NY_CLOSE
185,120,0.076111,10800,NY_CLOSE
190,120,0.068333,10800,NY_CLOSE
195,120,0.059722,10800,NY_CLOSE
200,120,0.0525,10800,NY_CLOSE
205,120,0.046574,10800,NY_CLOSE
210,120,0.041574,10800,NY_CLOSE
215,120,0.036481,10800,NY_CLOSE
220,120,0.032222,10800,NY_CLOSE
225,120,0.02787,10800,NY_CLOSE
230,120,0.025093,10800,NY_CLOSE
235,120,0.02287,10800,NY_CLOSE
240,120,0.02,10800,NY_CLOSE
245,120,0.017315,10800,NY_CLOSE
250,120,0.015,10800,NY_CLOSE
255,120,0.012963,10800,NY_CLOSE
260,120,0.011019,10800,NY_CLOSE
265,120,0.009352,10800,NY_CLOSE
270,120,0.007593,10800,NY_CLOSE
275,120,0.006667,10800,NY_CLOSE
280,120,0.005926,10800,NY_CLOSE
285,120,0.005278,10800,NY_CLOSE
290,120,0.004167,10800,NY_CLOSE
295,120,0.003796,10800,NY_CLOSE
300,120,0.003426,10800,NY_CLOSE
305,120,0.003056,10800,NY_CLOSE
310,120,0.0025,10800,NY_CLOSE
315,120,0.002037,10800,NY_CLOSE
320,120,0.001667,10800,NY_CLOSE
325,120,0.001204,10800,NY_CLOSE
330,120,0.001204,10800,NY_CLOSE
335,120,0.000926,10800,NY_CLOSE
340,120,0.000556,10800,NY_CLOSE
345,120,0.000556,10800,NY_CLOSE
350,120,0.000278,10800,NY_CLOSE
355,120,0.000278,10800,NY_CLOSE
360,120,0.000278,10800,NY_CLOSE
365,120,0.000278,10800,NY_CLOSE
370,120,0.000278,10800,NY_CLOSE
375,120,0.000278,10800,NY_CLOSE
380,120,0.000185,10800,NY_CLOSE
385,120,9.3e-05,10800,NY_CLOSE
390,120,9.3e-05,10800,NY_CLOSE
395,120,9.3e-05,10800,NY_CLOSE
400,120,9.3e-05,10800,NY_CLOSE
405,120,9.3e-05,10800,NY_CLOSE
410,120,9.3e-05,10800,NY_CLOSE
415,120,9.3e-05,10800,NY_CLOSE
420,120,9.3e-05,10800,NY_CLOSE
425,120,9.3e-05,10800,NY_CLOSE
430,120,9.3e-05,10800,NY_CLOSE
435,120,9.3e-05,10800,NY_CLOSE
440,120,9.3e-05,10800,NY_CLOSE
445,120,9.3e-05,10800,NY_CLOSE
450,120,9.3e-05,10800,NY_CLOSE
455,120,9.3e-05,10800,NY_CLOSE
460,120,9.3e-05,10800,NY_CLOSE
465,120,9.3e-05,10800,NY_CLOSE
470,120,9.3e-05,10800,NY_CLOSE
475,120,9.3e-05,10800,NY_CLOSE
480,120,9.3e-05,10800,NY_CLOSE
485,120,9.3e-05,10800,NY_CLOSE
490,120,9.3e-05,10800,NY_CLOSE
495,120,9.3e-05,10800,NY_CLOSE
500,120,0.0,10800,NY_CLOSE
505,120,0.0,10800,NY_CLOSE
510,120,0.0,10800,NY_CLOSE
515,120,0.0,10800,NY_CLOSE
520,120,0.0,10800,NY_CLOSE
525,120,0.0,10800,NY_CLOSE
530,120,0.0,10800,NY_CLOSE
535,120,0.0,10800,NY_CLOSE
540,120,0.0,10800,NY_CLOSE
545,120,0.0,10800,NY_CLOSE
550,120,0.0,10800,NY_CLOSE
555,120,0.0,10800,NY_CLOSE
560,120,0.0,10800,NY_CLOSE
565,120,0.0,10800,NY_CLOSE
570,120,0.0,10800,NY_CLOSE
575,120,0.0,10800,NY_CLOSE
580,120,0.0,10800,NY_CLOSE
585,120,0.0,10800,NY_CLOSE
590,120,0.0,10800,NY_CLOSE
595,120,0.0,10800,NY_CLOSE
600,120,0.0,10800,NY_CLOSE
605,120,0.0,10800,NY_CLOSE
610,120,0.0,10800,NY_CLOSE
615,120,0.0,10800,NY_CLOSE
620,120,0.0,10800,NY_CLOSE
625,120,0.0,10800,NY_CLOSE
630,120,0.0,10800,NY_CLOSE
635,120,0.0,10800,NY_CLOSE
640,120,0.0,10800,NY_CLOSE
645,120,0.0,10800,NY_CLOSE
650,120,0.0,10800,NY_CLOSE
655,120,0.0,10800,NY_CLOSE
660,120,0.0,10800,NY_CLOSE
665,120,0.0,10800,NY_CLOSE
670,120,0.0,10800,NY_CLOSE
675,120,0.0,10800,NY_CLOSE
680,120,0.0,10800,NY_CLOSE
685,120,0.0,10800,NY_CLOSE
690,120,0.0,10800,NY_CLOSE
695,120,0.0,10800,NY_CLOSE
700,120,0.0,10800,NY_CLOSE
705,120,0.0,10800,NY_CLOSE
710,120,0.0,10800,NY_CLOSE
715,120,0.0,10800,NY_CLOSE
720,120,0.0,10800,NY_CLOSE
725,120,0.0,10800,NY_CLOSE
730,120,0.0,10800,NY_CLOSE
735,120,0.0,10800,NY_CLOSE
740,120,0.0,10800,NY_CLOSE
745,120,0.0,10800,NY_CLOSE
750,120,0.0,10800,NY_CLOSE
755,120,0.0,10800,NY_CLOSE
760,120,0.0,10800,NY_CLOSE
765,120,0.0,10800,NY_CLOSE
770,120,0.0,10800,NY_CLOSE
775,120,0.0,10800,NY_CLOSE
780,120,0.0,10800,NY_CLOSE
785,120,0.0,10800,NY_CLOSE
790,120,0.0,10800,NY_CLOSE
795,120,0.0,10800,NY_CLOSE
800,120,0.0,10800,NY_CLOSE
805,120,0.0,10800,NY_CLOSE
810,120,0.0,10800,NY_CLOSE
815,120,0.0,10800,NY_CLOSE
820,120,0.0,10800,NY_CLOSE
825,120,0.0,10800,NY_CLOSE
830,120,0.0,10800,NY_CLOSE
835,120,0.0,10800,NY_CLOSE
840,120,0.0,10800,NY_CLOSE
845,120,0.0,10800,NY_CLOSE
850,120,0.0,10800,NY_CLOSE
855,120,0.0,10800,NY_CLOSE
860,120,0.0,10800,NY_CLOSE
865,120,0.0,10800,NY_CLOSE
870,120,0.0,10800,NY_CLOSE
875,120,0.0,10800,NY_CLOSE
880,120,0.0,10800,NY_CLOSE
885,120,0.0,10800,NY_CLOSE
890,120,0.0,10800,NY_CLOSE
895,120,0.0,10800,NY_CLOSE
900,120,0.0,10800,NY_CLOSE
905,120,0.0,10800,NY_CLOSE
910,120,0.0,10800,NY_CLOSE
915,120,0.0,10800,NY_CLOSE
920,120,0.0,10800,NY_CLOSE
925,120,0.0,10800,NY_CLOSE
930,120,0.0,10800,NY_CLOSE
935,120,0.0,10800,NY_CLOSE
940,120,0.0,10800,NY_CLOSE
945,120,0.0,10800,NY_CLOSE
950,120,0.0,10800,NY_CLOSE
955,120,0.0,10800,NY_CLOSE
960,120,0.0,10800,NY_CLOSE
965,120,0.0,10800,NY_CLOSE
970,120,0.0,10800,NY_CLOSE
975,120,0.0,10800,NY_CLOSE
980,120,0.0,10800,NY_CLOSE
985,120,0.0,10800,NY_CLOSE
990,120,0.0,10800,NY_CLOSE
995,120,0.0,10800,NY_CLOSE
1000,120,0.0,10800,NY_CLOSE
1005,120,0.0,10800,NY_CLOSE
1010,120,0.0,10800,NY_CLOSE
1015,120,0.0,10800,NY_CLOSE
1020,120,0.0,10800,NY_CLOSE
1025,120,0.0,10800,NY_CLOSE
1030,120,0.0,10800,NY_CLOSE
1035,120,0.0,10800,NY_CLOSE
1040,120,0.0,10800,NY_CLOSE
1045,120,0.0,10800,NY_CLOSE
1050,120,0.0,10800,NY_CLOSE
1055,120,0.0,10800,NY_CLOSE
1060,120,0.0,10800,NY_CLOSE
1065,120,0.0,10800,NY_CLOSE
1070,120,0.0,10800,NY_CLOSE
1075,120,0.0,10800,NY_CLOSE
1080,120,0.0,10800,NY_CLOSE
1085,120,0.0,10800,NY_CLOSE
1090,120,0.0,10800,NY_CLOSE
1095,120,0.0,10800,NY_CLOSE
1100,120,0.0,10800,NY_CLOSE
1105,120,0.0,10800,NY_CLOSE
1110,120,0.0,10800,NY_CLOSE
1115,120,0.0,10800,NY_CLOSE
1120,120,0.0,10800,NY_CLOSE
1125,120,0.0,10800,NY_CLOSE
1130,120,0.0,10800,NY_CLOSE
1135,120,0.0,10800,NY_CLOSE
1140,120,0.0,10800,NY_CLOSE
1145,120,0.0,10800,NY_CLOSE
1150,120,0.0,10800,NY_CLOSE
1155,120,0.0,10800,NY_CLOSE
1160,120,0.0,10800,NY_CLOSE
1165,120,0.0,10800,NY_CLOSE
1170,120,0.0,10800,NY_CLOSE
1175,120,0.0,10800,NY_CLOSE
1180,120,0.0,10800,NY_CLOSE
1185,120,0.0,10800,NY_CLOSE
1190,120,0.0,10800,NY_CLOSE
1195,120,0.0,10800,NY_CLOSE
1200,120,0.0,10800,NY_CLOSE
1205,120,0.0,10800,NY_CLOSE
1210,120,0.0,10800,NY_CLOSE
1215,120,0.0,10800,NY_CLOSE
1220,120,0.0,10800,NY_CLOSE
1225,120,0.0,10800,NY_CLOSE
1230,120,0.0,10800,NY_CLOSE
1235,120,0.0,10800,NY_CLOSE
1240,120,0.0,10800,NY_CLOSE
1245,120,0.0,10800,NY_CLOSE
1250,120,0.0,10800,NY_CLOSE
1255,120,0.0,10800,NY_CLOSE
1260,120,0.0,10800,NY_CLOSE
1265,120,0.0,10800,NY_CLOSE
1270,120,0.0,10800,NY_CLOSE
1275,120,0.0,10800,NY_CLOSE
1280,120,0.0,10800,NY_CLOSE
1285,120,0.0,10800,NY_CLOSE
1290,120,0.0,10800,NY_CLOSE
1295,120,0.0,10800,NY_CLOSE
1300,120,0.0,10800,NY_CLOSE
1305,120,0.0,10800,NY_CLOSE
1310,120,0.0,10800,NY_CLOSE
1315,120,0.0,10800,NY_CLOSE
1320,120,0.0,10800,NY_CLOSE
1325,120,0.0,10800,NY_CLOSE
1330,120,0.0,10800,NY_CLOSE
1335,120,0.0,10800,NY_CLOSE
1340,120,0.0,10800,NY_CLOSE
1345,120,0.0,10800,NY_CLOSE
1350,120,0.0,10800,NY_CLOSE
1355,120,0.0,10800,NY_CLOSE
1360,120,0.0,10800,NY_CLOSE
1365,120,0.0,10800,NY_CLOSE
1370,120,0.0,10800,NY_CLOSE
1375,120,0.0,10800,NY_CLOSE
1380,120,0.0,10800,NY_CLOSE
1385,120,0.0,10800,NY_CLOSE
1390,120,0.0,10800,NY_CLOSE
1395,120,0.0,10800,NY_CLOSE
1400,120,0.0,10800,NY_CLOSE
1405,120,0.0,10800,NY_CLOSE
1410,120,0.0,10800,NY_CLOSE
1415,120,0.0,10800,NY_CLOSE
1420,120,0.0,10800,NY_CLOSE
1425,120,0.0,10800,NY_CLOSE
1430,120,0.0,10800,NY_CLOSE
1435,120,0.0,10800,NY_CLOSE
1440,120,0.0,10800,NY_CLOSE
1445,120,0.0,10800,NY_CLOSE
1450,120,0.0,10800,NY_CLOSE
1455,120,0.0,10800,NY_CLOSE
1460,120,0.0,10800,NY_CLOSE
1465,120,0.0,10800,NY_CLOSE
1470,120,0.0,10800,NY_CLOSE
1475,120,0.0,10800,NY_CLOSE
1480,120,0.0,10800,NY_CLOSE
1485,120,0.0,10800,NY_CLOSE
1490,120,0.0,10800,NY_CLOSE
1495,120,0.0,10800,NY_CLOSE
1500,120,0.0,10800,NY_CLOSE
1505,120,0.0,10800,NY_CLOSE
1510,120,0.0,10800,NY_CLOSE
1515,120,0.0,10800,NY_CLOSE
1520,120,0.0,10800,NY_CLOSE
1525,120,0.0,10800,NY_CLOSE
1530,120,0.0,10800,NY_CLOSE
1535,120,0.0,10800,NY_CLOSE
1540,120,0.0,10800,NY_CLOSE
1545,120,0.0,10800,NY_CLOSE
1550,120,0.0,10800,NY_CLOSE
1555,120,0.0,10800,NY_CLOSE
1560,120,0.0,10800,NY_CLOSE
1565,120,0.0,10800,NY_CLOSE
1570,120,0.0,10800,NY_CLOSE
1575,120,0.0,10800,NY_CLOSE
1580,120,0.0,10800,NY_CLOSE
1585,120,0.0,10800,NY_CLOSE
1590,120,0.0,10800,NY_CLOSE
1595,120,0.0,10800,NY_CLOSE
1600,120,0.0,10800,NY_CLOSE
1605,120,0.0,10800,NY_CLOSE
1610,120,0.0,10800,NY_CLOSE
1615,120,0.0,10800,NY_CLOSE
1620,120,0.0,10800,NY_CLOSE
1625,120,0.0,10800,NY_CLOSE
1630,120,0.0,10800,NY_CLOSE
1635,120,0.0,10800,NY_CLOSE
1640,120,0.0,10800,NY_CLOSE
1645,120,0.0,10800,NY_CLOSE
1650,120,0.0,10800,NY_CLOSE
1655,120,0.0,10800,NY_CLOSE
1660,120,0.0,10800,NY_CLOSE
1665,120,0.0,10800,NY_CLOSE
1670,120,0.0,10800,NY_CLOSE
1675,120,0.0,10800,NY_CLOSE
1680,120,0.0,10800,NY_CLOSE
1685,120,0.0,10800,NY_CLOSE
1690,120,0.0,10800,NY_CLOSE
1695,120,0.0,10800,NY_CLOSE
1700,120,0.0,10800,NY_CLOSE
1705,120,0.0,10800,NY_CLOSE
1710,120,0.0,10800,NY_CLOSE
1715,120,0.0,10800,NY_CLOSE
1720,120,0.0,10800,NY_CLOSE
1725,120,0.0,10800,NY_CLOSE
1730,120,0.0,10800,NY_CLOSE
1735,120,0.0,10800,NY_CLOSE
1740,120,0.0,10800,NY_CLOSE
1745,120,0.0,10800,NY_CLOSE
1750,120,0.0,10800,NY_CLOSE
1755,120,0.0,10800,NY_CLOSE
1760,120,0.0,10800,NY_CLOSE
1765,120,0.0,10800,NY_CLOSE
1770,120,0.0,10800,NY_CLOSE
1775,120,0.0,10800,NY_CLOSE
1780,120,0.0,10800,NY_CLOSE
1785,120,0.0,10800,NY_CLOSE
1790,120,0.0,10800,NY_CLOSE
1795,120,0.0,10800,NY_CLOSE
1800,120,0.0,10800,NY_CLOSE
1805,120,0.0,10800,NY_CLOSE
1810,120,0.0,10800,NY_CLOSE
1815,120,0.0,10800,NY_CLOSE
1820,120,0.0,10800,NY_CLOSE
1825,120,0.0,10800,NY_CLOSE
1830,120,0.0,10800,NY_CLOSE
1835,120,0.0,10800,NY_CLOSE
1840,120,0.0,10800,NY_CLOSE
1845,120,0.0,10800,NY_CLOSE
1850,120,0.0,10800,NY_CLOSE
1855,120,0.0,10800,NY_CLOSE
1860,120,0.0,10800,NY_CLOSE
1865,120,0.0,10800,NY_CLOSE
1870,120,0.0,10800,NY_CLOSE
1875,120,0.0,10800,NY_CLOSE
1880,120,0.0,10800,NY_CLOSE
1885,120,0.0,10800,NY_CLOSE
1890,120,0.0,10800,NY_CLOSE
1895,120,0.0,10800,NY_CLOSE
1900,120,0.0,10800,NY_CLOSE
1905,120,0.0,10800,NY_CLOSE
1910,120,0.0,10800,NY_CLOSE
1915,120,0.0,10800,NY_CLOSE
1920,120,0.0,10800,NY_CLOSE
1925,120,0.0,10800,NY_CLOSE
1930,120,0.0,10800,NY_CLOSE
1935,120,0.0,10800,NY_CLOSE
1940,120,0.0,10800,NY_CLOSE
1945,120,0.0,10800,NY_CLOSE
1950,120,0.0,10800,NY_CLOSE
1955,120,0.0,10800,NY_CLOSE
1960,120,0.0,10800,NY_CLOSE
1965,120,0.0,10800,NY_CLOSE
1970,120,0.0,10800,NY_CLOSE
1975,120,0.0,10800,NY_CLOSE
1980,120,0.0,10800,NY_CLOSE
1985,120,0.0,10800,NY_CLOSE
1990,120,0.0,10800,NY_CLOSE
1995,120,0.0,10800,NY_CLOSE
2000,120,0.0,10800,NY_CLOSE
50,120,0.973056,10800,NY_OPEN
55,120,0.955,10800,NY_OPEN
60,120,0.934074,10800,NY_OPEN
65,120,0.909259,10800,NY_OPEN
70,120,0.879907,10800,NY_OPEN
75,120,0.846944,10800,NY_OPEN
80,120,0.810648,10800,NY_OPEN
85,120,0.776204,10800,NY_OPEN
90,120,0.73787,10800,NY_OPEN
95,120,0.702222,10800,NY_OPEN
100,120,0.6625,10800,NY_OPEN
105,120,0.626944,10800,NY_OPEN
110,120,0.590741,10800,NY_OPEN
115,120,0.552407,10800,NY_OPEN
120,120,0.5175,10800,NY_OPEN
125,120,0.484352,10800,NY_OPEN
130,120,0.451204,10800,NY_OPEN
135,120,0.418241,10800,NY_OPEN
140,120,0.388889,10800,NY_OPEN
145,120,0.360463,10800,NY_OPEN
150,120,0.337778,10800,NY_OPEN
155,120,0.313889,10800,NY_OPEN
160,120,0.292407,10800,NY_OPEN
165,120,0.270833,10800,NY_OPEN
170,120,0.251296,10800,NY_OPEN
175,120,0.231944,10800,NY_OPEN
180,120,0.211574,10800,NY_OPEN
185,120,0.195556,10800,NY_OPEN
190,120,0.17963,10800,NY_OPEN
195,120,0.165926,10800,NY_OPEN
200,120,0.152963,10800,NY_OPEN
205,120,0.142037,10800,NY_OPEN
210,120,0.128981,10800,NY_OPEN
215,120,0.118056,10800,NY_OPEN
220,120,0.108981,10800,NY_OPEN
225,120,0.101944,10800,NY_OPEN
230,120,0.093056,10800,NY_OPEN
235,120,0.085556,10800,NY_OPEN
240,120,0.078148,10800,NY_OPEN
245,120,0.071296,10800,NY_OPEN
250,120,0.065,10800,NY_OPEN
255,120,0.059167,10800,NY_OPEN
260,120,0.053611,10800,NY_OPEN
265,120,0.050278,10800,NY_OPEN
270,120,0.045833,10800,NY_OPEN
275,120,0.04213,10800,NY_OPEN
280,120,0.038704,10800,NY_OPEN
285,120,0.035648,10800,NY_OPEN
290,120,0.031389,10800,NY_OPEN
295,120,0.028981,10800,NY_OPEN
300,120,0.025648,10800,NY_OPEN
305,120,0.023056,10800,NY_OPEN
310,120,0.020741,10800,NY_OPEN
315,120,0.019259,10800,NY_OPEN
320,120,0.017407,10800,NY_OPEN
325,120,0.015833,10800,NY_OPEN
330,120,0.014537,10800,NY_OPEN
335,120,0.013148,10800,NY_OPEN
340,120,0.011944,10800,NY_OPEN
345,120,0.010833,10800,NY_OPEN
350,120,0.009352,10800,NY_OPEN
355,120,0.008519,10800,NY_OPEN
360,120,0.007963,10800,NY_OPEN
365,120,0.00713,10800,NY_OPEN
370,120,0.006389,10800,NY_OPEN
375,120,0.005833,10800,NY_OPEN
380,120,0.005093,10800,NY_OPEN
385,120,0.004444,10800,NY_OPEN
390,120,0.004167,10800,NY_OPEN
395,120,0.003704,10800,NY_OPEN
400,120,0.003056,10800,NY_OPEN
405,120,0.00287,10800,NY_OPEN
410,120,0.002593,10800,NY_OPEN
415,120,0.002222,10800,NY_OPEN
420,120,0.002037,10800,NY_OPEN
425,120,0.001852,10800,NY_OPEN
430,120,0.001759,10800,NY_OPEN
435,120,0.001481,10800,NY_OPEN
440,120,0.001389,10800,NY_OPEN
445,120,0.001296,10800,NY_OPEN
450,120,0.001296,10800,NY_OPEN
455,120,0.001204,10800,NY_OPEN
460,120,0.001204,10800,NY_OPEN
465,120,0.001019,10800,NY_OPEN
470,120,0.001019,10800,NY_OPEN
475,120,0.000833,10800,NY_OPEN
480,120,0.000741,10800,NY_OPEN
485,120,0.000556,10800,NY_OPEN
490,120,0.000556,10800,NY_OPEN
495,120,0.000556,10800,NY_OPEN
500,120,0.000463,10800,NY_OPEN
505,120,0.000463,10800,NY_OPEN
510,120,0.00037,10800,NY_OPEN
515,120,0.00037,10800,NY_OPEN
520,120,0.00037,10800,NY_OPEN
525,120,0.00037,10800,NY_OPEN
530,120,0.00037,10800,NY_OPEN
535,120,0.00037,10800,NY_OPEN
540,120,0.000278,10800,NY_OPEN
545,120,0.000278,10800,NY_OPEN
550,120,0.000278,10800,NY_OPEN
555,120,0.000185,10800,NY_OPEN
560,120,0.000185,10800,NY_OPEN
565,120,0.000185,10800,NY_OPEN
570,120,0.000185,10800,NY_OPEN
575,120,0.000185,10800,NY_OPEN
580,120,9.3e-05,10800,NY_OPEN
585,120,0.0,10800,NY_OPEN
590,120,0.0,10800,NY_OPEN
595,120,0.0,10800,NY_OPEN
600,120,0.0,10800,NY_OPEN
605,120,0.0,10800,NY_OPEN
610,120,0.0,10800,NY_OPEN
615,120,0.0,10800,NY_OPEN
620,120,0.0,10800,NY_OPEN
625,120,0.0,10800,NY_OPEN
630,120,0.0,10800,NY_OPEN
635,120,0.0,10800,NY_OPEN
640,120,0.0,10800,NY_OPEN
645,120,0.0,10800,NY_OPEN
650,120,0.0,10800,NY_OPEN
655,120,0.0,10800,NY_OPEN
660,120,0.0,10800,NY_OPEN
665,120,0.0,10800,NY_OPEN
670,120,0.0,10800,NY_OPEN
675,120,0.0,10800,NY_OPEN
680,120,0.0,10800,NY_OPEN
685,120,0.0,10800,NY_OPEN
690,120,0.0,10800,NY_OPEN
695,120,0.0,10800,NY_OPEN
700,120,0.0,10800,NY_OPEN
705,120,0.0,10800,NY_OPEN
710,120,0.0,10800,NY_OPEN
715,120,0.0,10800,NY_OPEN
720,120,0.0,10800,NY_OPEN
725,120,0.0,10800,NY_OPEN
730,120,0.0,10800,NY_OPEN
735,120,0.0,10800,NY_OPEN
740,120,0.0,10800,NY_OPEN
745,120,0.0,10800,NY_OPEN
750,120,0.0,10800,NY_OPEN
755,120,0.0,10800,NY_OPEN
760,120,0.0,10800,NY_OPEN
765,120,0.0,10800,NY_OPEN
770,120,0.0,10800,NY_OPEN
775,120,0.0,10800,NY_OPEN
780,120,0.0,10800,NY_OPEN
785,120,0.0,10800,NY_OPEN
790,120,0.0,10800,NY_OPEN
795,120,0.0,10800,NY_OPEN
800,120,0.0,10800,NY_OPEN
805,120,0.0,10800,NY_OPEN
810,120,0.0,10800,NY_OPEN
815,120,0.0,10800,NY_OPEN
820,120,0.0,10800,NY_OPEN
825,120,0.0,10800,NY_OPEN
830,120,0.0,10800,NY_OPEN
835,120,0.0,10800,NY_OPEN
840,120,0.0,10800,NY_OPEN
845,120,0.0,10800,NY_OPEN
850,120,0.0,10800,NY_OPEN
855,120,0.0,10800,NY_OPEN
860,120,0.0,10800,NY_OPEN
865,120,0.0,10800,NY_OPEN
870,120,0.0,10800,NY_OPEN
875,120,0.0,10800,NY_OPEN
880,120,0.0,10800,NY_OPEN
885,120,0.0,10800,NY_OPEN
890,120,0.0,10800,NY_OPEN
895,120,0.0,10800,NY_OPEN
900,120,0.0,10800,NY_OPEN
905,120,0.0,10800,NY_OPEN
910,120,0.0,10800,NY_OPEN
915,120,0.0,10800,NY_OPEN
920,120,0.0,10800,NY_OPEN
925,120,0.0,10800,NY_OPEN
930,120,0.0,10800,NY_OPEN
935,120,0.0,10800,NY_OPEN
940,120,0.0,10800,NY_OPEN
945,120,0.0,10800,NY_OPEN
950,120,0.0,10800,NY_OPEN
955,120,0.0,10800,NY_OPEN
960,120,0.0,10800,NY_OPEN
965,120,0.0,10800,NY_OPEN
970,120,0.0,10800,NY_OPEN
975,120,0.0,10800,NY_OPEN
980,120,0.0,10800,NY_OPEN
985,120,0.0,10800,NY_OPEN
990,120,0.0,10800,NY_OPEN
995,120,0.0,10800,NY_OPEN
1000,120,0.0,10800,NY_OPEN
1005,120,0.0,10800,NY_OPEN
1010,120,0.0,10800,NY_OPEN
1015,120,0.0,10800,NY_OPEN
1020,120,0.0,10800,NY_OPEN
1025,120,0.0,10800,NY_OPEN
1030,120,0.0,10800,NY_OPEN
1035,120,0.0,10800,NY_OPEN
1040,120,0.0,10800,NY_OPEN
1045,120,0.0,10800,NY_OPEN
1050,120,0.0,10800,NY_OPEN
1055,120,0.0,10800,NY_OPEN
1060,120,0.0,10800,NY_OPEN
1065,120,0.0,10800,NY_OPEN
1070,120,0.0,10800,NY_OPEN
1075,120,0.0,10800,NY_OPEN
1080,120,0.0,10800,NY_OPEN
1085,120,0.0,10800,NY_OPEN
1090,120,0.0,10800,NY_OPEN
1095,120,0.0,10800,NY_OPEN
1100,120,0.0,10800,NY_OPEN
1105,120,0.0,10800,NY_OPEN
1110,120,0.0,10800,NY_OPEN
1115,120,0.0,10800,NY_OPEN
1120,120,0.0,10800,NY_OPEN
1125,120,0.0,10800,NY_OPEN
1130,120,0.0,10800,NY_OPEN
1135,120,0.0,10800,NY_OPEN
1140,120,0.0,10800,NY_OPEN
1145,120,0.0,10800,NY_OPEN
1150,120,0.0,10800,NY_OPEN
1155,120,0.0,10800,NY_OPEN
1160,120,0.0,10800,NY_OPEN
1165,120,0.0,10800,NY_OPEN
1170,120,0.0,10800,NY_OPEN
1175,120,0.0,10800,NY_OPEN
1180,120,0.0,10800,NY_OPEN
1185,120,0.0,10800,NY_OPEN
1190,120,0.0,10800,NY_OPEN
1195,120,0.0,10800,NY_OPEN
1200,120,0.0,10800,NY_OPEN
1205,120,0.0,10800,NY_OPEN
1210,120,0.0,10800,NY_OPEN
1215,120,0.0,10800,NY_OPEN
1220,120,0.0,10800,NY_OPEN
1225,120,0.0,10800,NY_OPEN
1230,120,0.0,10800,NY_OPEN
1235,120,0.0,10800,NY_OPEN
1240,120,0.0,10800,NY_OPEN
1245,120,0.0,10800,NY_OPEN
1250,120,0.0,10800,NY_OPEN
1255,120,0.0,10800,NY_OPEN
1260,120,0.0,10800,NY_OPEN
1265,120,0.0,10800,NY_OPEN
1270,120,0.0,10800,NY_OPEN
1275,120,0.0,10800,NY_OPEN
1280,120,0.0,10800,NY_OPEN
1285,120,0.0,10800,NY_OPEN
1290,120,0.0,10800,NY_OPEN
1295,120,0.0,10800,NY_OPEN
1300,120,0.0,10800,NY_OPEN
1305,120,0.0,10800,NY_OPEN
1310,120,0.0,10800,NY_OPEN
1315,120,0.0,10800,NY_OPEN
1320,120,0.0,10800,NY_OPEN
1325,120,0.0,10800,NY_OPEN
1330,120,0.0,10800,NY_OPEN
1335,120,0.0,10800,NY_OPEN
1340,120,0.0,10800,NY_OPEN
1345,120,0.0,10800,NY_OPEN
1350,120,0.0,10800,NY_OPEN
1355,120,0.0,10800,NY_OPEN
1360,120,0.0,10800,NY_OPEN
1365,120,0.0,10800,NY_OPEN
1370,120,0.0,10800,NY_OPEN
1375,120,0.0,10800,NY_OPEN
1380,120,0.0,10800,NY_OPEN
1385,120,0.0,10800,NY_OPEN
1390,120,0.0,10800,NY_OPEN
1395,120,0.0,10800,NY_OPEN
1400,120,0.0,10800,NY_OPEN
1405,120,0.0,10800,NY_OPEN
1410,120,0.0,10800,NY_OPEN
1415,120,0.0,10800,NY_OPEN
1420,120,0.0,10800,NY_OPEN
1425,120,0.0,10800,NY_OPEN
1430,120,0.0,10800,NY_OPEN
1435,120,0.0,10800,NY_OPEN
1440,120,0.0,10800,NY_OPEN
1445,120,0.0,10800,NY_OPEN
1450,120,0.0,10800,NY_OPEN
1455,120,0.0,10800,NY_OPEN
1460,120,0.0,10800,NY_OPEN
1465,120,0.0,10800,NY_OPEN
1470,120,0.0,10800,NY_OPEN
1475,120,0.0,10800,NY_OPEN
1480,120,0.0,10800,NY_OPEN
1485,120,0.0,10800,NY_OPEN
1490,120,0.0,10800,NY_OPEN
1495,120,0.0,10800,NY_OPEN
1500,120,0.0,10800,NY_OPEN
1505,120,0.0,10800,NY_OPEN
1510,120,0.0,10800,NY_OPEN
1515,120,0.0,10800,NY_OPEN
1520,120,0.0,10800,NY_OPEN
1525,120,0.0,10800,NY_OPEN
1530,120,0.0,10800,NY_OPEN
1535,120,0.0,10800,NY_OPEN
1540,120,0.0,10800,NY_OPEN
1545,120,0.0,10800,NY_OPEN
1550,120,0.0,10800,NY_OPEN
1555,120,0.0,10800,NY_OPEN
1560,120,0.0,10800,NY_OPEN
1565,120,0.0,10800,NY_OPEN
1570,120,0.0,10800,NY_OPEN
1575,120,0.0,10800,NY_OPEN
1580,120,0.0,10800,NY_OPEN
1585,120,0.0,10800,NY_OPEN
1590,120,0.0,10800,NY_OPEN
1595,120,0.0,10800,NY_OPEN
1600,120,0.0,10800,NY_OPEN
1605,120,0.0,10800,NY_OPEN
1610,120,0.0,10800,NY_OPEN
1615,120,0.0,10800,NY_OPEN
1620,120,0.0,10800,NY_OPEN
1625,120,0.0,10800,NY_OPEN
1630,120,0.0,10800,NY_OPEN
1635,120,0.0,10800,NY_OPEN
1640,120,0.0,10800,NY_OPEN
1645,120,0.0,10800,NY_OPEN
1650,120,0.0,10800,NY_OPEN
1655,120,0.0,10800,NY_OPEN
1660,120,0.0,10800,NY_OPEN
1665,120,0.0,10800,NY_OPEN
1670,120,0.0,10800,NY_OPEN
1675,120,0.0,10800,NY_OPEN
1680,120,0.0,10800,NY_OPEN
1685,120,0.0,10800,NY_OPEN
1690,120,0.0,10800,NY_OPEN
1695,120,0.0,10800,NY_OPEN
1700,120,0.0,10800,NY_OPEN
1705,120,0.0,10800,NY_OPEN
1710,120,0.0,10800,NY_OPEN
1715,120,0.0,10800,NY_OPEN
1720,120,0.0,10800,NY_OPEN
1725,120,0.0,10800,NY_OPEN
1730,120,0.0,10800,NY_OPEN
1735,120,0.0,10800,NY_OPEN
1740,120,0.0,10800,NY_OPEN
1745,120,0.0,10800,NY_OPEN
1750,120,0.0,10800,NY_OPEN
1755,120,0.0,10800,NY_OPEN
1760,120,0.0,10800,NY_OPEN
1765,120,0.0,10800,NY_OPEN
1770,120,0.0,10800,NY_OPEN
1775,120,0.0,10800,NY_OPEN
1780,120,0.0,10800,NY_OPEN
1785,120,0.0,10800,NY_OPEN
1790,120,0.0,10800,NY_OPEN
1795,120,0.0,10800,NY_OPEN
1800,120,0.0,10800,NY_OPEN
1805,120,0.0,10800,NY_OPEN
1810,120,0.0,10800,NY_OPEN
1815,120,0.0,10800,NY_OPEN
1820,120,0.0,10800,NY_OPEN
1825,120,0.0,10800,NY_OPEN
1830,120,0.0,10800,NY_OPEN
1835,120,0.0,10800,NY_OPEN
1840,120,0.0,10800,NY_OPEN
1845,120,0.0,10800,NY_OPEN
1850,120,0.0,10800,NY_OPEN
1855,120,0.0,10800,NY_OPEN
1860,120,0.0,10800,NY_OPEN
1865,120,0.0,10800,NY_OPEN
1870,120,0.0,10800,NY_OPEN
1875,120,0.0,10800,NY_OPEN
1880,120,0.0,10800,NY_OPEN
1885,120,0.0,10800,NY_OPEN
1890,120,0.0,10800,NY_OPEN
1895,120,0.0,10800,NY_OPEN
1900,120,0.0,10800,NY_OPEN
1905,120,0.0,10800,NY_OPEN
1910,120,0.0,10800,NY_OPEN
1915,120,0.0,10800,NY_OPEN
1920,120,0.0,10800,NY_OPEN
1925,120,0.0,10800,NY_OPEN
1930,120,0.0,10800,NY_OPEN
1935,120,0.0,10800,NY_OPEN
1940,120,0.0,10800,NY_OPEN
1945,120,0.0,10800,NY_OPEN
1950,120,0.0,10800,NY_OPEN
1955,120,0.0,10800,NY_OPEN
1960,120,0.0,10800,NY_OPEN
1965,120,0.0,10800,NY_OPEN
1970,120,0.0,10800,NY_OPEN
1975,120,0.0,10800,NY_OPEN
1980,120,0.0,10800,NY_OPEN
1985,120,0.0,10800,NY_OPEN
1990,120,0.0,10800,NY_OPEN
1995,120,0.0,10800,NY_OPEN
2000,120,0.0,10800,NY_OPEN
50,120,0.921223,16020,NY_PRE
55,120,0.887578,16020,NY_PRE
60,120,0.848939,16020,NY_PRE
65,120,0.803683,16020,NY_PRE
70,120,0.755805,16020,NY_PRE
75,120,0.709738,16020,NY_PRE
80,120,0.662235,16020,NY_PRE
85,120,0.616916,16020,NY_PRE
90,120,0.571286,16020,NY_PRE
95,120,0.52834,16020,NY_PRE
100,120,0.48839,16020,NY_PRE
105,120,0.450936,16020,NY_PRE
110,120,0.414794,16020,NY_PRE
115,120,0.380836,16020,NY_PRE
120,120,0.348127,16020,NY_PRE
125,120,0.318789,16020,NY_PRE
130,120,0.2902,16020,NY_PRE
135,120,0.262547,16020,NY_PRE
140,120,0.239638,16020,NY_PRE
145,120,0.216042,16020,NY_PRE
150,120,0.196692,16020,NY_PRE
155,120,0.176904,16020,NY_PRE
160,120,0.161548,16020,NY_PRE
165,120,0.145318,16020,NY_PRE
170,120,0.132834,16020,NY_PRE
175,120,0.120787,16020,NY_PRE
180,120,0.108365,16020,NY_PRE
185,120,0.097815,16020,NY_PRE
190,120,0.087765,16020,NY_PRE
195,120,0.079026,16020,NY_PRE
200,120,0.071473,16020,NY_PRE
205,120,0.063983,16020,NY_PRE
210,120,0.056305,16020,NY_PRE
215,120,0.050187,16020,NY_PRE
220,120,0.044694,16020,NY_PRE
225,120,0.039263,16020,NY_PRE
230,120,0.035581,16020,NY_PRE
235,120,0.031898,16020,NY_PRE
240,120,0.02784,16020,NY_PRE
245,120,0.025094,16020,NY_PRE
250,120,0.021286,16020,NY_PRE
255,120,0.018976,16020,NY_PRE
260,120,0.016417,16020,NY_PRE
265,120,0.014669,16020,NY_PRE
270,120,0.012235,16020,NY_PRE
275,120,0.010799,16020,NY_PRE
280,120,0.009426,16020,NY_PRE
285,120,0.008115,16020,NY_PRE
290,120,0.007303,16020,NY_PRE
295,120,0.006742,16020,NY_PRE
300,120,0.006117,16020,NY_PRE
305,120,0.005119,16020,NY_PRE
310,120,0.004494,16020,NY_PRE
315,120,0.003683,16020,NY_PRE
320,120,0.003433,16020,NY_PRE
325,120,0.002996,16020,NY_PRE
330,120,0.002747,16020,NY_PRE
335,120,0.002559,16020,NY_PRE
340,120,0.002247,16020,NY_PRE
345,120,0.00181,16020,NY_PRE
350,120,0.001436,16020,NY_PRE
355,120,0.001124,16020,NY_PRE
360,120,0.001061,16020,NY_PRE
365,120,0.001061,16020,NY_PRE
370,120,0.000936,16020,NY_PRE
375,120,0.000936,16020,NY_PRE
380,120,0.000874,16020,NY_PRE
385,120,0.000811,16020,NY_PRE
390,120,0.000624,16020,NY_PRE
395,120,0.000562,16020,NY_PRE
400,120,0.000499,16020,NY_PRE
405,120,0.000437,16020,NY_PRE
410,120,0.000375,16020,NY_PRE
415,120,0.000375,16020,NY_PRE
420,120,0.000375,16020,NY_PRE
425,120,0.000375,16020,NY_PRE
430,120,0.000312,16020,NY_PRE
435,120,0.000312,16020,NY_PRE
440,120,0.000125,16020,NY_PRE
445,120,6.2e-05,16020,NY_PRE
450,120,6.2e-05,16020,NY_PRE
455,120,0.0,16020,NY_PRE
460,120,0.0,16020,NY_PRE
465,120,0.0,16020,NY_PRE
470,120,0.0,16020,NY_PRE
475,120,0.0,16020,NY_PRE
480,120,0.0,16020,NY_PRE
485,120,0.0,16020,NY_PRE
490,120,0.0,16020,NY_PRE
495,120,0.0,16020,NY_PRE
500,120,0.0,16020,NY_PRE
505,120,0.0,16020,NY_PRE
510,120,0.0,16020,NY_PRE
515,120,0.0,16020,NY_PRE
520,120,0.0,16020,NY_PRE
525,120,0.0,16020,NY_PRE
530,120,0.0,16020,NY_PRE
535,120,0.0,16020,NY_PRE
540,120,0.0,16020,NY_PRE
545,120,0.0,16020,NY_PRE
550,120,0.0,16020,NY_PRE
555,120,0.0,16020,NY_PRE
560,120,0.0,16020,NY_PRE
565,120,0.0,16020,NY_PRE
570,120,0.0,16020,NY_PRE
575,120,0.0,16020,NY_PRE
580,120,0.0,16020,NY_PRE
585,120,0.0,16020,NY_PRE
590,120,0.0,16020,NY_PRE
595,120,0.0,16020,NY_PRE
600,120,0.0,16020,NY_PRE
605,120,0.0,16020,NY_PRE
610,120,0.0,16020,NY_PRE
615,120,0.0,16020,NY_PRE
620,120,0.0,16020,NY_PRE
625,120,0.0,16020,NY_PRE
630,120,0.0,16020,NY_PRE
635,120,0.0,16020,NY_PRE
640,120,0.0,16020,NY_PRE
645,120,0.0,16020,NY_PRE
650,120,0.0,16020,NY_PRE
655,120,0.0,16020,NY_PRE
660,120,0.0,16020,NY_PRE
665,120,0.0,16020,NY_PRE
670,120,0.0,16020,NY_PRE
675,120,0.0,16020,NY_PRE
680,120,0.0,16020,NY_PRE
685,120,0.0,16020,NY_PRE
690,120,0.0,16020,NY_PRE
695,120,0.0,16020,NY_PRE
700,120,0.0,16020,NY_PRE
705,120,0.0,16020,NY_PRE
710,120,0.0,16020,NY_PRE
715,120,0.0,16020,NY_PRE
720,120,0.0,16020,NY_PRE
725,120,0.0,16020,NY_PRE
730,120,0.0,16020,NY_PRE
735,120,0.0,16020,NY_PRE
740,120,0.0,16020,NY_PRE
745,120,0.0,16020,NY_PRE
750,120,0.0,16020,NY_PRE
755,120,0.0,16020,NY_PRE
760,120,0.0,16020,NY_PRE
765,120,0.0,16020,NY_PRE
770,120,0.0,16020,NY_PRE
775,120,0.0,16020,NY_PRE
780,120,0.0,16020,NY_PRE
785,120,0.0,16020,NY_PRE
790,120,0.0,16020,NY_PRE
795,120,0.0,16020,NY_PRE
800,120,0.0,16020,NY_PRE
805,120,0.0,16020,NY_PRE
810,120,0.0,16020,NY_PRE
815,120,0.0,16020,NY_PRE
820,120,0.0,16020,NY_PRE
825,120,0.0,16020,NY_PRE
830,120,0.0,16020,NY_PRE
835,120,0.0,16020,NY_PRE
840,120,0.0,16020,NY_PRE
845,120,0.0,16020,NY_PRE
850,120,0.0,16020,NY_PRE
855,120,0.0,16020,NY_PRE
860,120,0.0,16020,NY_PRE
865,120,0.0,16020,NY_PRE
870,120,0.0,16020,NY_PRE
875,120,0.0,16020,NY_PRE
880,120,0.0,16020,NY_PRE
885,120,0.0,16020,NY_PRE
890,120,0.0,16020,NY_PRE
895,120,0.0,16020,NY_PRE
900,120,0.0,16020,NY_PRE
905,120,0.0,16020,NY_PRE
910,120,0.0,16020,NY_PRE
915,120,0.0,16020,NY_PRE
920,120,0.0,16020,NY_PRE
925,120,0.0,16020,NY_PRE
930,120,0.0,16020,NY_PRE
935,120,0.0,16020,NY_PRE
940,120,0.0,16020,NY_PRE
945,120,0.0,16020,NY_PRE
950,120,0.0,16020,NY_PRE
955,120,0.0,16020,NY_PRE
960,120,0.0,16020,NY_PRE
965,120,0.0,16020,NY_PRE
970,120,0.0,16020,NY_PRE
975,120,0.0,16020,NY_PRE
980,120,0.0,16020,NY_PRE
985,120,0.0,16020,NY_PRE
990,120,0.0,16020,NY_PRE
995,120,0.0,16020,NY_PRE
1000,120,0.0,16020,NY_PRE
1005,120,0.0,16020,NY_PRE
1010,120,0.0,16020,NY_PRE
1015,120,0.0,16020,NY_PRE
1020,120,0.0,16020,NY_PRE
1025,120,0.0,16020,NY_PRE
1030,120,0.0,16020,NY_PRE
1035,120,0.0,16020,NY_PRE
1040,120,0.0,16020,NY_PRE
1045,120,0.0,16020,NY_PRE
1050,120,0.0,16020,NY_PRE
1055,120,0.0,16020,NY_PRE
1060,120,0.0,16020,NY_PRE
1065,120,0.0,16020,NY_PRE
1070,120,0.0,16020,NY_PRE
1075,120,0.0,16020,NY_PRE
1080,120,0.0,16020,NY_PRE
1085,120,0.0,16020,NY_PRE
1090,120,0.0,16020,NY_PRE
1095,120,0.0,16020,NY_PRE
1100,120,0.0,16020,NY_PRE
1105,120,0.0,16020,NY_PRE
1110,120,0.0,16020,NY_PRE
1115,120,0.0,16020,NY_PRE
1120,120,0.0,16020,NY_PRE
1125,120,0.0,16020,NY_PRE
1130,120,0.0,16020,NY_PRE
1135,120,0.0,16020,NY_PRE
1140,120,0.0,16020,NY_PRE
1145,120,0.0,16020,NY_PRE
1150,120,0.0,16020,NY_PRE
1155,120,0.0,16020,NY_PRE
1160,120,0.0,16020,NY_PRE
1165,120,0.0,16020,NY_PRE
1170,120,0.0,16020,NY_PRE
1175,120,0.0,16020,NY_PRE
1180,120,0.0,16020,NY_PRE
1185,120,0.0,16020,NY_PRE
1190,120,0.0,16020,NY_PRE
1195,120,0.0,16020,NY_PRE
1200,120,0.0,16020,NY_PRE
1205,120,0.0,16020,NY_PRE
1210,120,0.0,16020,NY_PRE
1215,120,0.0,16020,NY_PRE
1220,120,0.0,16020,NY_PRE
1225,120,0.0,16020,NY_PRE
1230,120,0.0,16020,NY_PRE
1235,120,0.0,16020,NY_PRE
1240,120,0.0,16020,NY_PRE
1245,120,0.0,16020,NY_PRE
1250,120,0.0,16020,NY_PRE
1255,120,0.0,16020,NY_PRE
1260,120,0.0,16020,NY_PRE
1265,120,0.0,16020,NY_PRE
1270,120,0.0,16020,NY_PRE
1275,120,0.0,16020,NY_PRE
1280,120,0.0,16020,NY_PRE
1285,120,0.0,16020,NY_PRE
1290,120,0.0,16020,NY_PRE
1295,120,0.0,16020,NY_PRE
1300,120,0.0,16020,NY_PRE
1305,120,0.0,16020,NY_PRE
1310,120,0.0,16020,NY_PRE
1315,120,0.0,16020,NY_PRE
1320,120,0.0,16020,NY_PRE
1325,120,0.0,16020,NY_PRE
1330,120,0.0,16020,NY_PRE
1335,120,0.0,16020,NY_PRE
1340,120,0.0,16020,NY_PRE
1345,120,0.0,16020,NY_PRE
1350,120,0.0,16020,NY_PRE
1355,120,0.0,16020,NY_PRE
1360,120,0.0,16020,NY_PRE
1365,120,0.0,16020,NY_PRE
1370,120,0.0,16020,NY_PRE
1375,120,0.0,16020,NY_PRE
1380,120,0.0,16020,NY_PRE
1385,120,0.0,16020,NY_PRE
1390,120,0.0,16020,NY_PRE
1395,120,0.0,16020,NY_PRE
1400,120,0.0,16020,NY_PRE
1405,120,0.0,16020,NY_PRE
1410,120,0.0,16020,NY_PRE
1415,120,0.0,16020,NY_PRE
1420,120,0.0,16020,NY_PRE
1425,120,0.0,16020,NY_PRE
1430,120,0.0,16020,NY_PRE
1435,120,0.0,16020,NY_PRE
1440,120,0.0,16020,NY_PRE
1445,120,0.0,16020,NY_PRE
1450,120,0.0,16020,NY_PRE
1455,120,0.0,16020,NY_PRE
1460,120,0.0,16020,NY_PRE
1465,120,0.0,16020,NY_PRE
1470,120,0.0,16020,NY_PRE
1475,120,0.0,16020,NY_PRE
1480,120,0.0,16020,NY_PRE
1485,120,0.0,16020,NY_PRE
1490,120,0.0,16020,NY_PRE
1495,120,0.0,16020,NY_PRE
1500,120,0.0,16020,NY_PRE
1505,120,0.0,16020,NY_PRE
1510,120,0.0,16020,NY_PRE
1515,120,0.0,16020,NY_PRE
1520,120,0.0,16020,NY_PRE
1525,120,0.0,16020,NY_PRE
1530,120,0.0,16020,NY_PRE
1535,120,0.0,16020,NY_PRE
1540,120,0.0,16020,NY_PRE
1545,120,0.0,16020,NY_PRE
1550,120,0.0,16020,NY_PRE
1555,120,0.0,16020,NY_PRE
1560,120,0.0,16020,NY_PRE
1565,120,0.0,16020,NY_PRE
1570,120,0.0,16020,NY_PRE
1575,120,0.0,16020,NY_PRE
1580,120,0.0,16020,NY_PRE
1585,120,0.0,16020,NY_PRE
1590,120,0.0,16020,NY_PRE
1595,120,0.0,16020,NY_PRE
1600,120,0.0,16020,NY_PRE
1605,120,0.0,16020,NY_PRE
1610,120,0.0,16020,NY_PRE
1615,120,0.0,16020,NY_PRE
1620,120,0.0,16020,NY_PRE
1625,120,0.0,16020,NY_PRE
1630,120,0.0,16020,NY_PRE
1635,120,0.0,16020,NY_PRE
1640,120,0.0,16020,NY_PRE
1645,120,0.0,16020,NY_PRE
1650,120,0.0,16020,NY_PRE
1655,120,0.0,16020,NY_PRE
1660,120,0.0,16020,NY_PRE
1665,120,0.0,16020,NY_PRE
1670,120,0.0,16020,NY_PRE
1675,120,0.0,16020,NY_PRE
1680,120,0.0,16020,NY_PRE
1685,120,0.0,16020,NY_PRE
1690,120,0.0,16020,NY_PRE
1695,120,0.0,16020,NY_PRE
1700,120,0.0,16020,NY_PRE
1705,120,0.0,16020,NY_PRE
1710,120,0.0,16020,NY_PRE
1715,120,0.0,16020,NY_PRE
1720,120,0.0,16020,NY_PRE
1725,120,0.0,16020,NY_PRE
1730,120,0.0,16020,NY_PRE
1735,120,0.0,16020,NY_PRE
1740,120,0.0,16020,NY_PRE
1745,120,0.0,16020,NY_PRE
1750,120,0.0,16020,NY_PRE
1755,120,0.0,16020,NY_PRE
1760,120,0.0,16020,NY_PRE
1765,120,0.0,16020,NY_PRE
1770,120,0.0,16020,NY_PRE
1775,120,0.0,16020,NY_PRE
1780,120,0.0,16020,NY_PRE
1785,120,0.0,16020,NY_PRE
1790,120,0.0,16020,NY_PRE
1795,120,0.0,16020,NY_PRE
1800,120,0.0,16020,NY_PRE
1805,120,0.0,16020,NY_PRE
1810,120,0.0,16020,NY_PRE
1815,120,0.0,16020,NY_PRE
1820,120,0.0,16020,NY_PRE
1825,120,0.0,16020,NY_PRE
1830,120,0.0,16020,NY_PRE
1835,120,0.0,16020,NY_PRE
1840,120,0.0,16020,NY_PRE
1845,120,0.0,16020,NY_PRE
1850,120,0.0,16020,NY_PRE
1855,120,0.0,16020,NY_PRE
1860,120,0.0,16020,NY_PRE
1865,120,0.0,16020,NY_PRE
1870,120,0.0,16020,NY_PRE
1875,120,0.0,16020,NY_PRE
1880,120,0.0,16020,NY_PRE
1885,120,0.0,16020,NY_PRE
1890,120,0.0,16020,NY_PRE
1895,120,0.0,16020,NY_PRE
1900,120,0.0,16020,NY_PRE
1905,120,0.0,16020,NY_PRE
1910,120,0.0,16020,NY_PRE
1915,120,0.0,16020,NY_PRE
1920,120,0.0,16020,NY_PRE
1925,120,0.0,16020,NY_PRE
1930,120,0.0,16020,NY_PRE
1935,120,0.0,16020,NY_PRE
1940,120,0.0,16020,NY_PRE
1945,120,0.0,16020,NY_PRE
1950,120,0.0,16020,NY_PRE
1955,120,0.0,16020,NY_PRE
1960,120,0.0,16020,NY_PRE
1965,120,0.0,16020,NY_PRE
1970,120,0.0,16020,NY_PRE
1975,120,0.0,16020,NY_PRE
1980,120,0.0,16020,NY_PRE
1985,120,0.0,16020,NY_PRE
1990,120,0.0,16020,NY_PRE
1995,120,0.0,16020,NY_PRE
2000,120,0.0,16020,NY_PRE
50,120,0.937037,540,UNKNOWN
55,120,0.890741,540,UNKNOWN
60,120,0.853704,540,UNKNOWN
65,120,0.822222,540,UNKNOWN
70,120,0.790741,540,UNKNOWN
75,120,0.751852,540,UNKNOWN
80,120,0.709259,540,UNKNOWN
85,120,0.675926,540,UNKNOWN
90,120,0.633333,540,UNKNOWN
95,120,0.57963,540,UNKNOWN
100,120,0.542593,540,UNKNOWN
105,120,0.511111,540,UNKNOWN
110,120,0.47963,540,UNKNOWN
115,120,0.442593,540,UNKNOWN
120,120,0.403704,540,UNKNOWN
125,120,0.387037,540,UNKNOWN
130,120,0.359259,540,UNKNOWN
135,120,0.318519,540,UNKNOWN
140,120,0.3,540,UNKNOWN
145,120,0.272222,540,UNKNOWN
150,120,0.244444,540,UNKNOWN
155,120,0.22037,540,UNKNOWN
160,120,0.196296,540,UNKNOWN
165,120,0.177778,540,UNKNOWN
170,120,0.161111,540,UNKNOWN
175,120,0.153704,540,UNKNOWN
180,120,0.138889,540,UNKNOWN
185,120,0.118519,540,UNKNOWN
190,120,0.107407,540,UNKNOWN
195,120,0.094444,540,UNKNOWN
200,120,0.083333,540,UNKNOWN
205,120,0.075926,540,UNKNOWN
210,120,0.074074,540,UNKNOWN
215,120,0.062963,540,UNKNOWN
220,120,0.055556,540,UNKNOWN
225,120,0.05,540,UNKNOWN
230,120,0.048148,540,UNKNOWN
235,120,0.042593,540,UNKNOWN
240,120,0.037037,540,UNKNOWN
245,120,0.031481,540,UNKNOWN
250,120,0.02963,540,UNKNOWN
255,120,0.025926,540,UNKNOWN
260,120,0.025926,540,UNKNOWN
265,120,0.024074,540,UNKNOWN
270,120,0.024074,540,UNKNOWN
275,120,0.024074,540,UNKNOWN
280,120,0.024074,540,UNKNOWN
285,120,0.02037,540,UNKNOWN
290,120,0.02037,540,UNKNOWN
295,120,0.02037,540,UNKNOWN
300,120,0.02037,540,UNKNOWN
305,120,0.016667,540,UNKNOWN
310,120,0.014815,540,UNKNOWN
315,120,0.012963,540,UNKNOWN
320,120,0.012963,540,UNKNOWN
325,120,0.012963,540,UNKNOWN
330,120,0.011111,540,UNKNOWN
335,120,0.011111,540,UNKNOWN
340,120,0.009259,540,UNKNOWN
345,120,0.007407,540,UNKNOWN
350,120,0.005556,540,UNKNOWN
355,120,0.005556,540,UNKNOWN
360,120,0.003704,540,UNKNOWN
365,120,0.003704,540,UNKNOWN
370,120,0.003704,540,UNKNOWN
375,120,0.003704,540,UNKNOWN
380,120,0.001852,540,UNKNOWN
385,120,0.001852,540,UNKNOWN
390,120,0.001852,540,UNKNOWN
395,120,0.001852,540,UNKNOWN
400,120,0.001852,540,UNKNOWN
405,120,0.001852,540,UNKNOWN
410,120,0.001852,540,UNKNOWN
415,120,0.001852,540,UNKNOWN
420,120,0.001852,540,UNKNOWN
425,120,0.001852,540,UNKNOWN
430,120,0.001852,540,UNKNOWN
435,120,0.001852,540,UNKNOWN
440,120,0.001852,540,UNKNOWN
445,120,0.001852,540,UNKNOWN
450,120,0.001852,540,UNKNOWN
455,120,0.001852,540,UNKNOWN
460,120,0.001852,540,UNKNOWN
465,120,0.001852,540,UNKNOWN
470,120,0.001852,540,UNKNOWN
475,120,0.001852,540,UNKNOWN
480,120,0.001852,540,UNKNOWN
485,120,0.0,540,UNKNOWN
490,120,0.0,540,UNKNOWN
495,120,0.0,540,UNKNOWN
500,120,0.0,540,UNKNOWN
505,120,0.0,540,UNKNOWN
510,120,0.0,540,UNKNOWN
515,120,0.0,540,UNKNOWN
520,120,0.0,540,UNKNOWN
525,120,0.0,540,UNKNOWN
530,120,0.0,540,UNKNOWN
535,120,0.0,540,UNKNOWN
540,120,0.0,540,UNKNOWN
545,120,0.0,540,UNKNOWN
550,120,0.0,540,UNKNOWN
555,120,0.0,540,UNKNOWN
560,120,0.0,540,UNKNOWN
565,120,0.0,540,UNKNOWN
570,120,0.0,540,UNKNOWN
575,120,0.0,540,UNKNOWN
580,120,0.0,540,UNKNOWN
585,120,0.0,540,UNKNOWN
590,120,0.0,540,UNKNOWN
595,120,0.0,540,UNKNOWN
600,120,0.0,540,UNKNOWN
605,120,0.0,540,UNKNOWN
610,120,0.0,540,UNKNOWN
615,120,0.0,540,UNKNOWN
620,120,0.0,540,UNKNOWN
625,120,0.0,540,UNKNOWN
630,120,0.0,540,UNKNOWN
635,120,0.0,540,UNKNOWN
640,120,0.0,540,UNKNOWN
645,120,0.0,540,UNKNOWN
650,120,0.0,540,UNKNOWN
655,120,0.0,540,UNKNOWN
660,120,0.0,540,UNKNOWN
665,120,0.0,540,UNKNOWN
670,120,0.0,540,UNKNOWN
675,120,0.0,540,UNKNOWN
680,120,0.0,540,UNKNOWN
685,120,0.0,540,UNKNOWN
690,120,0.0,540,UNKNOWN
695,120,0.0,540,UNKNOWN
700,120,0.0,540,UNKNOWN
705,120,0.0,540,UNKNOWN
710,120,0.0,540,UNKNOWN
715,120,0.0,540,UNKNOWN
720,120,0.0,540,UNKNOWN
725,120,0.0,540,UNKNOWN
730,120,0.0,540,UNKNOWN
735,120,0.0,540,UNKNOWN
740,120,0.0,540,UNKNOWN
745,120,0.0,540,UNKNOWN
750,120,0.0,540,UNKNOWN
755,120,0.0,540,UNKNOWN
760,120,0.0,540,UNKNOWN
765,120,0.0,540,UNKNOWN
770,120,0.0,540,UNKNOWN
775,120,0.0,540,UNKNOWN
780,120,0.0,540,UNKNOWN
785,120,0.0,540,UNKNOWN
790,120,0.0,540,UNKNOWN
795,120,0.0,540,UNKNOWN
800,120,0.0,540,UNKNOWN
805,120,0.0,540,UNKNOWN
810,120,0.0,540,UNKNOWN
815,120,0.0,540,UNKNOWN
820,120,0.0,540,UNKNOWN
825,120,0.0,540,UNKNOWN
830,120,0.0,540,UNKNOWN
835,120,0.0,540,UNKNOWN
840,120,0.0,540,UNKNOWN
845,120,0.0,540,UNKNOWN
850,120,0.0,540,UNKNOWN
855,120,0.0,540,UNKNOWN
860,120,0.0,540,UNKNOWN
865,120,0.0,540,UNKNOWN
870,120,0.0,540,UNKNOWN
875,120,0.0,540,UNKNOWN
880,120,0.0,540,UNKNOWN
885,120,0.0,540,UNKNOWN
890,120,0.0,540,UNKNOWN
895,120,0.0,540,UNKNOWN
900,120,0.0,540,UNKNOWN
905,120,0.0,540,UNKNOWN
910,120,0.0,540,UNKNOWN
915,120,0.0,540,UNKNOWN
920,120,0.0,540,UNKNOWN
925,120,0.0,540,UNKNOWN
930,120,0.0,540,UNKNOWN
935,120,0.0,540,UNKNOWN
940,120,0.0,540,UNKNOWN
945,120,0.0,540,UNKNOWN
950,120,0.0,540,UNKNOWN
955,120,0.0,540,UNKNOWN
960,120,0.0,540,UNKNOWN
965,120,0.0,540,UNKNOWN
970,120,0.0,540,UNKNOWN
975,120,0.0,540,UNKNOWN
980,120,0.0,540,UNKNOWN
985,120,0.0,540,UNKNOWN
990,120,0.0,540,UNKNOWN
995,120,0.0,540,UNKNOWN
1000,120,0.0,540,UNKNOWN
1005,120,0.0,540,UNKNOWN
1010,120,0.0,540,UNKNOWN
1015,120,0.0,540,UNKNOWN
1020,120,0.0,540,UNKNOWN
1025,120,0.0,540,UNKNOWN
1030,120,0.0,540,UNKNOWN
1035,120,0.0,540,UNKNOWN
1040,120,0.0,540,UNKNOWN
1045,120,0.0,540,UNKNOWN
1050,120,0.0,540,UNKNOWN
1055,120,0.0,540,UNKNOWN
1060,120,0.0,540,UNKNOWN
1065,120,0.0,540,UNKNOWN
1070,120,0.0,540,UNKNOWN
1075,120,0.0,540,UNKNOWN
1080,120,0.0,540,UNKNOWN
1085,120,0.0,540,UNKNOWN
1090,120,0.0,540,UNKNOWN
1095,120,0.0,540,UNKNOWN
1100,120,0.0,540,UNKNOWN
1105,120,0.0,540,UNKNOWN
1110,120,0.0,540,UNKNOWN
1115,120,0.0,540,UNKNOWN
1120,120,0.0,540,UNKNOWN
1125,120,0.0,540,UNKNOWN
1130,120,0.0,540,UNKNOWN
1135,120,0.0,540,UNKNOWN
1140,120,0.0,540,UNKNOWN
1145,120,0.0,540,UNKNOWN
1150,120,0.0,540,UNKNOWN
1155,120,0.0,540,UNKNOWN
1160,120,0.0,540,UNKNOWN
1165,120,0.0,540,UNKNOWN
1170,120,0.0,540,UNKNOWN
1175,120,0.0,540,UNKNOWN
1180,120,0.0,540,UNKNOWN
1185,120,0.0,540,UNKNOWN
1190,120,0.0,540,UNKNOWN
1195,120,0.0,540,UNKNOWN
1200,120,0.0,540,UNKNOWN
1205,120,0.0,540,UNKNOWN
1210,120,0.0,540,UNKNOWN
1215,120,0.0,540,UNKNOWN
1220,120,0.0,540,UNKNOWN
1225,120,0.0,540,UNKNOWN
1230,120,0.0,540,UNKNOWN
1235,120,0.0,540,UNKNOWN
1240,120,0.0,540,UNKNOWN
1245,120,0.0,540,UNKNOWN
1250,120,0.0,540,UNKNOWN
1255,120,0.0,540,UNKNOWN
1260,120,0.0,540,UNKNOWN
1265,120,0.0,540,UNKNOWN
1270,120,0.0,540,UNKNOWN
1275,120,0.0,540,UNKNOWN
1280,120,0.0,540,UNKNOWN
1285,120,0.0,540,UNKNOWN
1290,120,0.0,540,UNKNOWN
1295,120,0.0,540,UNKNOWN
1300,120,0.0,540,UNKNOWN
1305,120,0.0,540,UNKNOWN
1310,120,0.0,540,UNKNOWN
1315,120,0.0,540,UNKNOWN
1320,120,0.0,540,UNKNOWN
1325,120,0.0,540,UNKNOWN
1330,120,0.0,540,UNKNOWN
1335,120,0.0,540,UNKNOWN
1340,120,0.0,540,UNKNOWN
1345,120,0.0,540,UNKNOWN
1350,120,0.0,540,UNKNOWN
1355,120,0.0,540,UNKNOWN
1360,120,0.0,540,UNKNOWN
1365,120,0.0,540,UNKNOWN
1370,120,0.0,540,UNKNOWN
1375,120,0.0,540,UNKNOWN
1380,120,0.0,540,UNKNOWN
1385,120,0.0,540,UNKNOWN
1390,120,0.0,540,UNKNOWN
1395,120,0.0,540,UNKNOWN
1400,120,0.0,540,UNKNOWN
1405,120,0.0,540,UNKNOWN
1410,120,0.0,540,UNKNOWN
1415,120,0.0,540,UNKNOWN
1420,120,0.0,540,UNKNOWN
1425,120,0.0,540,UNKNOWN
1430,120,0.0,540,UNKNOWN
1435,120,0.0,540,UNKNOWN
1440,120,0.0,540,UNKNOWN
1445,120,0.0,540,UNKNOWN
1450,120,0.0,540,UNKNOWN
1455,120,0.0,540,UNKNOWN
1460,120,0.0,540,UNKNOWN
1465,120,0.0,540,UNKNOWN
1470,120,0.0,540,UNKNOWN
1475,120,0.0,540,UNKNOWN
1480,120,0.0,540,UNKNOWN
1485,120,0.0,540,UNKNOWN
1490,120,0.0,540,UNKNOWN
1495,120,0.0,540,UNKNOWN
1500,120,0.0,540,UNKNOWN
1505,120,0.0,540,UNKNOWN
1510,120,0.0,540,UNKNOWN
1515,120,0.0,540,UNKNOWN
1520,120,0.0,540,UNKNOWN
1525,120,0.0,540,UNKNOWN
1530,120,0.0,540,UNKNOWN
1535,120,0.0,540,UNKNOWN
1540,120,0.0,540,UNKNOWN
1545,120,0.0,540,UNKNOWN
1550,120,0.0,540,UNKNOWN
1555,120,0.0,540,UNKNOWN
1560,120,0.0,540,UNKNOWN
1565,120,0.0,540,UNKNOWN
1570,120,0.0,540,UNKNOWN
1575,120,0.0,540,UNKNOWN
1580,120,0.0,540,UNKNOWN
1585,120,0.0,540,UNKNOWN
1590,120,0.0,540,UNKNOWN
1595,120,0.0,540,UNKNOWN
1600,120,0.0,540,UNKNOWN
1605,120,0.0,540,UNKNOWN
1610,120,0.0,540,UNKNOWN
1615,120,0.0,540,UNKNOWN
1620,120,0.0,540,UNKNOWN
1625,120,0.0,540,UNKNOWN
1630,120,0.0,540,UNKNOWN
1635,120,0.0,540,UNKNOWN
1640,120,0.0,540,UNKNOWN
1645,120,0.0,540,UNKNOWN
1650,120,0.0,540,UNKNOWN
1655,120,0.0,540,UNKNOWN
1660,120,0.0,540,UNKNOWN
1665,120,0.0,540,UNKNOWN
1670,120,0.0,540,UNKNOWN
1675,120,0.0,540,UNKNOWN
1680,120,0.0,540,UNKNOWN
1685,120,0.0,540,UNKNOWN
1690,120,0.0,540,UNKNOWN
1695,120,0.0,540,UNKNOWN
1700,120,0.0,540,UNKNOWN
1705,120,0.0,540,UNKNOWN
1710,120,0.0,540,UNKNOWN
1715,120,0.0,540,UNKNOWN
1720,120,0.0,540,UNKNOWN
1725,120,0.0,540,UNKNOWN
1730,120,0.0,540,UNKNOWN
1735,120,0.0,540,UNKNOWN
1740,120,0.0,540,UNKNOWN
1745,120,0.0,540,UNKNOWN
1750,120,0.0,540,UNKNOWN
1755,120,0.0,540,UNKNOWN
1760,120,0.0,540,UNKNOWN
1765,120,0.0,540,UNKNOWN
1770,120,0.0,540,UNKNOWN
1775,120,0.0,540,UNKNOWN
1780,120,0.0,540,UNKNOWN
1785,120,0.0,540,UNKNOWN
1790,120,0.0,540,UNKNOWN
1795,120,0.0,540,UNKNOWN
1800,120,0.0,540,UNKNOWN
1805,120,0.0,540,UNKNOWN
1810,120,0.0,540,UNKNOWN
1815,120,0.0,540,UNKNOWN
1820,120,0.0,540,UNKNOWN
1825,120,0.0,540,UNKNOWN
1830,120,0.0,540,UNKNOWN
1835,120,0.0,540,UNKNOWN
1840,120,0.0,540,UNKNOWN
1845,120,0.0,540,UNKNOWN
1850,120,0.0,540,UNKNOWN
1855,120,0.0,540,UNKNOWN
1860,120,0.0,540,UNKNOWN
1865,120,0.0,540,UNKNOWN
1870,120,0.0,540,UNKNOWN
1875,120,0.0,540,UNKNOWN
1880,120,0.0,540,UNKNOWN
1885,120,0.0,540,UNKNOWN
1890,120,0.0,540,UNKNOWN
1895,120,0.0,540,UNKNOWN
1900,120,0.0,540,UNKNOWN
1905,120,0.0,540,UNKNOWN
1910,120,0.0,540,UNKNOWN
1915,120,0.0,540,UNKNOWN
1920,120,0.0,540,UNKNOWN
1925,120,0.0,540,UNKNOWN
1930,120,0.0,540,UNKNOWN
1935,120,0.0,540,UNKNOWN
1940,120,0.0,540,UNKNOWN
1945,120,0.0,540,UNKNOWN
1950,120,0.0,540,UNKNOWN
1955,120,0.0,540,UNKNOWN
1960,120,0.0,540,UNKNOWN
1965,120,0.0,540,UNKNOWN
1970,120,0.0,540,UNKNOWN
1975,120,0.0,540,UNKNOWN
1980,120,0.0,540,UNKNOWN
1985,120,0.0,540,UNKNOWN
1990,120,0.0,540,UNKNOWN
1995,120,0.0,540,UNKNOWN
2000,120,0.0,540,UNKNOWN
50,180,0.95233,259197,ALL
55,180,0.927059,259197,ALL
60,180,0.897456,259197,ALL
65,180,0.863563,259197,ALL
70,180,0.826688,259197,ALL
75,180,0.787721,259197,ALL
80,180,0.746313,259197,ALL
85,180,0.705822,259197,ALL
90,180,0.665463,259197,ALL
95,180,0.625331,259197,ALL
100,180,0.586307,259197,ALL
105,180,0.54807,259197,ALL
110,180,0.51121,259197,ALL
115,180,0.476194,259197,ALL
120,180,0.443335,259197,ALL
125,180,0.411999,259197,ALL
130,180,0.382389,259197,ALL
135,180,0.353689,259197,ALL
140,180,0.327392,259197,ALL
145,180,0.303237,259197,ALL
150,180,0.280358,259197,ALL
155,180,0.258491,259197,ALL
160,180,0.238433,259197,ALL
165,180,0.219192,259197,ALL
170,180,0.201611,259197,ALL
175,180,0.185932,259197,ALL
180,180,0.170855,259197,ALL
185,180,0.157031,259197,ALL
190,180,0.143563,259197,ALL
195,180,0.131437,259197,ALL
200,180,0.120572,259197,ALL
205,180,0.110345,259197,ALL
210,180,0.100699,259197,ALL
215,180,0.091826,259197,ALL
220,180,0.083759,259197,ALL
225,180,0.07661,259197,ALL
230,180,0.07009,259197,ALL
235,180,0.064021,259197,ALL
240,180,0.058326,259197,ALL
245,180,0.052898,259197,ALL
250,180,0.047944,259197,ALL
255,180,0.043561,259197,ALL
260,180,0.039429,259197,ALL
265,180,0.035764,259197,ALL
270,180,0.032253,259197,ALL
275,180,0.029279,259197,ALL
280,180,0.02654,259197,ALL
285,180,0.024136,259197,ALL
290,180,0.021868,259197,ALL
295,180,0.019985,259197,ALL
300,180,0.01821,259197,ALL
305,180,0.016551,259197,ALL
310,180,0.015073,259197,ALL
315,180,0.013692,259197,ALL
320,180,0.012423,259197,ALL
325,180,0.011262,259197,ALL
330,180,0.010151,259197,ALL
335,180,0.009236,259197,ALL
340,180,0.008457,259197,ALL
345,180,0.007716,259197,ALL
350,180,0.006968,259197,ALL
355,180,0.006273,259197,ALL
360,180,0.005675,259197,ALL
365,180,0.005166,259197,ALL
370,180,0.004711,259197,ALL
375,180,0.004225,259197,ALL
380,180,0.003827,259197,ALL
385,180,0.003445,259197,ALL
390,180,0.003148,259197,ALL
395,180,0.002874,259197,ALL
400,180,0.002581,259197,ALL
405,180,0.002315,259197,ALL
410,180,0.002141,259197,ALL
415,180,0.001929,259197,ALL
420,180,0.001725,259197,ALL
425,180,0.001547,259197,ALL
430,180,0.001408,259197,ALL
435,180,0.001254,259197,ALL
440,180,0.001146,259197,ALL
445,180,0.001026,259197,ALL
450,180,0.000918,259197,ALL
455,180,0.000826,259197,ALL
460,180,0.000721,259197,ALL
465,180,0.000664,259197,ALL
470,180,0.00059,259197,ALL
475,180,0.000536,259197,ALL
480,180,0.000486,259197,ALL
485,180,0.000444,259197,ALL
490,180,0.000409,259197,ALL
495,180,0.000347,259197,ALL
500,180,0.000301,259197,ALL
505,180,0.000274,259197,ALL
510,180,0.000258,259197,ALL
515,180,0.000235,259197,ALL
520,180,0.000216,259197,ALL
525,180,0.000193,259197,ALL
530,180,0.000166,259197,ALL
535,180,0.000147,259197,ALL
540,180,0.000131,259197,ALL
545,180,0.00012,259197,ALL
550,180,0.000112,259197,ALL
555,180,0.000104,259197,ALL
560,180,9.3e-05,259197,ALL
565,180,8.5e-05,259197,ALL
570,180,7.7e-05,259197,ALL
575,180,7.7e-05,259197,ALL
580,180,6.2e-05,259197,ALL
585,180,5e-05,259197,ALL
590,180,5e-05,259197,ALL
595,180,4.6e-05,259197,ALL
600,180,3.9e-05,259197,ALL
605,180,3.1e-05,259197,ALL
610,180,2.7e-05,259197,ALL
615,180,2.3e-05,259197,ALL
620,180,1.5e-05,259197,ALL
625,180,1.2e-05,259197,ALL
630,180,1.2e-05,259197,ALL
635,180,8e-06,259197,ALL
640,180,4e-06,259197,ALL
645,180,4e-06,259197,ALL
650,180,4e-06,259197,ALL
655,180,4e-06,259197,ALL
660,180,4e-06,259197,ALL
665,180,4e-06,259197,ALL
670,180,0.0,259197,ALL
675,180,0.0,259197,ALL
680,180,0.0,259197,ALL
685,180,0.0,259197,ALL
690,180,0.0,259197,ALL
695,180,0.0,259197,ALL
700,180,0.0,259197,ALL
705,180,0.0,259197,ALL
710,180,0.0,259197,ALL
715,180,0.0,259197,ALL
720,180,0.0,259197,ALL
725,180,0.0,259197,ALL
730,180,0.0,259197,ALL
735,180,0.0,259197,ALL
740,180,0.0,259197,ALL
745,180,0.0,259197,ALL
750,180,0.0,259197,ALL
755,180,0.0,259197,ALL
760,180,0.0,259197,ALL
765,180,0.0,259197,ALL
770,180,0.0,259197,ALL
775,180,0.0,259197,ALL
780,180,0.0,259197,ALL
785,180,0.0,259197,ALL
790,180,0.0,259197,ALL
795,180,0.0,259197,ALL
800,180,0.0,259197,ALL
805,180,0.0,259197,ALL
810,180,0.0,259197,ALL
815,180,0.0,259197,ALL
820,180,0.0,259197,ALL
825,180,0.0,259197,ALL
830,180,0.0,259197,ALL
835,180,0.0,259197,ALL
840,180,0.0,259197,ALL
845,180,0.0,259197,ALL
850,180,0.0,259197,ALL
855,180,0.0,259197,ALL
860,180,0.0,259197,ALL
865,180,0.0,259197,ALL
870,180,0.0,259197,ALL
875,180,0.0,259197,ALL
880,180,0.0,259197,ALL
885,180,0.0,259197,ALL
890,180,0.0,259197,ALL
895,180,0.0,259197,ALL
900,180,0.0,259197,ALL
905,180,0.0,259197,ALL
910,180,0.0,259197,ALL
915,180,0.0,259197,ALL
920,180,0.0,259197,ALL
925,180,0.0,259197,ALL
930,180,0.0,259197,ALL
935,180,0.0,259197,ALL
940,180,0.0,259197,ALL
945,180,0.0,259197,ALL
950,180,0.0,259197,ALL
955,180,0.0,259197,ALL
960,180,0.0,259197,ALL
965,180,0.0,259197,ALL
970,180,0.0,259197,ALL
975,180,0.0,259197,ALL
980,180,0.0,259197,ALL
985,180,0.0,259197,ALL
990,180,0.0,259197,ALL
995,180,0.0,259197,ALL
1000,180,0.0,259197,ALL
1005,180,0.0,259197,ALL
1010,180,0.0,259197,ALL
1015,180,0.0,259197,ALL
1020,180,0.0,259197,ALL
1025,180,0.0,259197,ALL
1030,180,0.0,259197,ALL
1035,180,0.0,259197,ALL
1040,180,0.0,259197,ALL
1045,180,0.0,259197,ALL
1050,180,0.0,259197,ALL
1055,180,0.0,259197,ALL
1060,180,0.0,259197,ALL
1065,180,0.0,259197,ALL
1070,180,0.0,259197,ALL
1075,180,0.0,259197,ALL
1080,180,0.0,259197,ALL
1085,180,0.0,259197,ALL
1090,180,0.0,259197,ALL
1095,180,0.0,259197,ALL
1100,180,0.0,259197,ALL
1105,180,0.0,259197,ALL
1110,180,0.0,259197,ALL
1115,180,0.0,259197,ALL
1120,180,0.0,259197,ALL
1125,180,0.0,259197,ALL
1130,180,0.0,259197,ALL
1135,180,0.0,259197,ALL
1140,180,0.0,259197,ALL
1145,180,0.0,259197,ALL
1150,180,0.0,259197,ALL
1155,180,0.0,259197,ALL
1160,180,0.0,259197,ALL
1165,180,0.0,259197,ALL
1170,180,0.0,259197,ALL
1175,180,0.0,259197,ALL
1180,180,0.0,259197,ALL
1185,180,0.0,259197,ALL
1190,180,0.0,259197,ALL
1195,180,0.0,259197,ALL
1200,180,0.0,259197,ALL
1205,180,0.0,259197,ALL
1210,180,0.0,259197,ALL
1215,180,0.0,259197,ALL
1220,180,0.0,259197,ALL
1225,180,0.0,259197,ALL
1230,180,0.0,259197,ALL
1235,180,0.0,259197,ALL
1240,180,0.0,259197,ALL
1245,180,0.0,259197,ALL
1250,180,0.0,259197,ALL
1255,180,0.0,259197,ALL
1260,180,0.0,259197,ALL
1265,180,0.0,259197,ALL
1270,180,0.0,259197,ALL
1275,180,0.0,259197,ALL
1280,180,0.0,259197,ALL
1285,180,0.0,259197,ALL
1290,180,0.0,259197,ALL
1295,180,0.0,259197,ALL
1300,180,0.0,259197,ALL
1305,180,0.0,259197,ALL
1310,180,0.0,259197,ALL
1315,180,0.0,259197,ALL
1320,180,0.0,259197,ALL
1325,180,0.0,259197,ALL
1330,180,0.0,259197,ALL
1335,180,0.0,259197,ALL
1340,180,0.0,259197,ALL
1345,180,0.0,259197,ALL
1350,180,0.0,259197,ALL
1355,180,0.0,259197,ALL
1360,180,0.0,259197,ALL
1365,180,0.0,259197,ALL
1370,180,0.0,259197,ALL
1375,180,0.0,259197,ALL
1380,180,0.0,259197,ALL
1385,180,0.0,259197,ALL
1390,180,0.0,259197,ALL
1395,180,0.0,259197,ALL
1400,180,0.0,259197,ALL
1405,180,0.0,259197,ALL
1410,180,0.0,259197,ALL
1415,180,0.0,259197,ALL
1420,180,0.0,259197,ALL
1425,180,0.0,259197,ALL
1430,180,0.0,259197,ALL
1435,180,0.0,259197,ALL
1440,180,0.0,259197,ALL
1445,180,0.0,259197,ALL
1450,180,0.0,259197,ALL
1455,180,0.0,259197,ALL
1460,180,0.0,259197,ALL
1465,180,0.0,259197,ALL
1470,180,0.0,259197,ALL
1475,180,0.0,259197,ALL
1480,180,0.0,259197,ALL
1485,180,0.0,259197,ALL
1490,180,0.0,259197,ALL
1495,180,0.0,259197,ALL
1500,180,0.0,259197,ALL
1505,180,0.0,259197,ALL
1510,180,0.0,259197,ALL
1515,180,0.0,259197,ALL
1520,180,0.0,259197,ALL
1525,180,0.0,259197,ALL
1530,180,0.0,259197,ALL
1535,180,0.0,259197,ALL
1540,180,0.0,259197,ALL
1545,180,0.0,259197,ALL
1550,180,0.0,259197,ALL
1555,180,0.0,259197,ALL
1560,180,0.0,259197,ALL
1565,180,0.0,259197,ALL
1570,180,0.0,259197,ALL
1575,180,0.0,259197,ALL
1580,180,0.0,259197,ALL
1585,180,0.0,259197,ALL
1590,180,0.0,259197,ALL
1595,180,0.0,259197,ALL
1600,180,0.0,259197,ALL
1605,180,0.0,259197,ALL
1610,180,0.0,259197,ALL
1615,180,0.0,259197,ALL
1620,180,0.0,259197,ALL
1625,180,0.0,259197,ALL
1630,180,0.0,259197,ALL
1635,180,0.0,259197,ALL
1640,180,0.0,259197,ALL
1645,180,0.0,259197,ALL
1650,180,0.0,259197,ALL
1655,180,0.0,259197,ALL
1660,180,0.0,259197,ALL
1665,180,0.0,259197,ALL
1670,180,0.0,259197,ALL
1675,180,0.0,259197,ALL
1680,180,0.0,259197,ALL
1685,180,0.0,259197,ALL
1690,180,0.0,259197,ALL
1695,180,0.0,259197,ALL
1700,180,0.0,259197,ALL
1705,180,0.0,259197,ALL
1710,180,0.0,259197,ALL
1715,180,0.0,259197,ALL
1720,180,0.0,259197,ALL
1725,180,0.0,259197,ALL
1730,180,0.0,259197,ALL
1735,180,0.0,259197,ALL
1740,180,0.0,259197,ALL
1745,180,0.0,259197,ALL
1750,180,0.0,259197,ALL
1755,180,0.0,259197,ALL
1760,180,0.0,259197,ALL
1765,180,0.0,259197,ALL
1770,180,0.0,259197,ALL
1775,180,0.0,259197,ALL
1780,180,0.0,259197,ALL
1785,180,0.0,259197,ALL
1790,180,0.0,259197,ALL
1795,180,0.0,259197,ALL
1800,180,0.0,259197,ALL
1805,180,0.0,259197,ALL
1810,180,0.0,259197,ALL
1815,180,0.0,259197,ALL
1820,180,0.0,259197,ALL
1825,180,0.0,259197,ALL
1830,180,0.0,259197,ALL
1835,180,0.0,259197,ALL
1840,180,0.0,259197,ALL
1845,180,0.0,259197,ALL
1850,180,0.0,259197,ALL
1855,180,0.0,259197,ALL
1860,180,0.0,259197,ALL
1865,180,0.0,259197,ALL
1870,180,0.0,259197,ALL
1875,180,0.0,259197,ALL
1880,180,0.0,259197,ALL
1885,180,0.0,259197,ALL
1890,180,0.0,259197,ALL
1895,180,0.0,259197,ALL
1900,180,0.0,259197,ALL
1905,180,0.0,259197,ALL
1910,180,0.0,259197,ALL
1915,180,0.0,259197,ALL
1920,180,0.0,259197,ALL
1925,180,0.0,259197,ALL
1930,180,0.0,259197,ALL
1935,180,0.0,259197,ALL
1940,180,0.0,259197,ALL
1945,180,0.0,259197,ALL
1950,180,0.0,259197,ALL
1955,180,0.0,259197,ALL
1960,180,0.0,259197,ALL
1965,180,0.0,259197,ALL
1970,180,0.0,259197,ALL
1975,180,0.0,259197,ALL
1980,180,0.0,259197,ALL
1985,180,0.0,259197,ALL
1990,180,0.0,259197,ALL
1995,180,0.0,259197,ALL
2000,180,0.0,259197,ALL
50,180,0.913025,70020,ASIA
55,180,0.873736,70020,ASIA
60,180,0.829849,70020,ASIA
65,180,0.782134,70020,ASIA
70,180,0.733605,70020,ASIA
75,180,0.683605,70020,ASIA
80,180,0.633176,70020,ASIA
85,180,0.585304,70020,ASIA
90,180,0.539732,70020,ASIA
95,180,0.49583,70020,ASIA
100,180,0.454213,70020,ASIA
105,180,0.415296,70020,ASIA
110,180,0.377649,70020,ASIA
115,180,0.343745,70020,ASIA
120,180,0.311825,70020,ASIA
125,180,0.283976,70020,ASIA
130,180,0.256727,70020,ASIA
135,180,0.231048,70020,ASIA
140,180,0.209112,70020,ASIA
145,180,0.188675,70020,ASIA
150,180,0.170751,70020,ASIA
155,180,0.152985,70020,ASIA
160,180,0.13629,70020,ASIA
165,180,0.12108,70020,ASIA
170,180,0.107926,70020,ASIA
175,180,0.096601,70020,ASIA
180,180,0.086347,70020,ASIA
185,180,0.077521,70020,ASIA
190,180,0.06878,70020,ASIA
195,180,0.060526,70020,ASIA
200,180,0.053542,70020,ASIA
205,180,0.047215,70020,ASIA
210,180,0.041131,70020,ASIA
215,180,0.035947,70020,ASIA
220,180,0.031491,70020,ASIA
225,180,0.027235,70020,ASIA
230,180,0.024093,70020,ASIA
235,180,0.02088,70020,ASIA
240,180,0.01858,70020,ASIA
245,180,0.016281,70020,ASIA
250,180,0.014096,70020,ASIA
255,180,0.012496,70020,ASIA
260,180,0.010797,70020,ASIA
265,180,0.009283,70020,ASIA
270,180,0.007941,70020,ASIA
275,180,0.007084,70020,ASIA
280,180,0.00627,70020,ASIA
285,180,0.005484,70020,ASIA
290,180,0.004827,70020,ASIA
295,180,0.004284,70020,ASIA
300,180,0.00357,70020,ASIA
305,180,0.003099,70020,ASIA
310,180,0.002728,70020,ASIA
315,180,0.002299,70020,ASIA
320,180,0.002028,70020,ASIA
325,180,0.001771,70020,ASIA
330,180,0.001385,70020,ASIA
335,180,0.001243,70020,ASIA
340,180,0.001114,70020,ASIA
345,180,0.001028,70020,ASIA
350,180,0.0009,70020,ASIA
355,180,0.000743,70020,ASIA
360,180,0.000571,70020,ASIA
365,180,0.000428,70020,ASIA
370,180,0.000386,70020,ASIA
375,180,0.000328,70020,ASIA
380,180,0.000286,70020,ASIA
385,180,0.000243,70020,ASIA
390,180,0.0002,70020,ASIA
395,180,0.000157,70020,ASIA
400,180,0.000129,70020,ASIA
405,180,0.0001,70020,ASIA
410,180,0.0001,70020,ASIA
415,180,7.1e-05,70020,ASIA
420,180,7.1e-05,70020,ASIA
425,180,7.1e-05,70020,ASIA
430,180,5.7e-05,70020,ASIA
435,180,4.3e-05,70020,ASIA
440,180,4.3e-05,70020,ASIA
445,180,4.3e-05,70020,ASIA
450,180,4.3e-05,70020,ASIA
455,180,4.3e-05,70020,ASIA
460,180,4.3e-05,70020,ASIA
465,180,4.3e-05,70020,ASIA
470,180,2.9e-05,70020,ASIA
475,180,2.9e-05,70020,ASIA
480,180,2.9e-05,70020,ASIA
485,180,2.9e-05,70020,ASIA
490,180,2.9e-05,70020,ASIA
495,180,1.4e-05,70020,ASIA
500,180,1.4e-05,70020,ASIA
505,180,0.0,70020,ASIA
510,180,0.0,70020,ASIA
515,180,0.0,70020,ASIA
520,180,0.0,70020,ASIA
525,180,0.0,70020,ASIA
530,180,0.0,70020,ASIA
535,180,0.0,70020,ASIA
540,180,0.0,70020,ASIA
545,180,0.0,70020,ASIA
550,180,0.0,70020,ASIA
555,180,0.0,70020,ASIA
560,180,0.0,70020,ASIA
565,180,0.0,70020,ASIA
570,180,0.0,70020,ASIA
575,180,0.0,70020,ASIA
580,180,0.0,70020,ASIA
585,180,0.0,70020,ASIA
590,180,0.0,70020,ASIA
595,180,0.0,70020,ASIA
600,180,0.0,70020,ASIA
605,180,0.0,70020,ASIA
610,180,0.0,70020,ASIA
615,180,0.0,70020,ASIA
620,180,0.0,70020,ASIA
625,180,0.0,70020,ASIA
630,180,0.0,70020,ASIA
635,180,0.0,70020,ASIA
640,180,0.0,70020,ASIA
645,180,0.0,70020,ASIA
650,180,0.0,70020,ASIA
655,180,0.0,70020,ASIA
660,180,0.0,70020,ASIA
665,180,0.0,70020,ASIA
670,180,0.0,70020,ASIA
675,180,0.0,70020,ASIA
680,180,0.0,70020,ASIA
685,180,0.0,70020,ASIA
690,180,0.0,70020,ASIA
695,180,0.0,70020,ASIA
700,180,0.0,70020,ASIA
705,180,0.0,70020,ASIA
710,180,0.0,70020,ASIA
715,180,0.0,70020,ASIA
720,180,0.0,70020,ASIA
725,180,0.0,70020,ASIA
730,180,0.0,70020,ASIA
735,180,0.0,70020,ASIA
740,180,0.0,70020,ASIA
745,180,0.0,70020,ASIA
750,180,0.0,70020,ASIA
755,180,0.0,70020,ASIA
760,180,0.0,70020,ASIA
765,180,0.0,70020,ASIA
770,180,0.0,70020,ASIA
775,180,0.0,70020,ASIA
780,180,0.0,70020,ASIA
785,180,0.0,70020,ASIA
790,180,0.0,70020,ASIA
795,180,0.0,70020,ASIA
800,180,0.0,70020,ASIA
805,180,0.0,70020,ASIA
810,180,0.0,70020,ASIA
815,180,0.0,70020,ASIA
820,180,0.0,70020,ASIA
825,180,0.0,70020,ASIA
830,180,0.0,70020,ASIA
835,180,0.0,70020,ASIA
840,180,0.0,70020,ASIA
845,180,0.0,70020,ASIA
850,180,0.0,70020,ASIA
855,180,0.0,70020,ASIA
860,180,0.0,70020,ASIA
865,180,0.0,70020,ASIA
870,180,0.0,70020,ASIA
875,180,0.0,70020,ASIA
880,180,0.0,70020,ASIA
885,180,0.0,70020,ASIA
890,180,0.0,70020,ASIA
895,180,0.0,70020,ASIA
900,180,0.0,70020,ASIA
905,180,0.0,70020,ASIA
910,180,0.0,70020,ASIA
915,180,0.0,70020,ASIA
920,180,0.0,70020,ASIA
925,180,0.0,70020,ASIA
930,180,0.0,70020,ASIA
935,180,0.0,70020,ASIA
940,180,0.0,70020,ASIA
945,180,0.0,70020,ASIA
950,180,0.0,70020,ASIA
955,180,0.0,70020,ASIA
960,180,0.0,70020,ASIA
965,180,0.0,70020,ASIA
970,180,0.0,70020,ASIA
975,180,0.0,70020,ASIA
980,180,0.0,70020,ASIA
985,180,0.0,70020,ASIA
990,180,0.0,70020,ASIA
995,180,0.0,70020,ASIA
1000,180,0.0,70020,ASIA
1005,180,0.0,70020,ASIA
1010,180,0.0,70020,ASIA
1015,180,0.0,70020,ASIA
1020,180,0.0,70020,ASIA
1025,180,0.0,70020,ASIA
1030,180,0.0,70020,ASIA
1035,180,0.0,70020,ASIA
1040,180,0.0,70020,ASIA
1045,180,0.0,70020,ASIA
1050,180,0.0,70020,ASIA
1055,180,0.0,70020,ASIA
1060,180,0.0,70020,ASIA
1065,180,0.0,70020,ASIA
1070,180,0.0,70020,ASIA
1075,180,0.0,70020,ASIA
1080,180,0.0,70020,ASIA
1085,180,0.0,70020,ASIA
1090,180,0.0,70020,ASIA
1095,180,0.0,70020,ASIA
1100,180,0.0,70020,ASIA
1105,180,0.0,70020,ASIA
1110,180,0.0,70020,ASIA
1115,180,0.0,70020,ASIA
1120,180,0.0,70020,ASIA
1125,180,0.0,70020,ASIA
1130,180,0.0,70020,ASIA
1135,180,0.0,70020,ASIA
1140,180,0.0,70020,ASIA
1145,180,0.0,70020,ASIA
1150,180,0.0,70020,ASIA
1155,180,0.0,70020,ASIA
1160,180,0.0,70020,ASIA
1165,180,0.0,70020,ASIA
1170,180,0.0,70020,ASIA
1175,180,0.0,70020,ASIA
1180,180,0.0,70020,ASIA
1185,180,0.0,70020,ASIA
1190,180,0.0,70020,ASIA
1195,180,0.0,70020,ASIA
1200,180,0.0,70020,ASIA
1205,180,0.0,70020,ASIA
1210,180,0.0,70020,ASIA
1215,180,0.0,70020,ASIA
1220,180,0.0,70020,ASIA
1225,180,0.0,70020,ASIA
1230,180,0.0,70020,ASIA
1235,180,0.0,70020,ASIA
1240,180,0.0,70020,ASIA
1245,180,0.0,70020,ASIA
1250,180,0.0,70020,ASIA
1255,180,0.0,70020,ASIA
1260,180,0.0,70020,ASIA
1265,180,0.0,70020,ASIA
1270,180,0.0,70020,ASIA
1275,180,0.0,70020,ASIA
1280,180,0.0,70020,ASIA
1285,180,0.0,70020,ASIA
1290,180,0.0,70020,ASIA
1295,180,0.0,70020,ASIA
1300,180,0.0,70020,ASIA
1305,180,0.0,70020,ASIA
1310,180,0.0,70020,ASIA
1315,180,0.0,70020,ASIA
1320,180,0.0,70020,ASIA
1325,180,0.0,70020,ASIA
1330,180,0.0,70020,ASIA
1335,180,0.0,70020,ASIA
1340,180,0.0,70020,ASIA
1345,180,0.0,70020,ASIA
1350,180,0.0,70020,ASIA
1355,180,0.0,70020,ASIA
1360,180,0.0,70020,ASIA
1365,180,0.0,70020,ASIA
1370,180,0.0,70020,ASIA
1375,180,0.0,70020,ASIA
1380,180,0.0,70020,ASIA
1385,180,0.0,70020,ASIA
1390,180,0.0,70020,ASIA
1395,180,0.0,70020,ASIA
1400,180,0.0,70020,ASIA
1405,180,0.0,70020,ASIA
1410,180,0.0,70020,ASIA
1415,180,0.0,70020,ASIA
1420,180,0.0,70020,ASIA
1425,180,0.0,70020,ASIA
1430,180,0.0,70020,ASIA
1435,180,0.0,70020,ASIA
1440,180,0.0,70020,ASIA
1445,180,0.0,70020,ASIA
1450,180,0.0,70020,ASIA
1455,180,0.0,70020,ASIA
1460,180,0.0,70020,ASIA
1465,180,0.0,70020,ASIA
1470,180,0.0,70020,ASIA
1475,180,0.0,70020,ASIA
1480,180,0.0,70020,ASIA
1485,180,0.0,70020,ASIA
1490,180,0.0,70020,ASIA
1495,180,0.0,70020,ASIA
1500,180,0.0,70020,ASIA
1505,180,0.0,70020,ASIA
1510,180,0.0,70020,ASIA
1515,180,0.0,70020,ASIA
1520,180,0.0,70020,ASIA
1525,180,0.0,70020,ASIA
1530,180,0.0,70020,ASIA
1535,180,0.0,70020,ASIA
1540,180,0.0,70020,ASIA
1545,180,0.0,70020,ASIA
1550,180,0.0,70020,ASIA
1555,180,0.0,70020,ASIA
1560,180,0.0,70020,ASIA
1565,180,0.0,70020,ASIA
1570,180,0.0,70020,ASIA
1575,180,0.0,70020,ASIA
1580,180,0.0,70020,ASIA
1585,180,0.0,70020,ASIA
1590,180,0.0,70020,ASIA
1595,180,0.0,70020,ASIA
1600,180,0.0,70020,ASIA
1605,180,0.0,70020,ASIA
1610,180,0.0,70020,ASIA
1615,180,0.0,70020,ASIA
1620,180,0.0,70020,ASIA
1625,180,0.0,70020,ASIA
1630,180,0.0,70020,ASIA
1635,180,0.0,70020,ASIA
1640,180,0.0,70020,ASIA
1645,180,0.0,70020,ASIA
1650,180,0.0,70020,ASIA
1655,180,0.0,70020,ASIA
1660,180,0.0,70020,ASIA
1665,180,0.0,70020,ASIA
1670,180,0.0,70020,ASIA
1675,180,0.0,70020,ASIA
1680,180,0.0,70020,ASIA
1685,180,0.0,70020,ASIA
1690,180,0.0,70020,ASIA
1695,180,0.0,70020,ASIA
1700,180,0.0,70020,ASIA
1705,180,0.0,70020,ASIA
1710,180,0.0,70020,ASIA
1715,180,0.0,70020,ASIA
1720,180,0.0,70020,ASIA
1725,180,0.0,70020,ASIA
1730,180,0.0,70020,ASIA
1735,180,0.0,70020,ASIA
1740,180,0.0,70020,ASIA
1745,180,0.0,70020,ASIA
1750,180,0.0,70020,ASIA
1755,180,0.0,70020,ASIA
1760,180,0.0,70020,ASIA
1765,180,0.0,70020,ASIA
1770,180,0.0,70020,ASIA
1775,180,0.0,70020,ASIA
1780,180,0.0,70020,ASIA
1785,180,0.0,70020,ASIA
1790,180,0.0,70020,ASIA
1795,180,0.0,70020,ASIA
1800,180,0.0,70020,ASIA
1805,180,0.0,70020,ASIA
1810,180,0.0,70020,ASIA
1815,180,0.0,70020,ASIA
1820,180,0.0,70020,ASIA
1825,180,0.0,70020,ASIA
1830,180,0.0,70020,ASIA
1835,180,0.0,70020,ASIA
1840,180,0.0,70020,ASIA
1845,180,0.0,70020,ASIA
1850,180,0.0,70020,ASIA
1855,180,0.0,70020,ASIA
1860,180,0.0,70020,ASIA
1865,180,0.0,70020,ASIA
1870,180,0.0,70020,ASIA
1875,180,0.0,70020,ASIA
1880,180,0.0,70020,ASIA
1885,180,0.0,70020,ASIA
1890,180,0.0,70020,ASIA
1895,180,0.0,70020,ASIA
1900,180,0.0,70020,ASIA
1905,180,0.0,70020,ASIA
1910,180,0.0,70020,ASIA
1915,180,0.0,70020,ASIA
1920,180,0.0,70020,ASIA
1925,180,0.0,70020,ASIA
1930,180,0.0,70020,ASIA
1935,180,0.0,70020,ASIA
1940,180,0.0,70020,ASIA
1945,180,0.0,70020,ASIA
1950,180,0.0,70020,ASIA
1955,180,0.0,70020,ASIA
1960,180,0.0,70020,ASIA
1965,180,0.0,70020,ASIA
1970,180,0.0,70020,ASIA
1975,180,0.0,70020,ASIA
1980,180,0.0,70020,ASIA
1985,180,0.0,70020,ASIA
1990,180,0.0,70020,ASIA
1995,180,0.0,70020,ASIA
2000,180,0.0,70020,ASIA
50,180,0.960208,43200,EU
55,180,0.936366,43200,EU
60,180,0.907824,43200,EU
65,180,0.874306,43200,EU
70,180,0.836389,43200,EU
75,180,0.796852,43200,EU
80,180,0.754699,43200,EU
85,180,0.71412,43200,EU
90,180,0.673194,43200,EU
95,180,0.632199,43200,EU
100,180,0.592639,43200,EU
105,180,0.552639,43200,EU
110,180,0.516944,43200,EU
115,180,0.481736,43200,EU
120,180,0.448657,43200,EU
125,180,0.415162,43200,EU
130,180,0.385116,43200,EU
135,180,0.356759,43200,EU
140,180,0.327477,43200,EU
145,180,0.302106,43200,EU
150,180,0.278102,43200,EU
155,180,0.254097,43200,EU
160,180,0.233611,43200,EU
165,180,0.214676,43200,EU
170,180,0.196875,43200,EU
175,180,0.180463,43200,EU
180,180,0.164676,43200,EU
185,180,0.149838,43200,EU
190,180,0.135556,43200,EU
195,180,0.123287,43200,EU
200,180,0.112685,43200,EU
205,180,0.102292,43200,EU
210,180,0.092546,43200,EU
215,180,0.084375,43200,EU
220,180,0.076898,43200,EU
225,180,0.07,43200,EU
230,180,0.063935,43200,EU
235,180,0.058287,43200,EU
240,180,0.05206,43200,EU
245,180,0.046065,43200,EU
250,180,0.041505,43200,EU
255,180,0.036921,43200,EU
260,180,0.033148,43200,EU
265,180,0.029352,43200,EU
270,180,0.026389,43200,EU
275,180,0.023657,43200,EU
280,180,0.020972,43200,EU
285,180,0.018819,43200,EU
290,180,0.016481,43200,EU
295,180,0.014792,43200,EU
300,180,0.013565,43200,EU
305,180,0.0125,43200,EU
310,180,0.011111,43200,EU
315,180,0.009977,43200,EU
320,180,0.008843,43200,EU
325,180,0.007801,43200,EU
330,180,0.00713,43200,EU
335,180,0.006296,43200,EU
340,180,0.005903,43200,EU
345,180,0.00537,43200,EU
350,180,0.004792,43200,EU
355,180,0.004421,43200,EU
360,180,0.004028,43200,EU
365,180,0.00338,43200,EU
370,180,0.003056,43200,EU
375,180,0.002755,43200,EU
380,180,0.002477,43200,EU
385,180,0.002176,43200,EU
390,180,0.001921,43200,EU
395,180,0.001736,43200,EU
400,180,0.001366,43200,EU
405,180,0.001273,43200,EU
410,180,0.001157,43200,EU
415,180,0.000995,43200,EU
420,180,0.000856,43200,EU
425,180,0.000764,43200,EU
430,180,0.000671,43200,EU
435,180,0.000671,43200,EU
440,180,0.000602,43200,EU
445,180,0.000532,43200,EU
450,180,0.000394,43200,EU
455,180,0.000347,43200,EU
460,180,0.000324,43200,EU
465,180,0.000255,43200,EU
470,180,0.000231,43200,EU
475,180,0.000139,43200,EU
480,180,0.000116,43200,EU
485,180,9.3e-05,43200,EU
490,180,9.3e-05,43200,EU
495,180,9.3e-05,43200,EU
500,180,6.9e-05,43200,EU
505,180,4.6e-05,43200,EU
510,180,4.6e-05,43200,EU
515,180,4.6e-05,43200,EU
520,180,4.6e-05,43200,EU
525,180,4.6e-05,43200,EU
530,180,4.6e-05,43200,EU
535,180,4.6e-05,43200,EU
540,180,4.6e-05,43200,EU
545,180,4.6e-05,43200,EU
550,180,4.6e-05,43200,EU
555,180,4.6e-05,43200,EU
560,180,2.3e-05,43200,EU
565,180,2.3e-05,43200,EU
570,180,2.3e-05,43200,EU
575,180,2.3e-05,43200,EU
580,180,0.0,43200,EU
585,180,0.0,43200,EU
590,180,0.0,43200,EU
595,180,0.0,43200,EU
600,180,0.0,43200,EU
605,180,0.0,43200,EU
610,180,0.0,43200,EU
615,180,0.0,43200,EU
620,180,0.0,43200,EU
625,180,0.0,43200,EU
630,180,0.0,43200,EU
635,180,0.0,43200,EU
640,180,0.0,43200,EU
645,180,0.0,43200,EU
650,180,0.0,43200,EU
655,180,0.0,43200,EU
660,180,0.0,43200,EU
665,180,0.0,43200,EU
670,180,0.0,43200,EU
675,180,0.0,43200,EU
680,180,0.0,43200,EU
685,180,0.0,43200,EU
690,180,0.0,43200,EU
695,180,0.0,43200,EU
700,180,0.0,43200,EU
705,180,0.0,43200,EU
710,180,0.0,43200,EU
715,180,0.0,43200,EU
720,180,0.0,43200,EU
725,180,0.0,43200,EU
730,180,0.0,43200,EU
735,180,0.0,43200,EU
740,180,0.0,43200,EU
745,180,0.0,43200,EU
750,180,0.0,43200,EU
755,180,0.0,43200,EU
760,180,0.0,43200,EU
765,180,0.0,43200,EU
770,180,0.0,43200,EU
775,180,0.0,43200,EU
780,180,0.0,43200,EU
785,180,0.0,43200,EU
790,180,0.0,43200,EU
795,180,0.0,43200,EU
800,180,0.0,43200,EU
805,180,0.0,43200,EU
810,180,0.0,43200,EU
815,180,0.0,43200,EU
820,180,0.0,43200,EU
825,180,0.0,43200,EU
830,180,0.0,43200,EU
835,180,0.0,43200,EU
840,180,0.0,43200,EU
845,180,0.0,43200,EU
850,180,0.0,43200,EU
855,180,0.0,43200,EU
860,180,0.0,43200,EU
865,180,0.0,43200,EU
870,180,0.0,43200,EU
875,180,0.0,43200,EU
880,180,0.0,43200,EU
885,180,0.0,43200,EU
890,180,0.0,43200,EU
895,180,0.0,43200,EU
900,180,0.0,43200,EU
905,180,0.0,43200,EU
910,180,0.0,43200,EU
915,180,0.0,43200,EU
920,180,0.0,43200,EU
925,180,0.0,43200,EU
930,180,0.0,43200,EU
935,180,0.0,43200,EU
940,180,0.0,43200,EU
945,180,0.0,43200,EU
950,180,0.0,43200,EU
955,180,0.0,43200,EU
960,180,0.0,43200,EU
965,180,0.0,43200,EU
970,180,0.0,43200,EU
975,180,0.0,43200,EU
980,180,0.0,43200,EU
985,180,0.0,43200,EU
990,180,0.0,43200,EU
995,180,0.0,43200,EU
1000,180,0.0,43200,EU
1005,180,0.0,43200,EU
1010,180,0.0,43200,EU
1015,180,0.0,43200,EU
1020,180,0.0,43200,EU
1025,180,0.0,43200,EU
1030,180,0.0,43200,EU
1035,180,0.0,43200,EU
1040,180,0.0,43200,EU
1045,180,0.0,43200,EU
1050,180,0.0,43200,EU
1055,180,0.0,43200,EU
1060,180,0.0,43200,EU
1065,180,0.0,43200,EU
1070,180,0.0,43200,EU
1075,180,0.0,43200,EU
1080,180,0.0,43200,EU
1085,180,0.0,43200,EU
1090,180,0.0,43200,EU
1095,180,0.0,43200,EU
1100,180,0.0,43200,EU
1105,180,0.0,43200,EU
1110,180,0.0,43200,EU
1115,180,0.0,43200,EU
1120,180,0.0,43200,EU
1125,180,0.0,43200,EU
1130,180,0.0,43200,EU
1135,180,0.0,43200,EU
1140,180,0.0,43200,EU
1145,180,0.0,43200,EU
1150,180,0.0,43200,EU
1155,180,0.0,43200,EU
1160,180,0.0,43200,EU
1165,180,0.0,43200,EU
1170,180,0.0,43200,EU
1175,180,0.0,43200,EU
1180,180,0.0,43200,EU
1185,180,0.0,43200,EU
1190,180,0.0,43200,EU
1195,180,0.0,43200,EU
1200,180,0.0,43200,EU
1205,180,0.0,43200,EU
1210,180,0.0,43200,EU
1215,180,0.0,43200,EU
1220,180,0.0,43200,EU
1225,180,0.0,43200,EU
1230,180,0.0,43200,EU
1235,180,0.0,43200,EU
1240,180,0.0,43200,EU
1245,180,0.0,43200,EU
1250,180,0.0,43200,EU
1255,180,0.0,43200,EU
1260,180,0.0,43200,EU
1265,180,0.0,43200,EU
1270,180,0.0,43200,EU
1275,180,0.0,43200,EU
1280,180,0.0,43200,EU
1285,180,0.0,43200,EU
1290,180,0.0,43200,EU
1295,180,0.0,43200,EU
1300,180,0.0,43200,EU
1305,180,0.0,43200,EU
1310,180,0.0,43200,EU
1315,180,0.0,43200,EU
1320,180,0.0,43200,EU
1325,180,0.0,43200,EU
1330,180,0.0,43200,EU
1335,180,0.0,43200,EU
1340,180,0.0,43200,EU
1345,180,0.0,43200,EU
1350,180,0.0,43200,EU
1355,180,0.0,43200,EU
1360,180,0.0,43200,EU
1365,180,0.0,43200,EU
1370,180,0.0,43200,EU
1375,180,0.0,43200,EU
1380,180,0.0,43200,EU
1385,180,0.0,43200,EU
1390,180,0.0,43200,EU
1395,180,0.0,43200,EU
1400,180,0.0,43200,EU
1405,180,0.0,43200,EU
1410,180,0.0,43200,EU
1415,180,0.0,43200,EU
1420,180,0.0,43200,EU
1425,180,0.0,43200,EU
1430,180,0.0,43200,EU
1435,180,0.0,43200,EU
1440,180,0.0,43200,EU
1445,180,0.0,43200,EU
1450,180,0.0,43200,EU
1455,180,0.0,43200,EU
1460,180,0.0,43200,EU
1465,180,0.0,43200,EU
1470,180,0.0,43200,EU
1475,180,0.0,43200,EU
1480,180,0.0,43200,EU
1485,180,0.0,43200,EU
1490,180,0.0,43200,EU
1495,180,0.0,43200,EU
1500,180,0.0,43200,EU
1505,180,0.0,43200,EU
1510,180,0.0,43200,EU
1515,180,0.0,43200,EU
1520,180,0.0,43200,EU
1525,180,0.0,43200,EU
1530,180,0.0,43200,EU
1535,180,0.0,43200,EU
1540,180,0.0,43200,EU
1545,180,0.0,43200,EU
1550,180,0.0,43200,EU
1555,180,0.0,43200,EU
1560,180,0.0,43200,EU
1565,180,0.0,43200,EU
1570,180,0.0,43200,EU
1575,180,0.0,43200,EU
1580,180,0.0,43200,EU
1585,180,0.0,43200,EU
1590,180,0.0,43200,EU
1595,180,0.0,43200,EU
1600,180,0.0,43200,EU
1605,180,0.0,43200,EU
1610,180,0.0,43200,EU
1615,180,0.0,43200,EU
1620,180,0.0,43200,EU
1625,180,0.0,43200,EU
1630,180,0.0,43200,EU
1635,180,0.0,43200,EU
1640,180,0.0,43200,EU
1645,180,0.0,43200,EU
1650,180,0.0,43200,EU
1655,180,0.0,43200,EU
1660,180,0.0,43200,EU
1665,180,0.0,43200,EU
1670,180,0.0,43200,EU
1675,180,0.0,43200,EU
1680,180,0.0,43200,EU
1685,180,0.0,43200,EU
1690,180,0.0,43200,EU
1695,180,0.0,43200,EU
1700,180,0.0,43200,EU
1705,180,0.0,43200,EU
1710,180,0.0,43200,EU
1715,180,0.0,43200,EU
1720,180,0.0,43200,EU
1725,180,0.0,43200,EU
1730,180,0.0,43200,EU
1735,180,0.0,43200,EU
1740,180,0.0,43200,EU
1745,180,0.0,43200,EU
1750,180,0.0,43200,EU
1755,180,0.0,43200,EU
1760,180,0.0,43200,EU
1765,180,0.0,43200,EU
1770,180,0.0,43200,EU
1775,180,0.0,43200,EU
1780,180,0.0,43200,EU
1785,180,0.0,43200,EU
1790,180,0.0,43200,EU
1795,180,0.0,43200,EU
1800,180,0.0,43200,EU
1805,180,0.0,43200,EU
1810,180,0.0,43200,EU
1815,180,0.0,43200,EU
1820,180,0.0,43200,EU
1825,180,0.0,43200,EU
1830,180,0.0,43200,EU
1835,180,0.0,43200,EU
1840,180,0.0,43200,EU
1845,180,0.0,43200,EU
1850,180,0.0,43200,EU
1855,180,0.0,43200,EU
1860,180,0.0,43200,EU
1865,180,0.0,43200,EU
1870,180,0.0,43200,EU
1875,180,0.0,43200,EU
1880,180,0.0,43200,EU
1885,180,0.0,43200,EU
1890,180,0.0,43200,EU
1895,180,0.0,43200,EU
1900,180,0.0,43200,EU
1905,180,0.0,43200,EU
1910,180,0.0,43200,EU
1915,180,0.0,43200,EU
1920,180,0.0,43200,EU
1925,180,0.0,43200,EU
1930,180,0.0,43200,EU
1935,180,0.0,43200,EU
1940,180,0.0,43200,EU
1945,180,0.0,43200,EU
1950,180,0.0,43200,EU
1955,180,0.0,43200,EU
1960,180,0.0,43200,EU
1965,180,0.0,43200,EU
1970,180,0.0,43200,EU
1975,180,0.0,43200,EU
1980,180,0.0,43200,EU
1985,180,0.0,43200,EU
1990,180,0.0,43200,EU
1995,180,0.0,43200,EU
2000,180,0.0,43200,EU
50,180,0.929968,37797,EVENING
55,180,0.894912,37797,EVENING
60,180,0.855518,37797,EVENING
65,180,0.81107,37797,EVENING
70,180,0.765378,37797,EVENING
75,180,0.719449,37797,EVENING
80,180,0.671244,37797,EVENING
85,180,0.625685,37797,EVENING
90,180,0.580707,37797,EVENING
95,180,0.53745,37797,EVENING
100,180,0.496468,37797,EVENING
105,180,0.456306,37797,EVENING
110,180,0.41625,37797,EVENING
115,180,0.379898,37797,EVENING
120,180,0.34762,37797,EVENING
125,180,0.31693,37797,EVENING
130,180,0.288885,37797,EVENING
135,180,0.262402,37797,EVENING
140,180,0.239252,37797,EVENING
145,180,0.218324,37797,EVENING
150,180,0.196497,37797,EVENING
155,180,0.177501,37797,EVENING
160,180,0.159669,37797,EVENING
165,180,0.143715,37797,EVENING
170,180,0.129428,37797,EVENING
175,180,0.117496,37797,EVENING
180,180,0.105458,37797,EVENING
185,180,0.094082,37797,EVENING
190,180,0.084848,37797,EVENING
195,180,0.07535,37797,EVENING
200,180,0.067095,37797,EVENING
205,180,0.059714,37797,EVENING
210,180,0.053682,37797,EVENING
215,180,0.047729,37797,EVENING
220,180,0.042199,37797,EVENING
225,180,0.03749,37797,EVENING
230,180,0.033627,37797,EVENING
235,180,0.030426,37797,EVENING
240,180,0.02688,37797,EVENING
245,180,0.023467,37797,EVENING
250,180,0.020928,37797,EVENING
255,180,0.018996,37797,EVENING
260,180,0.016774,37797,EVENING
265,180,0.014895,37797,EVENING
270,180,0.012699,37797,EVENING
275,180,0.011244,37797,EVENING
280,180,0.009551,37797,EVENING
285,180,0.008519,37797,EVENING
290,180,0.007461,37797,EVENING
295,180,0.006561,37797,EVENING
300,180,0.0059,37797,EVENING
305,180,0.005265,37797,EVENING
310,180,0.004709,37797,EVENING
315,180,0.004365,37797,EVENING
320,180,0.003969,37797,EVENING
325,180,0.003704,37797,EVENING
330,180,0.003201,37797,EVENING
335,180,0.002699,37797,EVENING
340,180,0.002381,37797,EVENING
345,180,0.001931,37797,EVENING
350,180,0.001667,37797,EVENING
355,180,0.001455,37797,EVENING
360,180,0.001191,37797,EVENING
365,180,0.001058,37797,EVENING
370,180,0.000926,37797,EVENING
375,180,0.000741,37797,EVENING
380,180,0.000582,37797,EVENING
385,180,0.000476,37797,EVENING
390,180,0.00037,37797,EVENING
395,180,0.000291,37797,EVENING
400,180,0.000291,37797,EVENING
405,180,0.000212,37797,EVENING
410,180,0.000185,37797,EVENING
415,180,0.000132,37797,EVENING
420,180,0.000132,37797,EVENING
425,180,0.000132,37797,EVENING
430,180,0.000106,37797,EVENING
435,180,7.9e-05,37797,EVENING
440,180,2.6e-05,37797,EVENING
445,180,0.0,37797,EVENING
450,180,0.0,37797,EVENING
455,180,0.0,37797,EVENING
460,180,0.0,37797,EVENING
465,180,0.0,37797,EVENING
470,180,0.0,37797,EVENING
475,180,0.0,37797,EVENING
480,180,0.0,37797,EVENING
485,180,0.0,37797,EVENING
490,180,0.0,37797,EVENING
495,180,0.0,37797,EVENING
500,180,0.0,37797,EVENING
505,180,0.0,37797,EVENING
510,180,0.0,37797,EVENING
515,180,0.0,37797,EVENING
520,180,0.0,37797,EVENING
525,180,0.0,37797,EVENING
530,180,0.0,37797,EVENING
535,180,0.0,37797,EVENING
540,180,0.0,37797,EVENING
545,180,0.0,37797,EVENING
550,180,0.0,37797,EVENING
555,180,0.0,37797,EVENING
560,180,0.0,37797,EVENING
565,180,0.0,37797,EVENING
570,180,0.0,37797,EVENING
575,180,0.0,37797,EVENING
580,180,0.0,37797,EVENING
585,180,0.0,37797,EVENING
590,180,0.0,37797,EVENING
595,180,0.0,37797,EVENING
600,180,0.0,37797,EVENING
605,180,0.0,37797,EVENING
610,180,0.0,37797,EVENING
615,180,0.0,37797,EVENING
620,180,0.0,37797,EVENING
625,180,0.0,37797,EVENING
630,180,0.0,37797,EVENING
635,180,0.0,37797,EVENING
640,180,0.0,37797,EVENING
645,180,0.0,37797,EVENING
650,180,0.0,37797,EVENING
655,180,0.0,37797,EVENING
660,180,0.0,37797,EVENING
665,180,0.0,37797,EVENING
670,180,0.0,37797,EVENING
675,180,0.0,37797,EVENING
680,180,0.0,37797,EVENING
685,180,0.0,37797,EVENING
690,180,0.0,37797,EVENING
695,180,0.0,37797,EVENING
700,180,0.0,37797,EVENING
705,180,0.0,37797,EVENING
710,180,0.0,37797,EVENING
715,180,0.0,37797,EVENING
720,180,0.0,37797,EVENING
725,180,0.0,37797,EVENING
730,180,0.0,37797,EVENING
735,180,0.0,37797,EVENING
740,180,0.0,37797,EVENING
745,180,0.0,37797,EVENING
750,180,0.0,37797,EVENING
755,180,0.0,37797,EVENING
760,180,0.0,37797,EVENING
765,180,0.0,37797,EVENING
770,180,0.0,37797,EVENING
775,180,0.0,37797,EVENING
780,180,0.0,37797,EVENING
785,180,0.0,37797,EVENING
790,180,0.0,37797,EVENING
795,180,0.0,37797,EVENING
800,180,0.0,37797,EVENING
805,180,0.0,37797,EVENING
810,180,0.0,37797,EVENING
815,180,0.0,37797,EVENING
820,180,0.0,37797,EVENING
825,180,0.0,37797,EVENING
830,180,0.0,37797,EVENING
835,180,0.0,37797,EVENING
840,180,0.0,37797,EVENING
845,180,0.0,37797,EVENING
850,180,0.0,37797,EVENING
855,180,0.0,37797,EVENING
860,180,0.0,37797,EVENING
865,180,0.0,37797,EVENING
870,180,0.0,37797,EVENING
875,180,0.0,37797,EVENING
880,180,0.0,37797,EVENING
885,180,0.0,37797,EVENING
890,180,0.0,37797,EVENING
895,180,0.0,37797,EVENING
900,180,0.0,37797,EVENING
905,180,0.0,37797,EVENING
910,180,0.0,37797,EVENING
915,180,0.0,37797,EVENING
920,180,0.0,37797,EVENING
925,180,0.0,37797,EVENING
930,180,0.0,37797,EVENING
935,180,0.0,37797,EVENING
940,180,0.0,37797,EVENING
945,180,0.0,37797,EVENING
950,180,0.0,37797,EVENING
955,180,0.0,37797,EVENING
960,180,0.0,37797,EVENING
965,180,0.0,37797,EVENING
970,180,0.0,37797,EVENING
975,180,0.0,37797,EVENING
980,180,0.0,37797,EVENING
985,180,0.0,37797,EVENING
990,180,0.0,37797,EVENING
995,180,0.0,37797,EVENING
1000,180,0.0,37797,EVENING
1005,180,0.0,37797,EVENING
1010,180,0.0,37797,EVENING
1015,180,0.0,37797,EVENING
1020,180,0.0,37797,EVENING
1025,180,0.0,37797,EVENING
1030,180,0.0,37797,EVENING
1035,180,0.0,37797,EVENING
1040,180,0.0,37797,EVENING
1045,180,0.0,37797,EVENING
1050,180,0.0,37797,EVENING
1055,180,0.0,37797,EVENING
1060,180,0.0,37797,EVENING
1065,180,0.0,37797,EVENING
1070,180,0.0,37797,EVENING
1075,180,0.0,37797,EVENING
1080,180,0.0,37797,EVENING
1085,180,0.0,37797,EVENING
1090,180,0.0,37797,EVENING
1095,180,0.0,37797,EVENING
1100,180,0.0,37797,EVENING
1105,180,0.0,37797,EVENING
1110,180,0.0,37797,EVENING
1115,180,0.0,37797,EVENING
1120,180,0.0,37797,EVENING
1125,180,0.0,37797,EVENING
1130,180,0.0,37797,EVENING
1135,180,0.0,37797,EVENING
1140,180,0.0,37797,EVENING
1145,180,0.0,37797,EVENING
1150,180,0.0,37797,EVENING
1155,180,0.0,37797,EVENING
1160,180,0.0,37797,EVENING
1165,180,0.0,37797,EVENING
1170,180,0.0,37797,EVENING
1175,180,0.0,37797,EVENING
1180,180,0.0,37797,EVENING
1185,180,0.0,37797,EVENING
1190,180,0.0,37797,EVENING
1195,180,0.0,37797,EVENING
1200,180,0.0,37797,EVENING
1205,180,0.0,37797,EVENING
1210,180,0.0,37797,EVENING
1215,180,0.0,37797,EVENING
1220,180,0.0,37797,EVENING
1225,180,0.0,37797,EVENING
1230,180,0.0,37797,EVENING
1235,180,0.0,37797,EVENING
1240,180,0.0,37797,EVENING
1245,180,0.0,37797,EVENING
1250,180,0.0,37797,EVENING
1255,180,0.0,37797,EVENING
1260,180,0.0,37797,EVENING
1265,180,0.0,37797,EVENING
1270,180,0.0,37797,EVENING
1275,180,0.0,37797,EVENING
1280,180,0.0,37797,EVENING
1285,180,0.0,37797,EVENING
1290,180,0.0,37797,EVENING
1295,180,0.0,37797,EVENING
1300,180,0.0,37797,EVENING
1305,180,0.0,37797,EVENING
1310,180,0.0,37797,EVENING
1315,180,0.0,37797,EVENING
1320,180,0.0,37797,EVENING
1325,180,0.0,37797,EVENING
1330,180,0.0,37797,EVENING
1335,180,0.0,37797,EVENING
1340,180,0.0,37797,EVENING
1345,180,0.0,37797,EVENING
1350,180,0.0,37797,EVENING
1355,180,0.0,37797,EVENING
1360,180,0.0,37797,EVENING
1365,180,0.0,37797,EVENING
1370,180,0.0,37797,EVENING
1375,180,0.0,37797,EVENING
1380,180,0.0,37797,EVENING
1385,180,0.0,37797,EVENING
1390,180,0.0,37797,EVENING
1395,180,0.0,37797,EVENING
1400,180,0.0,37797,EVENING
1405,180,0.0,37797,EVENING
1410,180,0.0,37797,EVENING
1415,180,0.0,37797,EVENING
1420,180,0.0,37797,EVENING
1425,180,0.0,37797,EVENING
1430,180,0.0,37797,EVENING
1435,180,0.0,37797,EVENING
1440,180,0.0,37797,EVENING
1445,180,0.0,37797,EVENING
1450,180,0.0,37797,EVENING
1455,180,0.0,37797,EVENING
1460,180,0.0,37797,EVENING
1465,180,0.0,37797,EVENING
1470,180,0.0,37797,EVENING
1475,180,0.0,37797,EVENING
1480,180,0.0,37797,EVENING
1485,180,0.0,37797,EVENING
1490,180,0.0,37797,EVENING
1495,180,0.0,37797,EVENING
1500,180,0.0,37797,EVENING
1505,180,0.0,37797,EVENING
1510,180,0.0,37797,EVENING
1515,180,0.0,37797,EVENING
1520,180,0.0,37797,EVENING
1525,180,0.0,37797,EVENING
1530,180,0.0,37797,EVENING
1535,180,0.0,37797,EVENING
1540,180,0.0,37797,EVENING
1545,180,0.0,37797,EVENING
1550,180,0.0,37797,EVENING
1555,180,0.0,37797,EVENING
1560,180,0.0,37797,EVENING
1565,180,0.0,37797,EVENING
1570,180,0.0,37797,EVENING
1575,180,0.0,37797,EVENING
1580,180,0.0,37797,EVENING
1585,180,0.0,37797,EVENING
1590,180,0.0,37797,EVENING
1595,180,0.0,37797,EVENING
1600,180,0.0,37797,EVENING
1605,180,0.0,37797,EVENING
1610,180,0.0,37797,EVENING
1615,180,0.0,37797,EVENING
1620,180,0.0,37797,EVENING
1625,180,0.0,37797,EVENING
1630,180,0.0,37797,EVENING
1635,180,0.0,37797,EVENING
1640,180,0.0,37797,EVENING
1645,180,0.0,37797,EVENING
1650,180,0.0,37797,EVENING
1655,180,0.0,37797,EVENING
1660,180,0.0,37797,EVENING
1665,180,0.0,37797,EVENING
1670,180,0.0,37797,EVENING
1675,180,0.0,37797,EVENING
1680,180,0.0,37797,EVENING
1685,180,0.0,37797,EVENING
1690,180,0.0,37797,EVENING
1695,180,0.0,37797,EVENING
1700,180,0.0,37797,EVENING
1705,180,0.0,37797,EVENING
1710,180,0.0,37797,EVENING
1715,180,0.0,37797,EVENING
1720,180,0.0,37797,EVENING
1725,180,0.0,37797,EVENING
1730,180,0.0,37797,EVENING
1735,180,0.0,37797,EVENING
1740,180,0.0,37797,EVENING
1745,180,0.0,37797,EVENING
1750,180,0.0,37797,EVENING
1755,180,0.0,37797,EVENING
1760,180,0.0,37797,EVENING
1765,180,0.0,37797,EVENING
1770,180,0.0,37797,EVENING
1775,180,0.0,37797,EVENING
1780,180,0.0,37797,EVENING
1785,180,0.0,37797,EVENING
1790,180,0.0,37797,EVENING
1795,180,0.0,37797,EVENING
1800,180,0.0,37797,EVENING
1805,180,0.0,37797,EVENING
1810,180,0.0,37797,EVENING
1815,180,0.0,37797,EVENING
1820,180,0.0,37797,EVENING
1825,180,0.0,37797,EVENING
1830,180,0.0,37797,EVENING
1835,180,0.0,37797,EVENING
1840,180,0.0,37797,EVENING
1845,180,0.0,37797,EVENING
1850,180,0.0,37797,EVENING
1855,180,0.0,37797,EVENING
1860,180,0.0,37797,EVENING
1865,180,0.0,37797,EVENING
1870,180,0.0,37797,EVENING
1875,180,0.0,37797,EVENING
1880,180,0.0,37797,EVENING
1885,180,0.0,37797,EVENING
1890,180,0.0,37797,EVENING
1895,180,0.0,37797,EVENING
1900,180,0.0,37797,EVENING
1905,180,0.0,37797,EVENING
1910,180,0.0,37797,EVENING
1915,180,0.0,37797,EVENING
1920,180,0.0,37797,EVENING
1925,180,0.0,37797,EVENING
1930,180,0.0,37797,EVENING
1935,180,0.0,37797,EVENING
1940,180,0.0,37797,EVENING
1945,180,0.0,37797,EVENING
1950,180,0.0,37797,EVENING
1955,180,0.0,37797,EVENING
1960,180,0.0,37797,EVENING
1965,180,0.0,37797,EVENING
1970,180,0.0,37797,EVENING
1975,180,0.0,37797,EVENING
1980,180,0.0,37797,EVENING
1985,180,0.0,37797,EVENING
1990,180,0.0,37797,EVENING
1995,180,0.0,37797,EVENING
2000,180,0.0,37797,EVENING
50,180,0.982593,16200,LONDON_OPEN
55,180,0.969691,16200,LONDON_OPEN
60,180,0.953086,16200,LONDON_OPEN
65,180,0.931728,16200,LONDON_OPEN
70,180,0.904877,16200,LONDON_OPEN
75,180,0.876667,16200,LONDON_OPEN
80,180,0.845185,16200,LONDON_OPEN
85,180,0.810185,16200,LONDON_OPEN
90,180,0.775617,16200,LONDON_OPEN
95,180,0.739198,16200,LONDON_OPEN
100,180,0.705185,16200,LONDON_OPEN
105,180,0.66716,16200,LONDON_OPEN
110,180,0.631667,16200,LONDON_OPEN
115,180,0.597901,16200,LONDON_OPEN
120,180,0.564506,16200,LONDON_OPEN
125,180,0.530617,16200,LONDON_OPEN
130,180,0.500309,16200,LONDON_OPEN
135,180,0.468704,16200,LONDON_OPEN
140,180,0.440988,16200,LONDON_OPEN
145,180,0.412284,16200,LONDON_OPEN
150,180,0.386173,16200,LONDON_OPEN
155,180,0.361667,16200,LONDON_OPEN
160,180,0.338025,16200,LONDON_OPEN
165,180,0.316481,16200,LONDON_OPEN
170,180,0.295,16200,LONDON_OPEN
175,180,0.274568,16200,LONDON_OPEN
180,180,0.253457,16200,LONDON_OPEN
185,180,0.236173,16200,LONDON_OPEN
190,180,0.218827,16200,LONDON_OPEN
195,180,0.202469,16200,LONDON_OPEN
200,180,0.188519,16200,LONDON_OPEN
205,180,0.173951,16200,LONDON_OPEN
210,180,0.159506,16200,LONDON_OPEN
215,180,0.145741,16200,LONDON_OPEN
220,180,0.134938,16200,LONDON_OPEN
225,180,0.124753,16200,LONDON_OPEN
230,180,0.113765,16200,LONDON_OPEN
235,180,0.104444,16200,LONDON_OPEN
240,180,0.095679,16200,LONDON_OPEN
245,180,0.087346,16200,LONDON_OPEN
250,180,0.079383,16200,LONDON_OPEN
255,180,0.072099,16200,LONDON_OPEN
260,180,0.065494,16200,LONDON_OPEN
265,180,0.058827,16200,LONDON_OPEN
270,180,0.05358,16200,LONDON_OPEN
275,180,0.048519,16200,LONDON_OPEN
280,180,0.044753,16200,LONDON_OPEN
285,180,0.040741,16200,LONDON_OPEN
290,180,0.036605,16200,LONDON_OPEN
295,180,0.034074,16200,LONDON_OPEN
300,180,0.030494,16200,LONDON_OPEN
305,180,0.027346,16200,LONDON_OPEN
310,180,0.025185,16200,LONDON_OPEN
315,180,0.023086,16200,LONDON_OPEN
320,180,0.020617,16200,LONDON_OPEN
325,180,0.01821,16200,LONDON_OPEN
330,180,0.016481,16200,LONDON_OPEN
335,180,0.01537,16200,LONDON_OPEN
340,180,0.013889,16200,LONDON_OPEN
345,180,0.013025,16200,LONDON_OPEN
350,180,0.01216,16200,LONDON_OPEN
355,180,0.010864,16200,LONDON_OPEN
360,180,0.009506,16200,LONDON_OPEN
365,180,0.009074,16200,LONDON_OPEN
370,180,0.008025,16200,LONDON_OPEN
375,180,0.007284,16200,LONDON_OPEN
380,180,0.006296,16200,LONDON_OPEN
385,180,0.005864,16200,LONDON_OPEN
390,180,0.005432,16200,LONDON_OPEN
395,180,0.005,16200,LONDON_OPEN
400,180,0.004321,16200,LONDON_OPEN
405,180,0.003765,16200,LONDON_OPEN
410,180,0.003333,16200,LONDON_OPEN
415,180,0.003148,16200,LONDON_OPEN
420,180,0.002716,16200,LONDON_OPEN
425,180,0.002407,16200,LONDON_OPEN
430,180,0.002222,16200,LONDON_OPEN
435,180,0.001914,16200,LONDON_OPEN
440,180,0.001852,16200,LONDON_OPEN
445,180,0.001852,16200,LONDON_OPEN
450,180,0.001605,16200,LONDON_OPEN
455,180,0.00142,16200,LONDON_OPEN
460,180,0.001296,16200,LONDON_OPEN
465,180,0.001173,16200,LONDON_OPEN
470,180,0.001049,16200,LONDON_OPEN
475,180,0.000926,16200,LONDON_OPEN
480,180,0.000802,16200,LONDON_OPEN
485,180,0.000741,16200,LONDON_OPEN
490,180,0.000679,16200,LONDON_OPEN
495,180,0.000494,16200,LONDON_OPEN
500,180,0.000432,16200,LONDON_OPEN
505,180,0.000432,16200,LONDON_OPEN
510,180,0.000432,16200,LONDON_OPEN
515,180,0.00037,16200,LONDON_OPEN
520,180,0.000309,16200,LONDON_OPEN
525,180,0.000309,16200,LONDON_OPEN
530,180,0.000185,16200,LONDON_OPEN
535,180,0.000185,16200,LONDON_OPEN
540,180,0.000185,16200,LONDON_OPEN
545,180,0.000185,16200,LONDON_OPEN
550,180,0.000185,16200,LONDON_OPEN
555,180,0.000123,16200,LONDON_OPEN
560,180,0.000123,16200,LONDON_OPEN
565,180,6.2e-05,16200,LONDON_OPEN
570,180,0.0,16200,LONDON_OPEN
575,180,0.0,16200,LONDON_OPEN
580,180,0.0,16200,LONDON_OPEN
585,180,0.0,16200,LONDON_OPEN
590,180,0.0,16200,LONDON_OPEN
595,180,0.0,16200,LONDON_OPEN
600,180,0.0,16200,LONDON_OPEN
605,180,0.0,16200,LONDON_OPEN
610,180,0.0,16200,LONDON_OPEN
615,180,0.0,16200,LONDON_OPEN
620,180,0.0,16200,LONDON_OPEN
625,180,0.0,16200,LONDON_OPEN
630,180,0.0,16200,LONDON_OPEN
635,180,0.0,16200,LONDON_OPEN
640,180,0.0,16200,LONDON_OPEN
645,180,0.0,16200,LONDON_OPEN
650,180,0.0,16200,LONDON_OPEN
655,180,0.0,16200,LONDON_OPEN
660,180,0.0,16200,LONDON_OPEN
665,180,0.0,16200,LONDON_OPEN
670,180,0.0,16200,LONDON_OPEN
675,180,0.0,16200,LONDON_OPEN
680,180,0.0,16200,LONDON_OPEN
685,180,0.0,16200,LONDON_OPEN
690,180,0.0,16200,LONDON_OPEN
695,180,0.0,16200,LONDON_OPEN
700,180,0.0,16200,LONDON_OPEN
705,180,0.0,16200,LONDON_OPEN
710,180,0.0,16200,LONDON_OPEN
715,180,0.0,16200,LONDON_OPEN
720,180,0.0,16200,LONDON_OPEN
725,180,0.0,16200,LONDON_OPEN
730,180,0.0,16200,LONDON_OPEN
735,180,0.0,16200,LONDON_OPEN
740,180,0.0,16200,LONDON_OPEN
745,180,0.0,16200,LONDON_OPEN
750,180,0.0,16200,LONDON_OPEN
755,180,0.0,16200,LONDON_OPEN
760,180,0.0,16200,LONDON_OPEN
765,180,0.0,16200,LONDON_OPEN
770,180,0.0,16200,LONDON_OPEN
775,180,0.0,16200,LONDON_OPEN
780,180,0.0,16200,LONDON_OPEN
785,180,0.0,16200,LONDON_OPEN
790,180,0.0,16200,LONDON_OPEN
795,180,0.0,16200,LONDON_OPEN
800,180,0.0,16200,LONDON_OPEN
805,180,0.0,16200,LONDON_OPEN
810,180,0.0,16200,LONDON_OPEN
815,180,0.0,16200,LONDON_OPEN
820,180,0.0,16200,LONDON_OPEN
825,180,0.0,16200,LONDON_OPEN
830,180,0.0,16200,LONDON_OPEN
835,180,0.0,16200,LONDON_OPEN
840,180,0.0,16200,LONDON_OPEN
845,180,0.0,16200,LONDON_OPEN
850,180,0.0,16200,LONDON_OPEN
855,180,0.0,16200,LONDON_OPEN
860,180,0.0,16200,LONDON_OPEN
865,180,0.0,16200,LONDON_OPEN
870,180,0.0,16200,LONDON_OPEN
875,180,0.0,16200,LONDON_OPEN
880,180,0.0,16200,LONDON_OPEN
885,180,0.0,16200,LONDON_OPEN
890,180,0.0,16200,LONDON_OPEN
895,180,0.0,16200,LONDON_OPEN
900,180,0.0,16200,LONDON_OPEN
905,180,0.0,16200,LONDON_OPEN
910,180,0.0,16200,LONDON_OPEN
915,180,0.0,16200,LONDON_OPEN
920,180,0.0,16200,LONDON_OPEN
925,180,0.0,16200,LONDON_OPEN
930,180,0.0,16200,LONDON_OPEN
935,180,0.0,16200,LONDON_OPEN
940,180,0.0,16200,LONDON_OPEN
945,180,0.0,16200,LONDON_OPEN
950,180,0.0,16200,LONDON_OPEN
955,180,0.0,16200,LONDON_OPEN
960,180,0.0,16200,LONDON_OPEN
965,180,0.0,16200,LONDON_OPEN
970,180,0.0,16200,LONDON_OPEN
975,180,0.0,16200,LONDON_OPEN
980,180,0.0,16200,LONDON_OPEN
985,180,0.0,16200,LONDON_OPEN
990,180,0.0,16200,LONDON_OPEN
995,180,0.0,16200,LONDON_OPEN
1000,180,0.0,16200,LONDON_OPEN
1005,180,0.0,16200,LONDON_OPEN
1010,180,0.0,16200,LONDON_OPEN
1015,180,0.0,16200,LONDON_OPEN
1020,180,0.0,16200,LONDON_OPEN
1025,180,0.0,16200,LONDON_OPEN
1030,180,0.0,16200,LONDON_OPEN
1035,180,0.0,16200,LONDON_OPEN
1040,180,0.0,16200,LONDON_OPEN
1045,180,0.0,16200,LONDON_OPEN
1050,180,0.0,16200,LONDON_OPEN
1055,180,0.0,16200,LONDON_OPEN
1060,180,0.0,16200,LONDON_OPEN
1065,180,0.0,16200,LONDON_OPEN
1070,180,0.0,16200,LONDON_OPEN
1075,180,0.0,16200,LONDON_OPEN
1080,180,0.0,16200,LONDON_OPEN
1085,180,0.0,16200,LONDON_OPEN
1090,180,0.0,16200,LONDON_OPEN
1095,180,0.0,16200,LONDON_OPEN
1100,180,0.0,16200,LONDON_OPEN
1105,180,0.0,16200,LONDON_OPEN
1110,180,0.0,16200,LONDON_OPEN
1115,180,0.0,16200,LONDON_OPEN
1120,180,0.0,16200,LONDON_OPEN
1125,180,0.0,16200,LONDON_OPEN
1130,180,0.0,16200,LONDON_OPEN
1135,180,0.0,16200,LONDON_OPEN
1140,180,0.0,16200,LONDON_OPEN
1145,180,0.0,16200,LONDON_OPEN
1150,180,0.0,16200,LONDON_OPEN
1155,180,0.0,16200,LONDON_OPEN
1160,180,0.0,16200,LONDON_OPEN
1165,180,0.0,16200,LONDON_OPEN
1170,180,0.0,16200,LONDON_OPEN
1175,180,0.0,16200,LONDON_OPEN
1180,180,0.0,16200,LONDON_OPEN
1185,180,0.0,16200,LONDON_OPEN
1190,180,0.0,16200,LONDON_OPEN
1195,180,0.0,16200,LONDON_OPEN
1200,180,0.0,16200,LONDON_OPEN
1205,180,0.0,16200,LONDON_OPEN
1210,180,0.0,16200,LONDON_OPEN
1215,180,0.0,16200,LONDON_OPEN
1220,180,0.0,16200,LONDON_OPEN
1225,180,0.0,16200,LONDON_OPEN
1230,180,0.0,16200,LONDON_OPEN
1235,180,0.0,16200,LONDON_OPEN
1240,180,0.0,16200,LONDON_OPEN
1245,180,0.0,16200,LONDON_OPEN
1250,180,0.0,16200,LONDON_OPEN
1255,180,0.0,16200,LONDON_OPEN
1260,180,0.0,16200,LONDON_OPEN
1265,180,0.0,16200,LONDON_OPEN
1270,180,0.0,16200,LONDON_OPEN
1275,180,0.0,16200,LONDON_OPEN
1280,180,0.0,16200,LONDON_OPEN
1285,180,0.0,16200,LONDON_OPEN
1290,180,0.0,16200,LONDON_OPEN
1295,180,0.0,16200,LONDON_OPEN
1300,180,0.0,16200,LONDON_OPEN
1305,180,0.0,16200,LONDON_OPEN
1310,180,0.0,16200,LONDON_OPEN
1315,180,0.0,16200,LONDON_OPEN
1320,180,0.0,16200,LONDON_OPEN
1325,180,0.0,16200,LONDON_OPEN
1330,180,0.0,16200,LONDON_OPEN
1335,180,0.0,16200,LONDON_OPEN
1340,180,0.0,16200,LONDON_OPEN
1345,180,0.0,16200,LONDON_OPEN
1350,180,0.0,16200,LONDON_OPEN
1355,180,0.0,16200,LONDON_OPEN
1360,180,0.0,16200,LONDON_OPEN
1365,180,0.0,16200,LONDON_OPEN
1370,180,0.0,16200,LONDON_OPEN
1375,180,0.0,16200,LONDON_OPEN
1380,180,0.0,16200,LONDON_OPEN
1385,180,0.0,16200,LONDON_OPEN
1390,180,0.0,16200,LONDON_OPEN
1395,180,0.0,16200,LONDON_OPEN
1400,180,0.0,16200,LONDON_OPEN
1405,180,0.0,16200,LONDON_OPEN
1410,180,0.0,16200,LONDON_OPEN
1415,180,0.0,16200,LONDON_OPEN
1420,180,0.0,16200,LONDON_OPEN
1425,180,0.0,16200,LONDON_OPEN
1430,180,0.0,16200,LONDON_OPEN
1435,180,0.0,16200,LONDON_OPEN
1440,180,0.0,16200,LONDON_OPEN
1445,180,0.0,16200,LONDON_OPEN
1450,180,0.0,16200,LONDON_OPEN
1455,180,0.0,16200,LONDON_OPEN
1460,180,0.0,16200,LONDON_OPEN
1465,180,0.0,16200,LONDON_OPEN
1470,180,0.0,16200,LONDON_OPEN
1475,180,0.0,16200,LONDON_OPEN
1480,180,0.0,16200,LONDON_OPEN
1485,180,0.0,16200,LONDON_OPEN
1490,180,0.0,16200,LONDON_OPEN
1495,180,0.0,16200,LONDON_OPEN
1500,180,0.0,16200,LONDON_OPEN
1505,180,0.0,16200,LONDON_OPEN
1510,180,0.0,16200,LONDON_OPEN
1515,180,0.0,16200,LONDON_OPEN
1520,180,0.0,16200,LONDON_OPEN
1525,180,0.0,16200,LONDON_OPEN
1530,180,0.0,16200,LONDON_OPEN
1535,180,0.0,16200,LONDON_OPEN
1540,180,0.0,16200,LONDON_OPEN
1545,180,0.0,16200,LONDON_OPEN
1550,180,0.0,16200,LONDON_OPEN
1555,180,0.0,16200,LONDON_OPEN
1560,180,0.0,16200,LONDON_OPEN
1565,180,0.0,16200,LONDON_OPEN
1570,180,0.0,16200,LONDON_OPEN
1575,180,0.0,16200,LONDON_OPEN
1580,180,0.0,16200,LONDON_OPEN
1585,180,0.0,16200,LONDON_OPEN
1590,180,0.0,16200,LONDON_OPEN
1595,180,0.0,16200,LONDON_OPEN
1600,180,0.0,16200,LONDON_OPEN
1605,180,0.0,16200,LONDON_OPEN
1610,180,0.0,16200,LONDON_OPEN
1615,180,0.0,16200,LONDON_OPEN
1620,180,0.0,16200,LONDON_OPEN
1625,180,0.0,16200,LONDON_OPEN
1630,180,0.0,16200,LONDON_OPEN
1635,180,0.0,16200,LONDON_OPEN
1640,180,0.0,16200,LONDON_OPEN
1645,180,0.0,16200,LONDON_OPEN
1650,180,0.0,16200,LONDON_OPEN
1655,180,0.0,16200,LONDON_OPEN
1660,180,0.0,16200,LONDON_OPEN
1665,180,0.0,16200,LONDON_OPEN
1670,180,0.0,16200,LONDON_OPEN
1675,180,0.0,16200,LONDON_OPEN
1680,180,0.0,16200,LONDON_OPEN
1685,180,0.0,16200,LONDON_OPEN
1690,180,0.0,16200,LONDON_OPEN
1695,180,0.0,16200,LONDON_OPEN
1700,180,0.0,16200,LONDON_OPEN
1705,180,0.0,16200,LONDON_OPEN
1710,180,0.0,16200,LONDON_OPEN
1715,180,0.0,16200,LONDON_OPEN
1720,180,0.0,16200,LONDON_OPEN
1725,180,0.0,16200,LONDON_OPEN
1730,180,0.0,16200,LONDON_OPEN
1735,180,0.0,16200,LONDON_OPEN
1740,180,0.0,16200,LONDON_OPEN
1745,180,0.0,16200,LONDON_OPEN
1750,180,0.0,16200,LONDON_OPEN
1755,180,0.0,16200,LONDON_OPEN
1760,180,0.0,16200,LONDON_OPEN
1765,180,0.0,16200,LONDON_OPEN
1770,180,0.0,16200,LONDON_OPEN
1775,180,0.0,16200,LONDON_OPEN
1780,180,0.0,16200,LONDON_OPEN
1785,180,0.0,16200,LONDON_OPEN
1790,180,0.0,16200,LONDON_OPEN
1795,180,0.0,16200,LONDON_OPEN
1800,180,0.0,16200,LONDON_OPEN
1805,180,0.0,16200,LONDON_OPEN
1810,180,0.0,16200,LONDON_OPEN
1815,180,0.0,16200,LONDON_OPEN
1820,180,0.0,16200,LONDON_OPEN
1825,180,0.0,16200,LONDON_OPEN
1830,180,0.0,16200,LONDON_OPEN
1835,180,0.0,16200,LONDON_OPEN
1840,180,0.0,16200,LONDON_OPEN
1845,180,0.0,16200,LONDON_OPEN
1850,180,0.0,16200,LONDON_OPEN
1855,180,0.0,16200,LONDON_OPEN
1860,180,0.0,16200,LONDON_OPEN
1865,180,0.0,16200,LONDON_OPEN
1870,180,0.0,16200,LONDON_OPEN
1875,180,0.0,16200,LONDON_OPEN
1880,180,0.0,16200,LONDON_OPEN
1885,180,0.0,16200,LONDON_OPEN
1890,180,0.0,16200,LONDON_OPEN
1895,180,0.0,16200,LONDON_OPEN
1900,180,0.0,16200,LONDON_OPEN
1905,180,0.0,16200,LONDON_OPEN
1910,180,0.0,16200,LONDON_OPEN
1915,180,0.0,16200,LONDON_OPEN
1920,180,0.0,16200,LONDON_OPEN
1925,180,0.0,16200,LONDON_OPEN
1930,180,0.0,16200,LONDON_OPEN
1935,180,0.0,16200,LONDON_OPEN
1940,180,0.0,16200,LONDON_OPEN
1945,180,0.0,16200,LONDON_OPEN
1950,180,0.0,16200,LONDON_OPEN
1955,180,0.0,16200,LONDON_OPEN
1960,180,0.0,16200,LONDON_OPEN
1965,180,0.0,16200,LONDON_OPEN
1970,180,0.0,16200,LONDON_OPEN
1975,180,0.0,16200,LONDON_OPEN
1980,180,0.0,16200,LONDON_OPEN
1985,180,0.0,16200,LONDON_OPEN
1990,180,0.0,16200,LONDON_OPEN
1995,180,0.0,16200,LONDON_OPEN
2000,180,0.0,16200,LONDON_OPEN
50,180,0.984151,53820,NY
55,180,0.970959,53820,NY
60,180,0.953586,53820,NY
65,180,0.93272,53820,NY
70,180,0.907841,53820,NY
75,180,0.878187,53820,NY
80,180,0.844444,53820,NY
85,180,0.810201,53820,NY
90,180,0.77553,53820,NY
95,180,0.739279,53820,NY
100,180,0.701356,53820,NY
105,180,0.664474,53820,NY
110,180,0.627834,53820,NY
115,180,0.592847,53820,NY
120,180,0.558584,53820,NY
125,180,0.525511,53820,NY
130,180,0.494017,53820,NY
135,180,0.462839,53820,NY
140,180,0.433296,53820,NY
145,180,0.40654,53820,NY
150,180,0.380156,53820,NY
155,180,0.354905,53820,NY
160,180,0.331884,53820,NY
165,180,0.307822,53820,NY
170,180,0.286548,53820,NY
175,180,0.267001,53820,NY
180,180,0.248681,53820,NY
185,180,0.231215,53820,NY
190,180,0.213898,53820,NY
195,180,0.198625,53820,NY
200,180,0.183872,53820,NY
205,180,0.170104,53820,NY
210,180,0.157376,53820,NY
215,180,0.144593,53820,NY
220,180,0.133055,53820,NY
225,180,0.122947,53820,NY
230,180,0.113527,53820,NY
235,180,0.104013,53820,NY
240,180,0.095764,53820,NY
245,180,0.088053,53820,NY
250,180,0.080546,53820,NY
255,180,0.073876,53820,NY
260,180,0.067205,53820,NY
265,180,0.061594,53820,NY
270,180,0.056057,53820,NY
275,180,0.051115,53820,NY
280,180,0.046786,53820,NY
285,180,0.042939,53820,NY
290,180,0.03926,53820,NY
295,180,0.035805,53820,NY
300,180,0.033036,53820,NY
305,180,0.030119,53820,NY
310,180,0.027406,53820,NY
315,180,0.024972,53820,NY
320,180,0.022631,53820,NY
325,180,0.020847,53820,NY
330,180,0.018952,53820,NY
335,180,0.017354,53820,NY
340,180,0.015738,53820,NY
345,180,0.014251,53820,NY
350,180,0.012969,53820,NY
355,180,0.01165,53820,NY
360,180,0.010628,53820,NY
365,180,0.009662,53820,NY
370,180,0.008807,53820,NY
375,180,0.007915,53820,NY
380,180,0.007098,53820,NY
385,180,0.006429,53820,NY
390,180,0.005779,53820,NY
395,180,0.005407,53820,NY
400,180,0.004998,53820,NY
405,180,0.004515,53820,NY
410,180,0.004236,53820,NY
415,180,0.003828,53820,NY
420,180,0.003363,53820,NY
425,180,0.00301,53820,NY
430,180,0.002787,53820,NY
435,180,0.002471,53820,NY
440,180,0.002248,53820,NY
445,180,0.002025,53820,NY
450,180,0.001914,53820,NY
455,180,0.001709,53820,NY
460,180,0.001449,53820,NY
465,180,0.001319,53820,NY
470,180,0.001115,53820,NY
475,180,0.001096,53820,NY
480,180,0.000985,53820,NY
485,180,0.000892,53820,NY
490,180,0.000818,53820,NY
495,180,0.000669,53820,NY
500,180,0.000539,53820,NY
505,180,0.000465,53820,NY
510,180,0.000446,53820,NY
515,180,0.000427,53820,NY
520,180,0.000372,53820,NY
525,180,0.000316,53820,NY
530,180,0.000242,53820,NY
535,180,0.000167,53820,NY
540,180,0.00013,53820,NY
545,180,0.000111,53820,NY
550,180,7.4e-05,53820,NY
555,180,7.4e-05,53820,NY
560,180,7.4e-05,53820,NY
565,180,5.6e-05,53820,NY
570,180,5.6e-05,53820,NY
575,180,5.6e-05,53820,NY
580,180,3.7e-05,53820,NY
585,180,1.9e-05,53820,NY
590,180,1.9e-05,53820,NY
595,180,1.9e-05,53820,NY
600,180,1.9e-05,53820,NY
605,180,1.9e-05,53820,NY
610,180,1.9e-05,53820,NY
615,180,1.9e-05,53820,NY
620,180,0.0,53820,NY
625,180,0.0,53820,NY
630,180,0.0,53820,NY
635,180,0.0,53820,NY
640,180,0.0,53820,NY
645,180,0.0,53820,NY
650,180,0.0,53820,NY
655,180,0.0,53820,NY
660,180,0.0,53820,NY
665,180,0.0,53820,NY
670,180,0.0,53820,NY
675,180,0.0,53820,NY
680,180,0.0,53820,NY
685,180,0.0,53820,NY
690,180,0.0,53820,NY
695,180,0.0,53820,NY
700,180,0.0,53820,NY
705,180,0.0,53820,NY
710,180,0.0,53820,NY
715,180,0.0,53820,NY
720,180,0.0,53820,NY
725,180,0.0,53820,NY
730,180,0.0,53820,NY
735,180,0.0,53820,NY
740,180,0.0,53820,NY
745,180,0.0,53820,NY
750,180,0.0,53820,NY
755,180,0.0,53820,NY
760,180,0.0,53820,NY
765,180,0.0,53820,NY
770,180,0.0,53820,NY
775,180,0.0,53820,NY
780,180,0.0,53820,NY
785,180,0.0,53820,NY
790,180,0.0,53820,NY
795,180,0.0,53820,NY
800,180,0.0,53820,NY
805,180,0.0,53820,NY
810,180,0.0,53820,NY
815,180,0.0,53820,NY
820,180,0.0,53820,NY
825,180,0.0,53820,NY
830,180,0.0,53820,NY
835,180,0.0,53820,NY
840,180,0.0,53820,NY
845,180,0.0,53820,NY
850,180,0.0,53820,NY
855,180,0.0,53820,NY
860,180,0.0,53820,NY
865,180,0.0,53820,NY
870,180,0.0,53820,NY
875,180,0.0,53820,NY
880,180,0.0,53820,NY
885,180,0.0,53820,NY
890,180,0.0,53820,NY
895,180,0.0,53820,NY
900,180,0.0,53820,NY
905,180,0.0,53820,NY
910,180,0.0,53820,NY
915,180,0.0,53820,NY
920,180,0.0,53820,NY
925,180,0.0,53820,NY
930,180,0.0,53820,NY
935,180,0.0,53820,NY
940,180,0.0,53820,NY
945,180,0.0,53820,NY
950,180,0.0,53820,NY
955,180,0.0,53820,NY
960,180,0.0,53820,NY
965,180,0.0,53820,NY
970,180,0.0,53820,NY
975,180,0.0,53820,NY
980,180,0.0,53820,NY
985,180,0.0,53820,NY
990,180,0.0,53820,NY
995,180,0.0,53820,NY
1000,180,0.0,53820,NY
1005,180,0.0,53820,NY
1010,180,0.0,53820,NY
1015,180,0.0,53820,NY
1020,180,0.0,53820,NY
1025,180,0.0,53820,NY
1030,180,0.0,53820,NY
1035,180,0.0,53820,NY
1040,180,0.0,53820,NY
1045,180,0.0,53820,NY
1050,180,0.0,53820,NY
1055,180,0.0,53820,NY
1060,180,0.0,53820,NY
1065,180,0.0,53820,NY
1070,180,0.0,53820,NY
1075,180,0.0,53820,NY
1080,180,0.0,53820,NY
1085,180,0.0,53820,NY
1090,180,0.0,53820,NY
1095,180,0.0,53820,NY
1100,180,0.0,53820,NY
1105,180,0.0,53820,NY
1110,180,0.0,53820,NY
1115,180,0.0,53820,NY
1120,180,0.0,53820,NY
1125,180,0.0,53820,NY
1130,180,0.0,53820,NY
1135,180,0.0,53820,NY
1140,180,0.0,53820,NY
1145,180,0.0,53820,NY
1150,180,0.0,53820,NY
1155,180,0.0,53820,NY
1160,180,0.0,53820,NY
1165,180,0.0,53820,NY
1170,180,0.0,53820,NY
1175,180,0.0,53820,NY
1180,180,0.0,53820,NY
1185,180,0.0,53820,NY
1190,180,0.0,53820,NY
1195,180,0.0,53820,NY
1200,180,0.0,53820,NY
1205,180,0.0,53820,NY
1210,180,0.0,53820,NY
1215,180,0.0,53820,NY
1220,180,0.0,53820,NY
1225,180,0.0,53820,NY
1230,180,0.0,53820,NY
1235,180,0.0,53820,NY
1240,180,0.0,53820,NY
1245,180,0.0,53820,NY
1250,180,0.0,53820,NY
1255,180,0.0,53820,NY
1260,180,0.0,53820,NY
1265,180,0.0,53820,NY
1270,180,0.0,53820,NY
1275,180,0.0,53820,NY
1280,180,0.0,53820,NY
1285,180,0.0,53820,NY
1290,180,0.0,53820,NY
1295,180,0.0,53820,NY
1300,180,0.0,53820,NY
1305,180,0.0,53820,NY
1310,180,0.0,53820,NY
1315,180,0.0,53820,NY
1320,180,0.0,53820,NY
1325,180,0.0,53820,NY
1330,180,0.0,53820,NY
1335,180,0.0,53820,NY
1340,180,0.0,53820,NY
1345,180,0.0,53820,NY
1350,180,0.0,53820,NY
1355,180,0.0,53820,NY
1360,180,0.0,53820,NY
1365,180,0.0,53820,NY
1370,180,0.0,53820,NY
1375,180,0.0,53820,NY
1380,180,0.0,53820,NY
1385,180,0.0,53820,NY
1390,180,0.0,53820,NY
1395,180,0.0,53820,NY
1400,180,0.0,53820,NY
1405,180,0.0,53820,NY
1410,180,0.0,53820,NY
1415,180,0.0,53820,NY
1420,180,0.0,53820,NY
1425,180,0.0,53820,NY
1430,180,0.0,53820,NY
1435,180,0.0,53820,NY
1440,180,0.0,53820,NY
1445,180,0.0,53820,NY
1450,180,0.0,53820,NY
1455,180,0.0,53820,NY
1460,180,0.0,53820,NY
1465,180,0.0,53820,NY
1470,180,0.0,53820,NY
1475,180,0.0,53820,NY
1480,180,0.0,53820,NY
1485,180,0.0,53820,NY
1490,180,0.0,53820,NY
1495,180,0.0,53820,NY
1500,180,0.0,53820,NY
1505,180,0.0,53820,NY
1510,180,0.0,53820,NY
1515,180,0.0,53820,NY
1520,180,0.0,53820,NY
1525,180,0.0,53820,NY
1530,180,0.0,53820,NY
1535,180,0.0,53820,NY
1540,180,0.0,53820,NY
1545,180,0.0,53820,NY
1550,180,0.0,53820,NY
1555,180,0.0,53820,NY
1560,180,0.0,53820,NY
1565,180,0.0,53820,NY
1570,180,0.0,53820,NY
1575,180,0.0,53820,NY
1580,180,0.0,53820,NY
1585,180,0.0,53820,NY
1590,180,0.0,53820,NY
1595,180,0.0,53820,NY
1600,180,0.0,53820,NY
1605,180,0.0,53820,NY
1610,180,0.0,53820,NY
1615,180,0.0,53820,NY
1620,180,0.0,53820,NY
1625,180,0.0,53820,NY
1630,180,0.0,53820,NY
1635,180,0.0,53820,NY
1640,180,0.0,53820,NY
1645,180,0.0,53820,NY
1650,180,0.0,53820,NY
1655,180,0.0,53820,NY
1660,180,0.0,53820,NY
1665,180,0.0,53820,NY
1670,180,0.0,53820,NY
1675,180,0.0,53820,NY
1680,180,0.0,53820,NY
1685,180,0.0,53820,NY
1690,180,0.0,53820,NY
1695,180,0.0,53820,NY
1700,180,0.0,53820,NY
1705,180,0.0,53820,NY
1710,180,0.0,53820,NY
1715,180,0.0,53820,NY
1720,180,0.0,53820,NY
1725,180,0.0,53820,NY
1730,180,0.0,53820,NY
1735,180,0.0,53820,NY
1740,180,0.0,53820,NY
1745,180,0.0,53820,NY
1750,180,0.0,53820,NY
1755,180,0.0,53820,NY
1760,180,0.0,53820,NY
1765,180,0.0,53820,NY
1770,180,0.0,53820,NY
1775,180,0.0,53820,NY
1780,180,0.0,53820,NY
1785,180,0.0,53820,NY
1790,180,0.0,53820,NY
1795,180,0.0,53820,NY
1800,180,0.0,53820,NY
1805,180,0.0,53820,NY
1810,180,0.0,53820,NY
1815,180,0.0,53820,NY
1820,180,0.0,53820,NY
1825,180,0.0,53820,NY
1830,180,0.0,53820,NY
1835,180,0.0,53820,NY
1840,180,0.0,53820,NY
1845,180,0.0,53820,NY
1850,180,0.0,53820,NY
1855,180,0.0,53820,NY
1860,180,0.0,53820,NY
1865,180,0.0,53820,NY
1870,180,0.0,53820,NY
1875,180,0.0,53820,NY
1880,180,0.0,53820,NY
1885,180,0.0,53820,NY
1890,180,0.0,53820,NY
1895,180,0.0,53820,NY
1900,180,0.0,53820,NY
1905,180,0.0,53820,NY
1910,180,0.0,53820,NY
1915,180,0.0,53820,NY
1920,180,0.0,53820,NY
1925,180,0.0,53820,NY
1930,180,0.0,53820,NY
1935,180,0.0,53820,NY
1940,180,0.0,53820,NY
1945,180,0.0,53820,NY
1950,180,0.0,53820,NY
1955,180,0.0,53820,NY
1960,180,0.0,53820,NY
1965,180,0.0,53820,NY
1970,180,0.0,53820,NY
1975,180,0.0,53820,NY
1980,180,0.0,53820,NY
1985,180,0.0,53820,NY
1990,180,0.0,53820,NY
1995,180,0.0,53820,NY
2000,180,0.0,53820,NY
50,180,0.967407,10800,NY_CLOSE
55,180,0.947963,10800,NY_CLOSE
60,180,0.92463,10800,NY_CLOSE
65,180,0.896296,10800,NY_CLOSE
70,180,0.864352,10800,NY_CLOSE
75,180,0.83,10800,NY_CLOSE
80,180,0.791574,10800,NY_CLOSE
85,180,0.750926,10800,NY_CLOSE
90,180,0.710185,10800,NY_CLOSE
95,180,0.669352,10800,NY_CLOSE
100,180,0.629167,10800,NY_CLOSE
105,180,0.588519,10800,NY_CLOSE
110,180,0.550741,10800,NY_CLOSE
115,180,0.512685,10800,NY_CLOSE
120,180,0.480648,10800,NY_CLOSE
125,180,0.444352,10800,NY_CLOSE
130,180,0.412593,10800,NY_CLOSE
135,180,0.380463,10800,NY_CLOSE
140,180,0.352963,10800,NY_CLOSE
145,180,0.326944,10800,NY_CLOSE
150,180,0.300648,10800,NY_CLOSE
155,180,0.27713,10800,NY_CLOSE
160,180,0.256944,10800,NY_CLOSE
165,180,0.235648,10800,NY_CLOSE
170,180,0.216296,10800,NY_CLOSE
175,180,0.199074,10800,NY_CLOSE
180,180,0.181574,10800,NY_CLOSE
185,180,0.166574,10800,NY_CLOSE
190,180,0.151852,10800,NY_CLOSE
195,180,0.138056,10800,NY_CLOSE
200,180,0.127593,10800,NY_CLOSE
205,180,0.118148,10800,NY_CLOSE
210,180,0.108148,10800,NY_CLOSE
215,180,0.097963,10800,NY_CLOSE
220,180,0.088333,10800,NY_CLOSE
225,180,0.081667,10800,NY_CLOSE
230,180,0.07537,10800,NY_CLOSE
235,180,0.069444,10800,NY_CLOSE
240,180,0.062222,10800,NY_CLOSE
245,180,0.056944,10800,NY_CLOSE
250,180,0.051389,10800,NY_CLOSE
255,180,0.045741,10800,NY_CLOSE
260,180,0.041204,10800,NY_CLOSE
265,180,0.036389,10800,NY_CLOSE
270,180,0.03213,10800,NY_CLOSE
275,180,0.028704,10800,NY_CLOSE
280,180,0.02463,10800,NY_CLOSE
285,180,0.022593,10800,NY_CLOSE
290,180,0.02037,10800,NY_CLOSE
295,180,0.017963,10800,NY_CLOSE
300,180,0.016389,10800,NY_CLOSE
305,180,0.013796,10800,NY_CLOSE
310,180,0.012315,10800,NY_CLOSE
315,180,0.011111,10800,NY_CLOSE
320,180,0.01,10800,NY_CLOSE
325,180,0.009444,10800,NY_CLOSE
330,180,0.008519,10800,NY_CLOSE
335,180,0.0075,10800,NY_CLOSE
340,180,0.006759,10800,NY_CLOSE
345,180,0.006019,10800,NY_CLOSE
350,180,0.004815,10800,NY_CLOSE
355,180,0.004259,10800,NY_CLOSE
360,180,0.003889,10800,NY_CLOSE
365,180,0.003796,10800,NY_CLOSE
370,180,0.003333,10800,NY_CLOSE
375,180,0.002963,10800,NY_CLOSE
380,180,0.002685,10800,NY_CLOSE
385,180,0.002315,10800,NY_CLOSE
390,180,0.002222,10800,NY_CLOSE
395,180,0.001667,10800,NY_CLOSE
400,180,0.001574,10800,NY_CLOSE
405,180,0.001296,10800,NY_CLOSE
410,180,0.001296,10800,NY_CLOSE
415,180,0.001111,10800,NY_CLOSE
420,180,0.000926,10800,NY_CLOSE
425,180,0.000833,10800,NY_CLOSE
430,180,0.000833,10800,NY_CLOSE
435,180,0.000741,10800,NY_CLOSE
440,180,0.00037,10800,NY_CLOSE
445,180,0.000278,10800,NY_CLOSE
450,180,0.000185,10800,NY_CLOSE
455,180,0.000185,10800,NY_CLOSE
460,180,0.000185,10800,NY_CLOSE
465,180,0.000185,10800,NY_CLOSE
470,180,0.000185,10800,NY_CLOSE
475,180,0.000185,10800,NY_CLOSE
480,180,0.000185,10800,NY_CLOSE
485,180,0.000185,10800,NY_CLOSE
490,180,0.000185,10800,NY_CLOSE
495,180,9.3e-05,10800,NY_CLOSE
500,180,0.0,10800,NY_CLOSE
505,180,0.0,10800,NY_CLOSE
510,180,0.0,10800,NY_CLOSE
515,180,0.0,10800,NY_CLOSE
520,180,0.0,10800,NY_CLOSE
525,180,0.0,10800,NY_CLOSE
530,180,0.0,10800,NY_CLOSE
535,180,0.0,10800,NY_CLOSE
540,180,0.0,10800,NY_CLOSE
545,180,0.0,10800,NY_CLOSE
550,180,0.0,10800,NY_CLOSE
555,180,0.0,10800,NY_CLOSE
560,180,0.0,10800,NY_CLOSE
565,180,0.0,10800,NY_CLOSE
570,180,0.0,10800,NY_CLOSE
575,180,0.0,10800,NY_CLOSE
580,180,0.0,10800,NY_CLOSE
585,180,0.0,10800,NY_CLOSE
590,180,0.0,10800,NY_CLOSE
595,180,0.0,10800,NY_CLOSE
600,180,0.0,10800,NY_CLOSE
605,180,0.0,10800,NY_CLOSE
610,180,0.0,10800,NY_CLOSE
615,180,0.0,10800,NY_CLOSE
620,180,0.0,10800,NY_CLOSE
625,180,0.0,10800,NY_CLOSE
630,180,0.0,10800,NY_CLOSE
635,180,0.0,10800,NY_CLOSE
640,180,0.0,10800,NY_CLOSE
645,180,0.0,10800,NY_CLOSE
650,180,0.0,10800,NY_CLOSE
655,180,0.0,10800,NY_CLOSE
660,180,0.0,10800,NY_CLOSE
665,180,0.0,10800,NY_CLOSE
670,180,0.0,10800,NY_CLOSE
675,180,0.0,10800,NY_CLOSE
680,180,0.0,10800,NY_CLOSE
685,180,0.0,10800,NY_CLOSE
690,180,0.0,10800,NY_CLOSE
695,180,0.0,10800,NY_CLOSE
700,180,0.0,10800,NY_CLOSE
705,180,0.0,10800,NY_CLOSE
710,180,0.0,10800,NY_CLOSE
715,180,0.0,10800,NY_CLOSE
720,180,0.0,10800,NY_CLOSE
725,180,0.0,10800,NY_CLOSE
730,180,0.0,10800,NY_CLOSE
735,180,0.0,10800,NY_CLOSE
740,180,0.0,10800,NY_CLOSE
745,180,0.0,10800,NY_CLOSE
750,180,0.0,10800,NY_CLOSE
755,180,0.0,10800,NY_CLOSE
760,180,0.0,10800,NY_CLOSE
765,180,0.0,10800,NY_CLOSE
770,180,0.0,10800,NY_CLOSE
775,180,0.0,10800,NY_CLOSE
780,180,0.0,10800,NY_CLOSE
785,180,0.0,10800,NY_CLOSE
790,180,0.0,10800,NY_CLOSE
795,180,0.0,10800,NY_CLOSE
800,180,0.0,10800,NY_CLOSE
805,180,0.0,10800,NY_CLOSE
810,180,0.0,10800,NY_CLOSE
815,180,0.0,10800,NY_CLOSE
820,180,0.0,10800,NY_CLOSE
825,180,0.0,10800,NY_CLOSE
830,180,0.0,10800,NY_CLOSE
835,180,0.0,10800,NY_CLOSE
840,180,0.0,10800,NY_CLOSE
845,180,0.0,10800,NY_CLOSE
850,180,0.0,10800,NY_CLOSE
855,180,0.0,10800,NY_CLOSE
860,180,0.0,10800,NY_CLOSE
865,180,0.0,10800,NY_CLOSE
870,180,0.0,10800,NY_CLOSE
875,180,0.0,10800,NY_CLOSE
880,180,0.0,10800,NY_CLOSE
885,180,0.0,10800,NY_CLOSE
890,180,0.0,10800,NY_CLOSE
895,180,0.0,10800,NY_CLOSE
900,180,0.0,10800,NY_CLOSE
905,180,0.0,10800,NY_CLOSE
910,180,0.0,10800,NY_CLOSE
915,180,0.0,10800,NY_CLOSE
920,180,0.0,10800,NY_CLOSE
925,180,0.0,10800,NY_CLOSE
930,180,0.0,10800,NY_CLOSE
935,180,0.0,10800,NY_CLOSE
940,180,0.0,10800,NY_CLOSE
945,180,0.0,10800,NY_CLOSE
950,180,0.0,10800,NY_CLOSE
955,180,0.0,10800,NY_CLOSE
960,180,0.0,10800,NY_CLOSE
965,180,0.0,10800,NY_CLOSE
970,180,0.0,10800,NY_CLOSE
975,180,0.0,10800,NY_CLOSE
980,180,0.0,10800,NY_CLOSE
985,180,0.0,10800,NY_CLOSE
990,180,0.0,10800,NY_CLOSE
995,180,0.0,10800,NY_CLOSE
1000,180,0.0,10800,NY_CLOSE
1005,180,0.0,10800,NY_CLOSE
1010,180,0.0,10800,NY_CLOSE
1015,180,0.0,10800,NY_CLOSE
1020,180,0.0,10800,NY_CLOSE
1025,180,0.0,10800,NY_CLOSE
1030,180,0.0,10800,NY_CLOSE
1035,180,0.0,10800,NY_CLOSE
1040,180,0.0,10800,NY_CLOSE
1045,180,0.0,10800,NY_CLOSE
1050,180,0.0,10800,NY_CLOSE
1055,180,0.0,10800,NY_CLOSE
1060,180,0.0,10800,NY_CLOSE
1065,180,0.0,10800,NY_CLOSE
1070,180,0.0,10800,NY_CLOSE
1075,180,0.0,10800,NY_CLOSE
1080,180,0.0,10800,NY_CLOSE
1085,180,0.0,10800,NY_CLOSE
1090,180,0.0,10800,NY_CLOSE
1095,180,0.0,10800,NY_CLOSE
1100,180,0.0,10800,NY_CLOSE
1105,180,0.0,10800,NY_CLOSE
1110,180,0.0,10800,NY_CLOSE
1115,180,0.0,10800,NY_CLOSE
1120,180,0.0,10800,NY_CLOSE
1125,180,0.0,10800,NY_CLOSE
1130,180,0.0,10800,NY_CLOSE
1135,180,0.0,10800,NY_CLOSE
1140,180,0.0,10800,NY_CLOSE
1145,180,0.0,10800,NY_CLOSE
1150,180,0.0,10800,NY_CLOSE
1155,180,0.0,10800,NY_CLOSE
1160,180,0.0,10800,NY_CLOSE
1165,180,0.0,10800,NY_CLOSE
1170,180,0.0,10800,NY_CLOSE
1175,180,0.0,10800,NY_CLOSE
1180,180,0.0,10800,NY_CLOSE
1185,180,0.0,10800,NY_CLOSE
1190,180,0.0,10800,NY_CLOSE
1195,180,0.0,10800,NY_CLOSE
1200,180,0.0,10800,NY_CLOSE
1205,180,0.0,10800,NY_CLOSE
1210,180,0.0,10800,NY_CLOSE
1215,180,0.0,10800,NY_CLOSE
1220,180,0.0,10800,NY_CLOSE
1225,180,0.0,10800,NY_CLOSE
1230,180,0.0,10800,NY_CLOSE
1235,180,0.0,10800,NY_CLOSE
1240,180,0.0,10800,NY_CLOSE
1245,180,0.0,10800,NY_CLOSE
1250,180,0.0,10800,NY_CLOSE
1255,180,0.0,10800,NY_CLOSE
1260,180,0.0,10800,NY_CLOSE
1265,180,0.0,10800,NY_CLOSE
1270,180,0.0,10800,NY_CLOSE
1275,180,0.0,10800,NY_CLOSE
1280,180,0.0,10800,NY_CLOSE
1285,180,0.0,10800,NY_CLOSE
1290,180,0.0,10800,NY_CLOSE
1295,180,0.0,10800,NY_CLOSE
1300,180,0.0,10800,NY_CLOSE
1305,180,0.0,10800,NY_CLOSE
1310,180,0.0,10800,NY_CLOSE
1315,180,0.0,10800,NY_CLOSE
1320,180,0.0,10800,NY_CLOSE
1325,180,0.0,10800,NY_CLOSE
1330,180,0.0,10800,NY_CLOSE
1335,180,0.0,10800,NY_CLOSE
1340,180,0.0,10800,NY_CLOSE
1345,180,0.0,10800,NY_CLOSE
1350,180,0.0,10800,NY_CLOSE
1355,180,0.0,10800,NY_CLOSE
1360,180,0.0,10800,NY_CLOSE
1365,180,0.0,10800,NY_CLOSE
1370,180,0.0,10800,NY_CLOSE
1375,180,0.0,10800,NY_CLOSE
1380,180,0.0,10800,NY_CLOSE
1385,180,0.0,10800,NY_CLOSE
1390,180,0.0,10800,NY_CLOSE
1395,180,0.0,10800,NY_CLOSE
1400,180,0.0,10800,NY_CLOSE
1405,180,0.0,10800,NY_CLOSE
1410,180,0.0,10800,NY_CLOSE
1415,180,0.0,10800,NY_CLOSE
1420,180,0.0,10800,NY_CLOSE
1425,180,0.0,10800,NY_CLOSE
1430,180,0.0,10800,NY_CLOSE
1435,180,0.0,10800,NY_CLOSE
1440,180,0.0,10800,NY_CLOSE
1445,180,0.0,10800,NY_CLOSE
1450,180,0.0,10800,NY_CLOSE
1455,180,0.0,10800,NY_CLOSE
1460,180,0.0,10800,NY_CLOSE
1465,180,0.0,10800,NY_CLOSE
1470,180,0.0,10800,NY_CLOSE
1475,180,0.0,10800,NY_CLOSE
1480,180,0.0,10800,NY_CLOSE
1485,180,0.0,10800,NY_CLOSE
1490,180,0.0,10800,NY_CLOSE
1495,180,0.0,10800,NY_CLOSE
1500,180,0.0,10800,NY_CLOSE
1505,180,0.0,10800,NY_CLOSE
1510,180,0.0,10800,NY_CLOSE
1515,180,0.0,10800,NY_CLOSE
1520,180,0.0,10800,NY_CLOSE
1525,180,0.0,10800,NY_CLOSE
1530,180,0.0,10800,NY_CLOSE
1535,180,0.0,10800,NY_CLOSE
1540,180,0.0,10800,NY_CLOSE
1545,180,0.0,10800,NY_CLOSE
1550,180,0.0,10800,NY_CLOSE
1555,180,0.0,10800,NY_CLOSE
1560,180,0.0,10800,NY_CLOSE
1565,180,0.0,10800,NY_CLOSE
1570,180,0.0,10800,NY_CLOSE
1575,180,0.0,10800,NY_CLOSE
1580,180,0.0,10800,NY_CLOSE
1585,180,0.0,10800,NY_CLOSE
1590,180,0.0,10800,NY_CLOSE
1595,180,0.0,10800,NY_CLOSE
1600,180,0.0,10800,NY_CLOSE
1605,180,0.0,10800,NY_CLOSE
1610,180,0.0,10800,NY_CLOSE
1615,180,0.0,10800,NY_CLOSE
1620,180,0.0,10800,NY_CLOSE
1625,180,0.0,10800,NY_CLOSE
1630,180,0.0,10800,NY_CLOSE
1635,180,0.0,10800,NY_CLOSE
1640,180,0.0,10800,NY_CLOSE
1645,180,0.0,10800,NY_CLOSE
1650,180,0.0,10800,NY_CLOSE
1655,180,0.0,10800,NY_CLOSE
1660,180,0.0,10800,NY_CLOSE
1665,180,0.0,10800,NY_CLOSE
1670,180,0.0,10800,NY_CLOSE
1675,180,0.0,10800,NY_CLOSE
1680,180,0.0,10800,NY_CLOSE
1685,180,0.0,10800,NY_CLOSE
1690,180,0.0,10800,NY_CLOSE
1695,180,0.0,10800,NY_CLOSE
1700,180,0.0,10800,NY_CLOSE
1705,180,0.0,10800,NY_CLOSE
1710,180,0.0,10800,NY_CLOSE
1715,180,0.0,10800,NY_CLOSE
1720,180,0.0,10800,NY_CLOSE
1725,180,0.0,10800,NY_CLOSE
1730,180,0.0,10800,NY_CLOSE
1735,180,0.0,10800,NY_CLOSE
1740,180,0.0,10800,NY_CLOSE
1745,180,0.0,10800,NY_CLOSE
1750,180,0.0,10800,NY_CLOSE
1755,180,0.0,10800,NY_CLOSE
1760,180,0.0,10800,NY_CLOSE
1765,180,0.0,10800,NY_CLOSE
1770,180,0.0,10800,NY_CLOSE
1775,180,0.0,10800,NY_CLOSE
1780,180,0.0,10800,NY_CLOSE
1785,180,0.0,10800,NY_CLOSE
1790,180,0.0,10800,NY_CLOSE
1795,180,0.0,10800,NY_CLOSE
1800,180,0.0,10800,NY_CLOSE
1805,180,0.0,10800,NY_CLOSE
1810,180,0.0,10800,NY_CLOSE
1815,180,0.0,10800,NY_CLOSE
1820,180,0.0,10800,NY_CLOSE
1825,180,0.0,10800,NY_CLOSE
1830,180,0.0,10800,NY_CLOSE
1835,180,0.0,10800,NY_CLOSE
1840,180,0.0,10800,NY_CLOSE
1845,180,0.0,10800,NY_CLOSE
1850,180,0.0,10800,NY_CLOSE
1855,180,0.0,10800,NY_CLOSE
1860,180,0.0,10800,NY_CLOSE
1865,180,0.0,10800,NY_CLOSE
1870,180,0.0,10800,NY_CLOSE
1875,180,0.0,10800,NY_CLOSE
1880,180,0.0,10800,NY_CLOSE
1885,180,0.0,10800,NY_CLOSE
1890,180,0.0,10800,NY_CLOSE
1895,180,0.0,10800,NY_CLOSE
1900,180,0.0,10800,NY_CLOSE
1905,180,0.0,10800,NY_CLOSE
1910,180,0.0,10800,NY_CLOSE
1915,180,0.0,10800,NY_CLOSE
1920,180,0.0,10800,NY_CLOSE
1925,180,0.0,10800,NY_CLOSE
1930,180,0.0,10800,NY_CLOSE
1935,180,0.0,10800,NY_CLOSE
1940,180,0.0,10800,NY_CLOSE
1945,180,0.0,10800,NY_CLOSE
1950,180,0.0,10800,NY_CLOSE
1955,180,0.0,10800,NY_CLOSE
1960,180,0.0,10800,NY_CLOSE
1965,180,0.0,10800,NY_CLOSE
1970,180,0.0,10800,NY_CLOSE
1975,180,0.0,10800,NY_CLOSE
1980,180,0.0,10800,NY_CLOSE
1985,180,0.0,10800,NY_CLOSE
1990,180,0.0,10800,NY_CLOSE
1995,180,0.0,10800,NY_CLOSE
2000,180,0.0,10800,NY_CLOSE
50,180,0.995741,10800,NY_OPEN
55,180,0.990648,10800,NY_OPEN
60,180,0.9825,10800,NY_OPEN
65,180,0.972963,10800,NY_OPEN
70,180,0.957315,10800,NY_OPEN
75,180,0.939722,10800,NY_OPEN
80,180,0.917685,10800,NY_OPEN
85,180,0.894537,10800,NY_OPEN
90,180,0.8675,10800,NY_OPEN
95,180,0.841204,10800,NY_OPEN
100,180,0.814352,10800,NY_OPEN
105,180,0.78537,10800,NY_OPEN
110,180,0.757407,10800,NY_OPEN
115,180,0.723611,10800,NY_OPEN
120,180,0.691667,10800,NY_OPEN
125,180,0.661852,10800,NY_OPEN
130,180,0.631296,10800,NY_OPEN
135,180,0.599352,10800,NY_OPEN
140,180,0.568426,10800,NY_OPEN
145,180,0.5425,10800,NY_OPEN
150,180,0.516296,10800,NY_OPEN
155,180,0.489444,10800,NY_OPEN
160,180,0.464722,10800,NY_OPEN
165,180,0.44,10800,NY_OPEN
170,180,0.414907,10800,NY_OPEN
175,180,0.391667,10800,NY_OPEN
180,180,0.37,10800,NY_OPEN
185,180,0.348796,10800,NY_OPEN
190,180,0.324907,10800,NY_OPEN
195,180,0.306574,10800,NY_OPEN
200,180,0.287963,10800,NY_OPEN
205,180,0.270093,10800,NY_OPEN
210,180,0.251481,10800,NY_OPEN
215,180,0.237407,10800,NY_OPEN
220,180,0.2225,10800,NY_OPEN
225,180,0.209537,10800,NY_OPEN
230,180,0.194167,10800,NY_OPEN
235,180,0.182315,10800,NY_OPEN
240,180,0.171111,10800,NY_OPEN
245,180,0.159167,10800,NY_OPEN
250,180,0.148241,10800,NY_OPEN
255,180,0.137407,10800,NY_OPEN
260,180,0.128426,10800,NY_OPEN
265,180,0.120463,10800,NY_OPEN
270,180,0.112222,10800,NY_OPEN
275,180,0.104352,10800,NY_OPEN
280,180,0.097037,10800,NY_OPEN
285,180,0.089722,10800,NY_OPEN
290,180,0.084074,10800,NY_OPEN
295,180,0.078426,10800,NY_OPEN
300,180,0.072778,10800,NY_OPEN
305,180,0.067593,10800,NY_OPEN
310,180,0.063241,10800,NY_OPEN
315,180,0.058611,10800,NY_OPEN
320,180,0.054815,10800,NY_OPEN
325,180,0.05,10800,NY_OPEN
330,180,0.046204,10800,NY_OPEN
335,180,0.042963,10800,NY_OPEN
340,180,0.040463,10800,NY_OPEN
345,180,0.038056,10800,NY_OPEN
350,180,0.034907,10800,NY_OPEN
355,180,0.031759,10800,NY_OPEN
360,180,0.029352,10800,NY_OPEN
365,180,0.027407,10800,NY_OPEN
370,180,0.025556,10800,NY_OPEN
375,180,0.023426,10800,NY_OPEN
380,180,0.022037,10800,NY_OPEN
385,180,0.020278,10800,NY_OPEN
390,180,0.019259,10800,NY_OPEN
395,180,0.017963,10800,NY_OPEN
400,180,0.016667,10800,NY_OPEN
405,180,0.015463,10800,NY_OPEN
410,180,0.014167,10800,NY_OPEN
415,180,0.012963,10800,NY_OPEN
420,180,0.012222,10800,NY_OPEN
425,180,0.011111,10800,NY_OPEN
430,180,0.009815,10800,NY_OPEN
435,180,0.008796,10800,NY_OPEN
440,180,0.008333,10800,NY_OPEN
445,180,0.007315,10800,NY_OPEN
450,180,0.006667,10800,NY_OPEN
455,180,0.006111,10800,NY_OPEN
460,180,0.00537,10800,NY_OPEN
465,180,0.005185,10800,NY_OPEN
470,180,0.005,10800,NY_OPEN
475,180,0.004444,10800,NY_OPEN
480,180,0.004074,10800,NY_OPEN
485,180,0.003704,10800,NY_OPEN
490,180,0.003426,10800,NY_OPEN
495,180,0.003148,10800,NY_OPEN
500,180,0.002963,10800,NY_OPEN
505,180,0.00287,10800,NY_OPEN
510,180,0.002685,10800,NY_OPEN
515,180,0.002315,10800,NY_OPEN
520,180,0.002222,10800,NY_OPEN
525,180,0.002037,10800,NY_OPEN
530,180,0.002037,10800,NY_OPEN
535,180,0.001944,10800,NY_OPEN
540,180,0.001852,10800,NY_OPEN
545,180,0.001667,10800,NY_OPEN
550,180,0.001667,10800,NY_OPEN
555,180,0.001574,10800,NY_OPEN
560,180,0.001481,10800,NY_OPEN
565,180,0.001481,10800,NY_OPEN
570,180,0.001389,10800,NY_OPEN
575,180,0.001389,10800,NY_OPEN
580,180,0.001204,10800,NY_OPEN
585,180,0.001019,10800,NY_OPEN
590,180,0.001019,10800,NY_OPEN
595,180,0.001019,10800,NY_OPEN
600,180,0.000833,10800,NY_OPEN
605,180,0.000648,10800,NY_OPEN
610,180,0.000556,10800,NY_OPEN
615,180,0.000463,10800,NY_OPEN
620,180,0.00037,10800,NY_OPEN
625,180,0.000278,10800,NY_OPEN
630,180,0.000278,10800,NY_OPEN
635,180,0.000185,10800,NY_OPEN
640,180,9.3e-05,10800,NY_OPEN
645,180,9.3e-05,10800,NY_OPEN
650,180,9.3e-05,10800,NY_OPEN
655,180,9.3e-05,10800,NY_OPEN
660,180,9.3e-05,10800,NY_OPEN
665,180,9.3e-05,10800,NY_OPEN
670,180,0.0,10800,NY_OPEN
675,180,0.0,10800,NY_OPEN
680,180,0.0,10800,NY_OPEN
685,180,0.0,10800,NY_OPEN
690,180,0.0,10800,NY_OPEN
695,180,0.0,10800,NY_OPEN
700,180,0.0,10800,NY_OPEN
705,180,0.0,10800,NY_OPEN
710,180,0.0,10800,NY_OPEN
715,180,0.0,10800,NY_OPEN
720,180,0.0,10800,NY_OPEN
725,180,0.0,10800,NY_OPEN
730,180,0.0,10800,NY_OPEN
735,180,0.0,10800,NY_OPEN
740,180,0.0,10800,NY_OPEN
745,180,0.0,10800,NY_OPEN
750,180,0.0,10800,NY_OPEN
755,180,0.0,10800,NY_OPEN
760,180,0.0,10800,NY_OPEN
765,180,0.0,10800,NY_OPEN
770,180,0.0,10800,NY_OPEN
775,180,0.0,10800,NY_OPEN
780,180,0.0,10800,NY_OPEN
785,180,0.0,10800,NY_OPEN
790,180,0.0,10800,NY_OPEN
795,180,0.0,10800,NY_OPEN
800,180,0.0,10800,NY_OPEN
805,180,0.0,10800,NY_OPEN
810,180,0.0,10800,NY_OPEN
815,180,0.0,10800,NY_OPEN
820,180,0.0,10800,NY_OPEN
825,180,0.0,10800,NY_OPEN
830,180,0.0,10800,NY_OPEN
835,180,0.0,10800,NY_OPEN
840,180,0.0,10800,NY_OPEN
845,180,0.0,10800,NY_OPEN
850,180,0.0,10800,NY_OPEN
855,180,0.0,10800,NY_OPEN
860,180,0.0,10800,NY_OPEN
865,180,0.0,10800,NY_OPEN
870,180,0.0,10800,NY_OPEN
875,180,0.0,10800,NY_OPEN
880,180,0.0,10800,NY_OPEN
885,180,0.0,10800,NY_OPEN
890,180,0.0,10800,NY_OPEN
895,180,0.0,10800,NY_OPEN
900,180,0.0,10800,NY_OPEN
905,180,0.0,10800,NY_OPEN
910,180,0.0,10800,NY_OPEN
915,180,0.0,10800,NY_OPEN
920,180,0.0,10800,NY_OPEN
925,180,0.0,10800,NY_OPEN
930,180,0.0,10800,NY_OPEN
935,180,0.0,10800,NY_OPEN
940,180,0.0,10800,NY_OPEN
945,180,0.0,10800,NY_OPEN
950,180,0.0,10800,NY_OPEN
955,180,0.0,10800,NY_OPEN
960,180,0.0,10800,NY_OPEN
965,180,0.0,10800,NY_OPEN
970,180,0.0,10800,NY_OPEN
975,180,0.0,10800,NY_OPEN
980,180,0.0,10800,NY_OPEN
985,180,0.0,10800,NY_OPEN
990,180,0.0,10800,NY_OPEN
995,180,0.0,10800,NY_OPEN
1000,180,0.0,10800,NY_OPEN
1005,180,0.0,10800,NY_OPEN
1010,180,0.0,10800,NY_OPEN
1015,180,0.0,10800,NY_OPEN
1020,180,0.0,10800,NY_OPEN
1025,180,0.0,10800,NY_OPEN
1030,180,0.0,10800,NY_OPEN
1035,180,0.0,10800,NY_OPEN
1040,180,0.0,10800,NY_OPEN
1045,180,0.0,10800,NY_OPEN
1050,180,0.0,10800,NY_OPEN
1055,180,0.0,10800,NY_OPEN
1060,180,0.0,10800,NY_OPEN
1065,180,0.0,10800,NY_OPEN
1070,180,0.0,10800,NY_OPEN
1075,180,0.0,10800,NY_OPEN
1080,180,0.0,10800,NY_OPEN
1085,180,0.0,10800,NY_OPEN
1090,180,0.0,10800,NY_OPEN
1095,180,0.0,10800,NY_OPEN
1100,180,0.0,10800,NY_OPEN
1105,180,0.0,10800,NY_OPEN
1110,180,0.0,10800,NY_OPEN
1115,180,0.0,10800,NY_OPEN
1120,180,0.0,10800,NY_OPEN
1125,180,0.0,10800,NY_OPEN
1130,180,0.0,10800,NY_OPEN
1135,180,0.0,10800,NY_OPEN
1140,180,0.0,10800,NY_OPEN
1145,180,0.0,10800,NY_OPEN
1150,180,0.0,10800,NY_OPEN
1155,180,0.0,10800,NY_OPEN
1160,180,0.0,10800,NY_OPEN
1165,180,0.0,10800,NY_OPEN
1170,180,0.0,10800,NY_OPEN
1175,180,0.0,10800,NY_OPEN
1180,180,0.0,10800,NY_OPEN
1185,180,0.0,10800,NY_OPEN
1190,180,0.0,10800,NY_OPEN
1195,180,0.0,10800,NY_OPEN
1200,180,0.0,10800,NY_OPEN
1205,180,0.0,10800,NY_OPEN
1210,180,0.0,10800,NY_OPEN
1215,180,0.0,10800,NY_OPEN
1220,180,0.0,10800,NY_OPEN
1225,180,0.0,10800,NY_OPEN
1230,180,0.0,10800,NY_OPEN
1235,180,0.0,10800,NY_OPEN
1240,180,0.0,10800,NY_OPEN
1245,180,0.0,10800,NY_OPEN
1250,180,0.0,10800,NY_OPEN
1255,180,0.0,10800,NY_OPEN
1260,180,0.0,10800,NY_OPEN
1265,180,0.0,10800,NY_OPEN
1270,180,0.0,10800,NY_OPEN
1275,180,0.0,10800,NY_OPEN
1280,180,0.0,10800,NY_OPEN
1285,180,0.0,10800,NY_OPEN
1290,180,0.0,10800,NY_OPEN
1295,180,0.0,10800,NY_OPEN
1300,180,0.0,10800,NY_OPEN
1305,180,0.0,10800,NY_OPEN
1310,180,0.0,10800,NY_OPEN
1315,180,0.0,10800,NY_OPEN
1320,180,0.0,10800,NY_OPEN
1325,180,0.0,10800,NY_OPEN
1330,180,0.0,10800,NY_OPEN
1335,180,0.0,10800,NY_OPEN
1340,180,0.0,10800,NY_OPEN
1345,180,0.0,10800,NY_OPEN
1350,180,0.0,10800,NY_OPEN
1355,180,0.0,10800,NY_OPEN
1360,180,0.0,10800,NY_OPEN
1365,180,0.0,10800,NY_OPEN
1370,180,0.0,10800,NY_OPEN
1375,180,0.0,10800,NY_OPEN
1380,180,0.0,10800,NY_OPEN
1385,180,0.0,10800,NY_OPEN
1390,180,0.0,10800,NY_OPEN
1395,180,0.0,10800,NY_OPEN
1400,180,0.0,10800,NY_OPEN
1405,180,0.0,10800,NY_OPEN
1410,180,0.0,10800,NY_OPEN
1415,180,0.0,10800,NY_OPEN
1420,180,0.0,10800,NY_OPEN
1425,180,0.0,10800,NY_OPEN
1430,180,0.0,10800,NY_OPEN
1435,180,0.0,10800,NY_OPEN
1440,180,0.0,10800,NY_OPEN
1445,180,0.0,10800,NY_OPEN
1450,180,0.0,10800,NY_OPEN
1455,180,0.0,10800,NY_OPEN
1460,180,0.0,10800,NY_OPEN
1465,180,0.0,10800,NY_OPEN
1470,180,0.0,10800,NY_OPEN
1475,180,0.0,10800,NY_OPEN
1480,180,0.0,10800,NY_OPEN
1485,180,0.0,10800,NY_OPEN
1490,180,0.0,10800,NY_OPEN
1495,180,0.0,10800,NY_OPEN
1500,180,0.0,10800,NY_OPEN
1505,180,0.0,10800,NY_OPEN
1510,180,0.0,10800,NY_OPEN
1515,180,0.0,10800,NY_OPEN
1520,180,0.0,10800,NY_OPEN
1525,180,0.0,10800,NY_OPEN
1530,180,0.0,10800,NY_OPEN
1535,180,0.0,10800,NY_OPEN
1540,180,0.0,10800,NY_OPEN
1545,180,0.0,10800,NY_OPEN
1550,180,0.0,10800,NY_OPEN
1555,180,0.0,10800,NY_OPEN
1560,180,0.0,10800,NY_OPEN
1565,180,0.0,10800,NY_OPEN
1570,180,0.0,10800,NY_OPEN
1575,180,0.0,10800,NY_OPEN
1580,180,0.0,10800,NY_OPEN
1585,180,0.0,10800,NY_OPEN
1590,180,0.0,10800,NY_OPEN
1595,180,0.0,10800,NY_OPEN
1600,180,0.0,10800,NY_OPEN
1605,180,0.0,10800,NY_OPEN
1610,180,0.0,10800,NY_OPEN
1615,180,0.0,10800,NY_OPEN
1620,180,0.0,10800,NY_OPEN
1625,180,0.0,10800,NY_OPEN
1630,180,0.0,10800,NY_OPEN
1635,180,0.0,10800,NY_OPEN
1640,180,0.0,10800,NY_OPEN
1645,180,0.0,10800,NY_OPEN
1650,180,0.0,10800,NY_OPEN
1655,180,0.0,10800,NY_OPEN
1660,180,0.0,10800,NY_OPEN
1665,180,0.0,10800,NY_OPEN
1670,180,0.0,10800,NY_OPEN
1675,180,0.0,10800,NY_OPEN
1680,180,0.0,10800,NY_OPEN
1685,180,0.0,10800,NY_OPEN
1690,180,0.0,10800,NY_OPEN
1695,180,0.0,10800,NY_OPEN
1700,180,0.0,10800,NY_OPEN
1705,180,0.0,10800,NY_OPEN
1710,180,0.0,10800,NY_OPEN
1715,180,0.0,10800,NY_OPEN
1720,180,0.0,10800,NY_OPEN
1725,180,0.0,10800,NY_OPEN
1730,180,0.0,10800,NY_OPEN
1735,180,0.0,10800,NY_OPEN
1740,180,0.0,10800,NY_OPEN
1745,180,0.0,10800,NY_OPEN
1750,180,0.0,10800,NY_OPEN
1755,180,0.0,10800,NY_OPEN
1760,180,0.0,10800,NY_OPEN
1765,180,0.0,10800,NY_OPEN
1770,180,0.0,10800,NY_OPEN
1775,180,0.0,10800,NY_OPEN
1780,180,0.0,10800,NY_OPEN
1785,180,0.0,10800,NY_OPEN
1790,180,0.0,10800,NY_OPEN
1795,180,0.0,10800,NY_OPEN
1800,180,0.0,10800,NY_OPEN
1805,180,0.0,10800,NY_OPEN
1810,180,0.0,10800,NY_OPEN
1815,180,0.0,10800,NY_OPEN
1820,180,0.0,10800,NY_OPEN
1825,180,0.0,10800,NY_OPEN
1830,180,0.0,10800,NY_OPEN
1835,180,0.0,10800,NY_OPEN
1840,180,0.0,10800,NY_OPEN
1845,180,0.0,10800,NY_OPEN
1850,180,0.0,10800,NY_OPEN
1855,180,0.0,10800,NY_OPEN
1860,180,0.0,10800,NY_OPEN
1865,180,0.0,10800,NY_OPEN
1870,180,0.0,10800,NY_OPEN
1875,180,0.0,10800,NY_OPEN
1880,180,0.0,10800,NY_OPEN
1885,180,0.0,10800,NY_OPEN
1890,180,0.0,10800,NY_OPEN
1895,180,0.0,10800,NY_OPEN
1900,180,0.0,10800,NY_OPEN
1905,180,0.0,10800,NY_OPEN
1910,180,0.0,10800,NY_OPEN
1915,180,0.0,10800,NY_OPEN
1920,180,0.0,10800,NY_OPEN
1925,180,0.0,10800,NY_OPEN
1930,180,0.0,10800,NY_OPEN
1935,180,0.0,10800,NY_OPEN
1940,180,0.0,10800,NY_OPEN
1945,180,0.0,10800,NY_OPEN
1950,180,0.0,10800,NY_OPEN
1955,180,0.0,10800,NY_OPEN
1960,180,0.0,10800,NY_OPEN
1965,180,0.0,10800,NY_OPEN
1970,180,0.0,10800,NY_OPEN
1975,180,0.0,10800,NY_OPEN
1980,180,0.0,10800,NY_OPEN
1985,180,0.0,10800,NY_OPEN
1990,180,0.0,10800,NY_OPEN
1995,180,0.0,10800,NY_OPEN
2000,180,0.0,10800,NY_OPEN
50,180,0.977528,16020,NY_PRE
55,180,0.961798,16020,NY_PRE
60,180,0.941698,16020,NY_PRE
65,180,0.914794,16020,NY_PRE
70,180,0.884332,16020,NY_PRE
75,180,0.851248,16020,NY_PRE
80,180,0.81623,16020,NY_PRE
85,180,0.782272,16020,NY_PRE
90,180,0.743196,16020,NY_PRE
95,180,0.703558,16020,NY_PRE
100,180,0.665418,16020,NY_PRE
105,180,0.630025,16020,NY_PRE
110,180,0.593009,16020,NY_PRE
115,180,0.556429,16020,NY_PRE
120,180,0.522659,16020,NY_PRE
125,180,0.490949,16020,NY_PRE
130,180,0.457428,16020,NY_PRE
135,180,0.425281,16020,NY_PRE
140,180,0.396816,16020,NY_PRE
145,180,0.368414,16020,NY_PRE
150,180,0.344007,16020,NY_PRE
155,180,0.321598,16020,NY_PRE
160,180,0.299875,16020,NY_PRE
165,180,0.278027,16020,NY_PRE
170,180,0.256617,16020,NY_PRE
175,180,0.238951,16020,NY_PRE
180,180,0.220911,16020,NY_PRE
185,180,0.20412,16020,NY_PRE
190,180,0.187203,16020,NY_PRE
195,180,0.172722,16020,NY_PRE
200,180,0.159301,16020,NY_PRE
205,180,0.146754,16020,NY_PRE
210,180,0.134769,16020,NY_PRE
215,180,0.12372,16020,NY_PRE
220,180,0.112609,16020,NY_PRE
225,180,0.103308,16020,NY_PRE
230,180,0.094507,16020,NY_PRE
235,180,0.087141,16020,NY_PRE
240,180,0.079401,16020,NY_PRE
245,180,0.07216,16020,NY_PRE
250,180,0.064419,16020,NY_PRE
255,180,0.058427,16020,NY_PRE
260,180,0.052809,16020,NY_PRE
265,180,0.049251,16020,NY_PRE
270,180,0.044132,16020,NY_PRE
275,180,0.040012,16020,NY_PRE
280,180,0.036642,16020,NY_PRE
285,180,0.032959,16020,NY_PRE
290,180,0.029838,16020,NY_PRE
295,180,0.028027,16020,NY_PRE
300,180,0.025094,16020,NY_PRE
305,180,0.022971,16020,NY_PRE
310,180,0.020974,16020,NY_PRE
315,180,0.018602,16020,NY_PRE
320,180,0.017041,16020,NY_PRE
325,180,0.015106,16020,NY_PRE
330,180,0.013233,16020,NY_PRE
335,180,0.011923,16020,NY_PRE
340,180,0.010861,16020,NY_PRE
345,180,0.009738,16020,NY_PRE
350,180,0.008614,16020,NY_PRE
355,180,0.007803,16020,NY_PRE
360,180,0.007241,16020,NY_PRE
365,180,0.006804,16020,NY_PRE
370,180,0.006305,16020,NY_PRE
375,180,0.005431,16020,NY_PRE
380,180,0.005243,16020,NY_PRE
385,180,0.004494,16020,NY_PRE
390,180,0.004182,16020,NY_PRE
395,180,0.00362,16020,NY_PRE
400,180,0.003059,16020,NY_PRE
405,180,0.002497,16020,NY_PRE
410,180,0.00231,16020,NY_PRE
415,180,0.002122,16020,NY_PRE
420,180,0.001873,16020,NY_PRE
425,180,0.001623,16020,NY_PRE
430,180,0.001561,16020,NY_PRE
435,180,0.001311,16020,NY_PRE
440,180,0.001248,16020,NY_PRE
445,180,0.001061,16020,NY_PRE
450,180,0.000811,16020,NY_PRE
455,180,0.000687,16020,NY_PRE
460,180,0.000562,16020,NY_PRE
465,180,0.000499,16020,NY_PRE
470,180,0.000375,16020,NY_PRE
475,180,0.000312,16020,NY_PRE
480,180,0.000312,16020,NY_PRE
485,180,0.000312,16020,NY_PRE
490,180,0.000312,16020,NY_PRE
495,180,0.000312,16020,NY_PRE
500,180,0.000312,16020,NY_PRE
505,180,0.000312,16020,NY_PRE
510,180,0.000312,16020,NY_PRE
515,180,0.000312,16020,NY_PRE
520,180,0.000312,16020,NY_PRE
525,180,0.00025,16020,NY_PRE
530,180,0.000187,16020,NY_PRE
535,180,0.000187,16020,NY_PRE
540,180,0.000125,16020,NY_PRE
545,180,0.000125,16020,NY_PRE
550,180,0.000125,16020,NY_PRE
555,180,0.000125,16020,NY_PRE
560,180,6.2e-05,16020,NY_PRE
565,180,6.2e-05,16020,NY_PRE
570,180,6.2e-05,16020,NY_PRE
575,180,6.2e-05,16020,NY_PRE
580,180,6.2e-05,16020,NY_PRE
585,180,6.2e-05,16020,NY_PRE
590,180,6.2e-05,16020,NY_PRE
595,180,0.0,16020,NY_PRE
600,180,0.0,16020,NY_PRE
605,180,0.0,16020,NY_PRE
610,180,0.0,16020,NY_PRE
615,180,0.0,16020,NY_PRE
620,180,0.0,16020,NY_PRE
625,180,0.0,16020,NY_PRE
630,180,0.0,16020,NY_PRE
635,180,0.0,16020,NY_PRE
640,180,0.0,16020,NY_PRE
645,180,0.0,16020,NY_PRE
650,180,0.0,16020,NY_PRE
655,180,0.0,16020,NY_PRE
660,180,0.0,16020,NY_PRE
665,180,0.0,16020,NY_PRE
670,180,0.0,16020,NY_PRE
675,180,0.0,16020,NY_PRE
680,180,0.0,16020,NY_PRE
685,180,0.0,16020,NY_PRE
690,180,0.0,16020,NY_PRE
695,180,0.0,16020,NY_PRE
700,180,0.0,16020,NY_PRE
705,180,0.0,16020,NY_PRE
710,180,0.0,16020,NY_PRE
715,180,0.0,16020,NY_PRE
720,180,0.0,16020,NY_PRE
725,180,0.0,16020,NY_PRE
730,180,0.0,16020,NY_PRE
735,180,0.0,16020,NY_PRE
740,180,0.0,16020,NY_PRE
745,180,0.0,16020,NY_PRE
750,180,0.0,16020,NY_PRE
755,180,0.0,16020,NY_PRE
760,180,0.0,16020,NY_PRE
765,180,0.0,16020,NY_PRE
770,180,0.0,16020,NY_PRE
775,180,0.0,16020,NY_PRE
780,180,0.0,16020,NY_PRE
785,180,0.0,16020,NY_PRE
790,180,0.0,16020,NY_PRE
795,180,0.0,16020,NY_PRE
800,180,0.0,16020,NY_PRE
805,180,0.0,16020,NY_PRE
810,180,0.0,16020,NY_PRE
815,180,0.0,16020,NY_PRE
820,180,0.0,16020,NY_PRE
825,180,0.0,16020,NY_PRE
830,180,0.0,16020,NY_PRE
835,180,0.0,16020,NY_PRE
840,180,0.0,16020,NY_PRE
845,180,0.0,16020,NY_PRE
850,180,0.0,16020,NY_PRE
855,180,0.0,16020,NY_PRE
860,180,0.0,16020,NY_PRE
865,180,0.0,16020,NY_PRE
870,180,0.0,16020,NY_PRE
875,180,0.0,16020,NY_PRE
880,180,0.0,16020,NY_PRE
885,180,0.0,16020,NY_PRE
890,180,0.0,16020,NY_PRE
895,180,0.0,16020,NY_PRE
900,180,0.0,16020,NY_PRE
905,180,0.0,16020,NY_PRE
910,180,0.0,16020,NY_PRE
915,180,0.0,16020,NY_PRE
920,180,0.0,16020,NY_PRE
925,180,0.0,16020,NY_PRE
930,180,0.0,16020,NY_PRE
935,180,0.0,16020,NY_PRE
940,180,0.0,16020,NY_PRE
945,180,0.0,16020,NY_PRE
950,180,0.0,16020,NY_PRE
955,180,0.0,16020,NY_PRE
960,180,0.0,16020,NY_PRE
965,180,0.0,16020,NY_PRE
970,180,0.0,16020,NY_PRE
975,180,0.0,16020,NY_PRE
980,180,0.0,16020,NY_PRE
985,180,0.0,16020,NY_PRE
990,180,0.0,16020,NY_PRE
995,180,0.0,16020,NY_PRE
1000,180,0.0,16020,NY_PRE
1005,180,0.0,16020,NY_PRE
1010,180,0.0,16020,NY_PRE
1015,180,0.0,16020,NY_PRE
1020,180,0.0,16020,NY_PRE
1025,180,0.0,16020,NY_PRE
1030,180,0.0,16020,NY_PRE
1035,180,0.0,16020,NY_PRE
1040,180,0.0,16020,NY_PRE
1045,180,0.0,16020,NY_PRE
1050,180,0.0,16020,NY_PRE
1055,180,0.0,16020,NY_PRE
1060,180,0.0,16020,NY_PRE
1065,180,0.0,16020,NY_PRE
1070,180,0.0,16020,NY_PRE
1075,180,0.0,16020,NY_PRE
1080,180,0.0,16020,NY_PRE
1085,180,0.0,16020,NY_PRE
1090,180,0.0,16020,NY_PRE
1095,180,0.0,16020,NY_PRE
1100,180,0.0,16020,NY_PRE
1105,180,0.0,16020,NY_PRE
1110,180,0.0,16020,NY_PRE
1115,180,0.0,16020,NY_PRE
1120,180,0.0,16020,NY_PRE
1125,180,0.0,16020,NY_PRE
1130,180,0.0,16020,NY_PRE
1135,180,0.0,16020,NY_PRE
1140,180,0.0,16020,NY_PRE
1145,180,0.0,16020,NY_PRE
1150,180,0.0,16020,NY_PRE
1155,180,0.0,16020,NY_PRE
1160,180,0.0,16020,NY_PRE
1165,180,0.0,16020,NY_PRE
1170,180,0.0,16020,NY_PRE
1175,180,0.0,16020,NY_PRE
1180,180,0.0,16020,NY_PRE
1185,180,0.0,16020,NY_PRE
1190,180,0.0,16020,NY_PRE
1195,180,0.0,16020,NY_PRE
1200,180,0.0,16020,NY_PRE
1205,180,0.0,16020,NY_PRE
1210,180,0.0,16020,NY_PRE
1215,180,0.0,16020,NY_PRE
1220,180,0.0,16020,NY_PRE
1225,180,0.0,16020,NY_PRE
1230,180,0.0,16020,NY_PRE
1235,180,0.0,16020,NY_PRE
1240,180,0.0,16020,NY_PRE
1245,180,0.0,16020,NY_PRE
1250,180,0.0,16020,NY_PRE
1255,180,0.0,16020,NY_PRE
1260,180,0.0,16020,NY_PRE
1265,180,0.0,16020,NY_PRE
1270,180,0.0,16020,NY_PRE
1275,180,0.0,16020,NY_PRE
1280,180,0.0,16020,NY_PRE
1285,180,0.0,16020,NY_PRE
1290,180,0.0,16020,NY_PRE
1295,180,0.0,16020,NY_PRE
1300,180,0.0,16020,NY_PRE
1305,180,0.0,16020,NY_PRE
1310,180,0.0,16020,NY_PRE
1315,180,0.0,16020,NY_PRE
1320,180,0.0,16020,NY_PRE
1325,180,0.0,16020,NY_PRE
1330,180,0.0,16020,NY_PRE
1335,180,0.0,16020,NY_PRE
1340,180,0.0,16020,NY_PRE
1345,180,0.0,16020,NY_PRE
1350,180,0.0,16020,NY_PRE
1355,180,0.0,16020,NY_PRE
1360,180,0.0,16020,NY_PRE
1365,180,0.0,16020,NY_PRE
1370,180,0.0,16020,NY_PRE
1375,180,0.0,16020,NY_PRE
1380,180,0.0,16020,NY_PRE
1385,180,0.0,16020,NY_PRE
1390,180,0.0,16020,NY_PRE
1395,180,0.0,16020,NY_PRE
1400,180,0.0,16020,NY_PRE
1405,180,0.0,16020,NY_PRE
1410,180,0.0,16020,NY_PRE
1415,180,0.0,16020,NY_PRE
1420,180,0.0,16020,NY_PRE
1425,180,0.0,16020,NY_PRE
1430,180,0.0,16020,NY_PRE
1435,180,0.0,16020,NY_PRE
1440,180,0.0,16020,NY_PRE
1445,180,0.0,16020,NY_PRE
1450,180,0.0,16020,NY_PRE
1455,180,0.0,16020,NY_PRE
1460,180,0.0,16020,NY_PRE
1465,180,0.0,16020,NY_PRE
1470,180,0.0,16020,NY_PRE
1475,180,0.0,16020,NY_PRE
1480,180,0.0,16020,NY_PRE
1485,180,0.0,16020,NY_PRE
1490,180,0.0,16020,NY_PRE
1495,180,0.0,16020,NY_PRE
1500,180,0.0,16020,NY_PRE
1505,180,0.0,16020,NY_PRE
1510,180,0.0,16020,NY_PRE
1515,180,0.0,16020,NY_PRE
1520,180,0.0,16020,NY_PRE
1525,180,0.0,16020,NY_PRE
1530,180,0.0,16020,NY_PRE
1535,180,0.0,16020,NY_PRE
1540,180,0.0,16020,NY_PRE
1545,180,0.0,16020,NY_PRE
1550,180,0.0,16020,NY_PRE
1555,180,0.0,16020,NY_PRE
1560,180,0.0,16020,NY_PRE
1565,180,0.0,16020,NY_PRE
1570,180,0.0,16020,NY_PRE
1575,180,0.0,16020,NY_PRE
1580,180,0.0,16020,NY_PRE
1585,180,0.0,16020,NY_PRE
1590,180,0.0,16020,NY_PRE
1595,180,0.0,16020,NY_PRE
1600,180,0.0,16020,NY_PRE
1605,180,0.0,16020,NY_PRE
1610,180,0.0,16020,NY_PRE
1615,180,0.0,16020,NY_PRE
1620,180,0.0,16020,NY_PRE
1625,180,0.0,16020,NY_PRE
1630,180,0.0,16020,NY_PRE
1635,180,0.0,16020,NY_PRE
1640,180,0.0,16020,NY_PRE
1645,180,0.0,16020,NY_PRE
1650,180,0.0,16020,NY_PRE
1655,180,0.0,16020,NY_PRE
1660,180,0.0,16020,NY_PRE
1665,180,0.0,16020,NY_PRE
1670,180,0.0,16020,NY_PRE
1675,180,0.0,16020,NY_PRE
1680,180,0.0,16020,NY_PRE
1685,180,0.0,16020,NY_PRE
1690,180,0.0,16020,NY_PRE
1695,180,0.0,16020,NY_PRE
1700,180,0.0,16020,NY_PRE
1705,180,0.0,16020,NY_PRE
1710,180,0.0,16020,NY_PRE
1715,180,0.0,16020,NY_PRE
1720,180,0.0,16020,NY_PRE
1725,180,0.0,16020,NY_PRE
1730,180,0.0,16020,NY_PRE
1735,180,0.0,16020,NY_PRE
1740,180,0.0,16020,NY_PRE
1745,180,0.0,16020,NY_PRE
1750,180,0.0,16020,NY_PRE
1755,180,0.0,16020,NY_PRE
1760,180,0.0,16020,NY_PRE
1765,180,0.0,16020,NY_PRE
1770,180,0.0,16020,NY_PRE
1775,180,0.0,16020,NY_PRE
1780,180,0.0,16020,NY_PRE
1785,180,0.0,16020,NY_PRE
1790,180,0.0,16020,NY_PRE
1795,180,0.0,16020,NY_PRE
1800,180,0.0,16020,NY_PRE
1805,180,0.0,16020,NY_PRE
1810,180,0.0,16020,NY_PRE
1815,180,0.0,16020,NY_PRE
1820,180,0.0,16020,NY_PRE
1825,180,0.0,16020,NY_PRE
1830,180,0.0,16020,NY_PRE
1835,180,0.0,16020,NY_PRE
1840,180,0.0,16020,NY_PRE
1845,180,0.0,16020,NY_PRE
1850,180,0.0,16020,NY_PRE
1855,180,0.0,16020,NY_PRE
1860,180,0.0,16020,NY_PRE
1865,180,0.0,16020,NY_PRE
1870,180,0.0,16020,NY_PRE
1875,180,0.0,16020,NY_PRE
1880,180,0.0,16020,NY_PRE
1885,180,0.0,16020,NY_PRE
1890,180,0.0,16020,NY_PRE
1895,180,0.0,16020,NY_PRE
1900,180,0.0,16020,NY_PRE
1905,180,0.0,16020,NY_PRE
1910,180,0.0,16020,NY_PRE
1915,180,0.0,16020,NY_PRE
1920,180,0.0,16020,NY_PRE
1925,180,0.0,16020,NY_PRE
1930,180,0.0,16020,NY_PRE
1935,180,0.0,16020,NY_PRE
1940,180,0.0,16020,NY_PRE
1945,180,0.0,16020,NY_PRE
1950,180,0.0,16020,NY_PRE
1955,180,0.0,16020,NY_PRE
1960,180,0.0,16020,NY_PRE
1965,180,0.0,16020,NY_PRE
1970,180,0.0,16020,NY_PRE
1975,180,0.0,16020,NY_PRE
1980,180,0.0,16020,NY_PRE
1985,180,0.0,16020,NY_PRE
1990,180,0.0,16020,NY_PRE
1995,180,0.0,16020,NY_PRE
2000,180,0.0,16020,NY_PRE
50,180,0.987037,540,UNKNOWN
55,180,0.972222,540,UNKNOWN
60,180,0.95,540,UNKNOWN
65,180,0.937037,540,UNKNOWN
70,180,0.901852,540,UNKNOWN
75,180,0.881481,540,UNKNOWN
80,180,0.846296,540,UNKNOWN
85,180,0.8,540,UNKNOWN
90,180,0.766667,540,UNKNOWN
95,180,0.727778,540,UNKNOWN
100,180,0.698148,540,UNKNOWN
105,180,0.661111,540,UNKNOWN
110,180,0.638889,540,UNKNOWN
115,180,0.611111,540,UNKNOWN
120,180,0.581481,540,UNKNOWN
125,180,0.555556,540,UNKNOWN
130,180,0.531481,540,UNKNOWN
135,180,0.498148,540,UNKNOWN
140,180,0.472222,540,UNKNOWN
145,180,0.431481,540,UNKNOWN
150,180,0.409259,540,UNKNOWN
155,180,0.390741,540,UNKNOWN
160,180,0.361111,540,UNKNOWN
165,180,0.342593,540,UNKNOWN
170,180,0.322222,540,UNKNOWN
175,180,0.307407,540,UNKNOWN
180,180,0.283333,540,UNKNOWN
185,180,0.257407,540,UNKNOWN
190,180,0.235185,540,UNKNOWN
195,180,0.216667,540,UNKNOWN
200,180,0.201852,540,UNKNOWN
205,180,0.188889,540,UNKNOWN
210,180,0.17963,540,UNKNOWN
215,180,0.162963,540,UNKNOWN
220,180,0.148148,540,UNKNOWN
225,180,0.131481,540,UNKNOWN
230,180,0.127778,540,UNKNOWN
235,180,0.109259,540,UNKNOWN
240,180,0.103704,540,UNKNOWN
245,180,0.092593,540,UNKNOWN
250,180,0.087037,540,UNKNOWN
255,180,0.083333,540,UNKNOWN
260,180,0.077778,540,UNKNOWN
265,180,0.07037,540,UNKNOWN
270,180,0.061111,540,UNKNOWN
275,180,0.057407,540,UNKNOWN
280,180,0.053704,540,UNKNOWN
285,180,0.046296,540,UNKNOWN
290,180,0.044444,540,UNKNOWN
295,180,0.044444,540,UNKNOWN
300,180,0.044444,540,UNKNOWN
305,180,0.042593,540,UNKNOWN
310,180,0.042593,540,UNKNOWN
315,180,0.042593,540,UNKNOWN
320,180,0.038889,540,UNKNOWN
325,180,0.031481,540,UNKNOWN
330,180,0.027778,540,UNKNOWN
335,180,0.025926,540,UNKNOWN
340,180,0.024074,540,UNKNOWN
345,180,0.024074,540,UNKNOWN
350,180,0.02037,540,UNKNOWN
355,180,0.02037,540,UNKNOWN
360,180,0.02037,540,UNKNOWN
365,180,0.018519,540,UNKNOWN
370,180,0.018519,540,UNKNOWN
375,180,0.016667,540,UNKNOWN
380,180,0.014815,540,UNKNOWN
385,180,0.012963,540,UNKNOWN
390,180,0.012963,540,UNKNOWN
395,180,0.011111,540,UNKNOWN
400,180,0.009259,540,UNKNOWN
405,180,0.009259,540,UNKNOWN
410,180,0.009259,540,UNKNOWN
415,180,0.007407,540,UNKNOWN
420,180,0.005556,540,UNKNOWN
425,180,0.003704,540,UNKNOWN
430,180,0.003704,540,UNKNOWN
435,180,0.003704,540,UNKNOWN
440,180,0.003704,540,UNKNOWN
445,180,0.003704,540,UNKNOWN
450,180,0.003704,540,UNKNOWN
455,180,0.003704,540,UNKNOWN
460,180,0.003704,540,UNKNOWN
465,180,0.003704,540,UNKNOWN
470,180,0.003704,540,UNKNOWN
475,180,0.003704,540,UNKNOWN
480,180,0.003704,540,UNKNOWN
485,180,0.003704,540,UNKNOWN
490,180,0.001852,540,UNKNOWN
495,180,0.001852,540,UNKNOWN
500,180,0.001852,540,UNKNOWN
505,180,0.001852,540,UNKNOWN
510,180,0.0,540,UNKNOWN
515,180,0.0,540,UNKNOWN
520,180,0.0,540,UNKNOWN
525,180,0.0,540,UNKNOWN
530,180,0.0,540,UNKNOWN
535,180,0.0,540,UNKNOWN
540,180,0.0,540,UNKNOWN
545,180,0.0,540,UNKNOWN
550,180,0.0,540,UNKNOWN
555,180,0.0,540,UNKNOWN
560,180,0.0,540,UNKNOWN
565,180,0.0,540,UNKNOWN
570,180,0.0,540,UNKNOWN
575,180,0.0,540,UNKNOWN
580,180,0.0,540,UNKNOWN
585,180,0.0,540,UNKNOWN
590,180,0.0,540,UNKNOWN
595,180,0.0,540,UNKNOWN
600,180,0.0,540,UNKNOWN
605,180,0.0,540,UNKNOWN
610,180,0.0,540,UNKNOWN
615,180,0.0,540,UNKNOWN
620,180,0.0,540,UNKNOWN
625,180,0.0,540,UNKNOWN
630,180,0.0,540,UNKNOWN
635,180,0.0,540,UNKNOWN
640,180,0.0,540,UNKNOWN
645,180,0.0,540,UNKNOWN
650,180,0.0,540,UNKNOWN
655,180,0.0,540,UNKNOWN
660,180,0.0,540,UNKNOWN
665,180,0.0,540,UNKNOWN
670,180,0.0,540,UNKNOWN
675,180,0.0,540,UNKNOWN
680,180,0.0,540,UNKNOWN
685,180,0.0,540,UNKNOWN
690,180,0.0,540,UNKNOWN
695,180,0.0,540,UNKNOWN
700,180,0.0,540,UNKNOWN
705,180,0.0,540,UNKNOWN
710,180,0.0,540,UNKNOWN
715,180,0.0,540,UNKNOWN
720,180,0.0,540,UNKNOWN
725,180,0.0,540,UNKNOWN
730,180,0.0,540,UNKNOWN
735,180,0.0,540,UNKNOWN
740,180,0.0,540,UNKNOWN
745,180,0.0,540,UNKNOWN
750,180,0.0,540,UNKNOWN
755,180,0.0,540,UNKNOWN
760,180,0.0,540,UNKNOWN
765,180,0.0,540,UNKNOWN
770,180,0.0,540,UNKNOWN
775,180,0.0,540,UNKNOWN
780,180,0.0,540,UNKNOWN
785,180,0.0,540,UNKNOWN
790,180,0.0,540,UNKNOWN
795,180,0.0,540,UNKNOWN
800,180,0.0,540,UNKNOWN
805,180,0.0,540,UNKNOWN
810,180,0.0,540,UNKNOWN
815,180,0.0,540,UNKNOWN
820,180,0.0,540,UNKNOWN
825,180,0.0,540,UNKNOWN
830,180,0.0,540,UNKNOWN
835,180,0.0,540,UNKNOWN
840,180,0.0,540,UNKNOWN
845,180,0.0,540,UNKNOWN
850,180,0.0,540,UNKNOWN
855,180,0.0,540,UNKNOWN
860,180,0.0,540,UNKNOWN
865,180,0.0,540,UNKNOWN
870,180,0.0,540,UNKNOWN
875,180,0.0,540,UNKNOWN
880,180,0.0,540,UNKNOWN
885,180,0.0,540,UNKNOWN
890,180,0.0,540,UNKNOWN
895,180,0.0,540,UNKNOWN
900,180,0.0,540,UNKNOWN
905,180,0.0,540,UNKNOWN
910,180,0.0,540,UNKNOWN
915,180,0.0,540,UNKNOWN
920,180,0.0,540,UNKNOWN
925,180,0.0,540,UNKNOWN
930,180,0.0,540,UNKNOWN
935,180,0.0,540,UNKNOWN
940,180,0.0,540,UNKNOWN
945,180,0.0,540,UNKNOWN
950,180,0.0,540,UNKNOWN
955,180,0.0,540,UNKNOWN
960,180,0.0,540,UNKNOWN
965,180,0.0,540,UNKNOWN
970,180,0.0,540,UNKNOWN
975,180,0.0,540,UNKNOWN
980,180,0.0,540,UNKNOWN
985,180,0.0,540,UNKNOWN
990,180,0.0,540,UNKNOWN
995,180,0.0,540,UNKNOWN
1000,180,0.0,540,UNKNOWN
1005,180,0.0,540,UNKNOWN
1010,180,0.0,540,UNKNOWN
1015,180,0.0,540,UNKNOWN
1020,180,0.0,540,UNKNOWN
1025,180,0.0,540,UNKNOWN
1030,180,0.0,540,UNKNOWN
1035,180,0.0,540,UNKNOWN
1040,180,0.0,540,UNKNOWN
1045,180,0.0,540,UNKNOWN
1050,180,0.0,540,UNKNOWN
1055,180,0.0,540,UNKNOWN
1060,180,0.0,540,UNKNOWN
1065,180,0.0,540,UNKNOWN
1070,180,0.0,540,UNKNOWN
1075,180,0.0,540,UNKNOWN
1080,180,0.0,540,UNKNOWN
1085,180,0.0,540,UNKNOWN
1090,180,0.0,540,UNKNOWN
1095,180,0.0,540,UNKNOWN
1100,180,0.0,540,UNKNOWN
1105,180,0.0,540,UNKNOWN
1110,180,0.0,540,UNKNOWN
1115,180,0.0,540,UNKNOWN
1120,180,0.0,540,UNKNOWN
1125,180,0.0,540,UNKNOWN
1130,180,0.0,540,UNKNOWN
1135,180,0.0,540,UNKNOWN
1140,180,0.0,540,UNKNOWN
1145,180,0.0,540,UNKNOWN
1150,180,0.0,540,UNKNOWN
1155,180,0.0,540,UNKNOWN
1160,180,0.0,540,UNKNOWN
1165,180,0.0,540,UNKNOWN
1170,180,0.0,540,UNKNOWN
1175,180,0.0,540,UNKNOWN
1180,180,0.0,540,UNKNOWN
1185,180,0.0,540,UNKNOWN
1190,180,0.0,540,UNKNOWN
1195,180,0.0,540,UNKNOWN
1200,180,0.0,540,UNKNOWN
1205,180,0.0,540,UNKNOWN
1210,180,0.0,540,UNKNOWN
1215,180,0.0,540,UNKNOWN
1220,180,0.0,540,UNKNOWN
1225,180,0.0,540,UNKNOWN
1230,180,0.0,540,UNKNOWN
1235,180,0.0,540,UNKNOWN
1240,180,0.0,540,UNKNOWN
1245,180,0.0,540,UNKNOWN
1250,180,0.0,540,UNKNOWN
1255,180,0.0,540,UNKNOWN
1260,180,0.0,540,UNKNOWN
1265,180,0.0,540,UNKNOWN
1270,180,0.0,540,UNKNOWN
1275,180,0.0,540,UNKNOWN
1280,180,0.0,540,UNKNOWN
1285,180,0.0,540,UNKNOWN
1290,180,0.0,540,UNKNOWN
1295,180,0.0,540,UNKNOWN
1300,180,0.0,540,UNKNOWN
1305,180,0.0,540,UNKNOWN
1310,180,0.0,540,UNKNOWN
1315,180,0.0,540,UNKNOWN
1320,180,0.0,540,UNKNOWN
1325,180,0.0,540,UNKNOWN
1330,180,0.0,540,UNKNOWN
1335,180,0.0,540,UNKNOWN
1340,180,0.0,540,UNKNOWN
1345,180,0.0,540,UNKNOWN
1350,180,0.0,540,UNKNOWN
1355,180,0.0,540,UNKNOWN
1360,180,0.0,540,UNKNOWN
1365,180,0.0,540,UNKNOWN
1370,180,0.0,540,UNKNOWN
1375,180,0.0,540,UNKNOWN
1380,180,0.0,540,UNKNOWN
1385,180,0.0,540,UNKNOWN
1390,180,0.0,540,UNKNOWN
1395,180,0.0,540,UNKNOWN
1400,180,0.0,540,UNKNOWN
1405,180,0.0,540,UNKNOWN
1410,180,0.0,540,UNKNOWN
1415,180,0.0,540,UNKNOWN
1420,180,0.0,540,UNKNOWN
1425,180,0.0,540,UNKNOWN
1430,180,0.0,540,UNKNOWN
1435,180,0.0,540,UNKNOWN
1440,180,0.0,540,UNKNOWN
1445,180,0.0,540,UNKNOWN
1450,180,0.0,540,UNKNOWN
1455,180,0.0,540,UNKNOWN
1460,180,0.0,540,UNKNOWN
1465,180,0.0,540,UNKNOWN
1470,180,0.0,540,UNKNOWN
1475,180,0.0,540,UNKNOWN
1480,180,0.0,540,UNKNOWN
1485,180,0.0,540,UNKNOWN
1490,180,0.0,540,UNKNOWN
1495,180,0.0,540,UNKNOWN
1500,180,0.0,540,UNKNOWN
1505,180,0.0,540,UNKNOWN
1510,180,0.0,540,UNKNOWN
1515,180,0.0,540,UNKNOWN
1520,180,0.0,540,UNKNOWN
1525,180,0.0,540,UNKNOWN
1530,180,0.0,540,UNKNOWN
1535,180,0.0,540,UNKNOWN
1540,180,0.0,540,UNKNOWN
1545,180,0.0,540,UNKNOWN
1550,180,0.0,540,UNKNOWN
1555,180,0.0,540,UNKNOWN
1560,180,0.0,540,UNKNOWN
1565,180,0.0,540,UNKNOWN
1570,180,0.0,540,UNKNOWN
1575,180,0.0,540,UNKNOWN
1580,180,0.0,540,UNKNOWN
1585,180,0.0,540,UNKNOWN
1590,180,0.0,540,UNKNOWN
1595,180,0.0,540,UNKNOWN
1600,180,0.0,540,UNKNOWN
1605,180,0.0,540,UNKNOWN
1610,180,0.0,540,UNKNOWN
1615,180,0.0,540,UNKNOWN
1620,180,0.0,540,UNKNOWN
1625,180,0.0,540,UNKNOWN
1630,180,0.0,540,UNKNOWN
1635,180,0.0,540,UNKNOWN
1640,180,0.0,540,UNKNOWN
1645,180,0.0,540,UNKNOWN
1650,180,0.0,540,UNKNOWN
1655,180,0.0,540,UNKNOWN
1660,180,0.0,540,UNKNOWN
1665,180,0.0,540,UNKNOWN
1670,180,0.0,540,UNKNOWN
1675,180,0.0,540,UNKNOWN
1680,180,0.0,540,UNKNOWN
1685,180,0.0,540,UNKNOWN
1690,180,0.0,540,UNKNOWN
1695,180,0.0,540,UNKNOWN
1700,180,0.0,540,UNKNOWN
1705,180,0.0,540,UNKNOWN
1710,180,0.0,540,UNKNOWN
1715,180,0.0,540,UNKNOWN
1720,180,0.0,540,UNKNOWN
1725,180,0.0,540,UNKNOWN
1730,180,0.0,540,UNKNOWN
1735,180,0.0,540,UNKNOWN
1740,180,0.0,540,UNKNOWN
1745,180,0.0,540,UNKNOWN
1750,180,0.0,540,UNKNOWN
1755,180,0.0,540,UNKNOWN
1760,180,0.0,540,UNKNOWN
1765,180,0.0,540,UNKNOWN
1770,180,0.0,540,UNKNOWN
1775,180,0.0,540,UNKNOWN
1780,180,0.0,540,UNKNOWN
1785,180,0.0,540,UNKNOWN
1790,180,0.0,540,UNKNOWN
1795,180,0.0,540,UNKNOWN
1800,180,0.0,540,UNKNOWN
1805,180,0.0,540,UNKNOWN
1810,180,0.0,540,UNKNOWN
1815,180,0.0,540,UNKNOWN
1820,180,0.0,540,UNKNOWN
1825,180,0.0,540,UNKNOWN
1830,180,0.0,540,UNKNOWN
1835,180,0.0,540,UNKNOWN
1840,180,0.0,540,UNKNOWN
1845,180,0.0,540,UNKNOWN
1850,180,0.0,540,UNKNOWN
1855,180,0.0,540,UNKNOWN
1860,180,0.0,540,UNKNOWN
1865,180,0.0,540,UNKNOWN
1870,180,0.0,540,UNKNOWN
1875,180,0.0,540,UNKNOWN
1880,180,0.0,540,UNKNOWN
1885,180,0.0,540,UNKNOWN
1890,180,0.0,540,UNKNOWN
1895,180,0.0,540,UNKNOWN
1900,180,0.0,540,UNKNOWN
1905,180,0.0,540,UNKNOWN
1910,180,0.0,540,UNKNOWN
1915,180,0.0,540,UNKNOWN
1920,180,0.0,540,UNKNOWN
1925,180,0.0,540,UNKNOWN
1930,180,0.0,540,UNKNOWN
1935,180,0.0,540,UNKNOWN
1940,180,0.0,540,UNKNOWN
1945,180,0.0,540,UNKNOWN
1950,180,0.0,540,UNKNOWN
1955,180,0.0,540,UNKNOWN
1960,180,0.0,540,UNKNOWN
1965,180,0.0,540,UNKNOWN
1970,180,0.0,540,UNKNOWN
1975,180,0.0,540,UNKNOWN
1980,180,0.0,540,UNKNOWN
1985,180,0.0,540,UNKNOWN
1990,180,0.0,540,UNKNOWN
1995,180,0.0,540,UNKNOWN
2000,180,0.0,540,UNKNOWN
50,300,0.991848,259195,ALL
55,300,0.984591,259195,ALL
60,300,0.973657,259195,ALL
65,300,0.959694,259195,ALL
70,300,0.942599,259195,ALL
75,300,0.922151,259195,ALL
80,300,0.898802,259195,ALL
85,300,0.873335,259195,ALL
90,300,0.8459,259195,ALL
95,300,0.816733,259195,ALL
100,300,0.785818,259195,ALL
105,300,0.754563,259195,ALL
110,300,0.722487,259195,ALL
115,300,0.69107,259195,ALL
120,300,0.660233,259195,ALL
125,300,0.629291,259195,ALL
130,300,0.598715,259195,ALL
135,300,0.568819,259195,ALL
140,300,0.540269,259195,ALL
145,300,0.512259,259195,ALL
150,300,0.48543,259195,ALL
155,300,0.458732,259195,ALL
160,300,0.43389,259195,ALL
165,300,0.40934,259195,ALL
170,300,0.386269,259195,ALL
175,300,0.363892,259195,ALL
180,300,0.343116,259195,ALL
185,300,0.322977,259195,ALL
190,300,0.303555,259195,ALL
195,300,0.2857,259195,ALL
200,300,0.268173,259195,ALL
205,300,0.25154,259195,ALL
210,300,0.235957,259195,ALL
215,300,0.221019,259195,ALL
220,300,0.207172,259195,ALL
225,300,0.194753,259195,ALL
230,300,0.182523,259195,ALL
235,300,0.171168,259195,ALL
240,300,0.160308,259195,ALL
245,300,0.150126,259195,ALL
250,300,0.140238,259195,ALL
255,300,0.13094,259195,ALL
260,300,0.122471,259195,ALL
265,300,0.114427,259195,ALL
270,300,0.106711,259195,ALL
275,300,0.099184,259195,ALL
280,300,0.092371,259195,ALL
285,300,0.086082,259195,ALL
290,300,0.080005,259195,ALL
295,300,0.074565,259195,ALL
300,300,0.069469,259195,ALL
305,300,0.064419,259195,ALL
310,300,0.059828,259195,ALL
315,300,0.055572,259195,ALL
320,300,0.05176,259195,ALL
325,300,0.048037,259195,ALL
330,300,0.044569,259195,ALL
335,300,0.041478,259195,ALL
340,300,0.038593,259195,ALL
345,300,0.035984,259195,ALL
350,300,0.033403,259195,ALL
355,300,0.031069,259195,ALL
360,300,0.028978,259195,ALL
365,300,0.026953,259195,ALL
370,300,0.025078,259195,ALL
375,300,0.023233,259195,ALL
380,300,0.021551,259195,ALL
385,300,0.020008,259195,ALL
390,300,0.018608,259195,ALL
395,300,0.017199,259195,ALL
400,300,0.015961,259195,ALL
405,300,0.014865,259195,ALL
410,300,0.013781,259195,ALL
415,300,0.012732,259195,ALL
420,300,0.011806,259195,ALL
425,300,0.010872,259195,ALL
430,300,0.010066,259195,ALL
435,300,0.00934,259195,ALL
440,300,0.008665,259195,ALL
445,300,0.008056,259195,ALL
450,300,0.007423,259195,ALL
455,300,0.006883,259195,ALL
460,300,0.00637,259195,ALL
465,300,0.005934,259195,ALL
470,300,0.005421,259195,ALL
475,300,0.0049,259195,ALL
480,300,0.004614,259195,ALL
485,300,0.004294,259195,ALL
490,300,0.003951,259195,ALL
495,300,0.003638,259195,ALL
500,300,0.00336,259195,ALL
505,300,0.003121,259195,ALL
510,300,0.002882,259195,ALL
515,300,0.002708,259195,ALL
520,300,0.0025,259195,ALL
525,300,0.002288,259195,ALL
530,300,0.00213,259195,ALL
535,300,0.001968,259195,ALL
540,300,0.001806,259195,ALL
545,300,0.001698,259195,ALL
550,300,0.001559,259195,ALL
555,300,0.001435,259195,ALL
560,300,0.001323,259195,ALL
565,300,0.001223,259195,ALL
570,300,0.001111,259195,ALL
575,300,0.001049,259195,ALL
580,300,0.000972,259195,ALL
585,300,0.000864,259195,ALL
590,300,0.000783,259195,ALL
595,300,0.000725,259195,ALL
600,300,0.00066,259195,ALL
605,300,0.000613,259195,ALL
610,300,0.00059,259195,ALL
615,300,0.000529,259195,ALL
620,300,0.000486,259195,ALL
625,300,0.000451,259195,ALL
630,300,0.000417,259195,ALL
635,300,0.000401,259195,ALL
640,300,0.000355,259195,ALL
645,300,0.00034,259195,ALL
650,300,0.000313,259195,ALL
655,300,0.000282,259195,ALL
660,300,0.000266,259195,ALL
665,300,0.000251,259195,ALL
670,300,0.000228,259195,ALL
675,300,0.000208,259195,ALL
680,300,0.000204,259195,ALL
685,300,0.000174,259195,ALL
690,300,0.000162,259195,ALL
695,300,0.00015,259195,ALL
700,300,0.000112,259195,ALL
705,300,0.000104,259195,ALL
710,300,0.0001,259195,ALL
715,300,9.6e-05,259195,ALL
720,300,8.5e-05,259195,ALL
725,300,8.5e-05,259195,ALL
730,300,8.1e-05,259195,ALL
735,300,7.3e-05,259195,ALL
740,300,6.9e-05,259195,ALL
745,300,6.2e-05,259195,ALL
750,300,6.2e-05,259195,ALL
755,300,5.8e-05,259195,ALL
760,300,5.4e-05,259195,ALL
765,300,5e-05,259195,ALL
770,300,5e-05,259195,ALL
775,300,4.6e-05,259195,ALL
780,300,4.6e-05,259195,ALL
785,300,4.6e-05,259195,ALL
790,300,4.6e-05,259195,ALL
795,300,4.6e-05,259195,ALL
800,300,4.2e-05,259195,ALL
805,300,3.9e-05,259195,ALL
810,300,3.5e-05,259195,ALL
815,300,3.1e-05,259195,ALL
820,300,2.3e-05,259195,ALL
825,300,2.3e-05,259195,ALL
830,300,1.9e-05,259195,ALL
835,300,1.2e-05,259195,ALL
840,300,1.2e-05,259195,ALL
845,300,1.2e-05,259195,ALL
850,300,1.2e-05,259195,ALL
855,300,4e-06,259195,ALL
860,300,0.0,259195,ALL
865,300,0.0,259195,ALL
870,300,0.0,259195,ALL
875,300,0.0,259195,ALL
880,300,0.0,259195,ALL
885,300,0.0,259195,ALL
890,300,0.0,259195,ALL
895,300,0.0,259195,ALL
900,300,0.0,259195,ALL
905,300,0.0,259195,ALL
910,300,0.0,259195,ALL
915,300,0.0,259195,ALL
920,300,0.0,259195,ALL
925,300,0.0,259195,ALL
930,300,0.0,259195,ALL
935,300,0.0,259195,ALL
940,300,0.0,259195,ALL
945,300,0.0,259195,ALL
950,300,0.0,259195,ALL
955,300,0.0,259195,ALL
960,300,0.0,259195,ALL
965,300,0.0,259195,ALL
970,300,0.0,259195,ALL
975,300,0.0,259195,ALL
980,300,0.0,259195,ALL
985,300,0.0,259195,ALL
990,300,0.0,259195,ALL
995,300,0.0,259195,ALL
1000,300,0.0,259195,ALL
1005,300,0.0,259195,ALL
1010,300,0.0,259195,ALL
1015,300,0.0,259195,ALL
1020,300,0.0,259195,ALL
1025,300,0.0,259195,ALL
1030,300,0.0,259195,ALL
1035,300,0.0,259195,ALL
1040,300,0.0,259195,ALL
1045,300,0.0,259195,ALL
1050,300,0.0,259195,ALL
1055,300,0.0,259195,ALL
1060,300,0.0,259195,ALL
1065,300,0.0,259195,ALL
1070,300,0.0,259195,ALL
1075,300,0.0,259195,ALL
1080,300,0.0,259195,ALL
1085,300,0.0,259195,ALL
1090,300,0.0,259195,ALL
1095,300,0.0,259195,ALL
1100,300,0.0,259195,ALL
1105,300,0.0,259195,ALL
1110,300,0.0,259195,ALL
1115,300,0.0,259195,ALL
1120,300,0.0,259195,ALL
1125,300,0.0,259195,ALL
1130,300,0.0,259195,ALL
1135,300,0.0,259195,ALL
1140,300,0.0,259195,ALL
1145,300,0.0,259195,ALL
1150,300,0.0,259195,ALL
1155,300,0.0,259195,ALL
1160,300,0.0,259195,ALL
1165,300,0.0,259195,ALL
1170,300,0.0,259195,ALL
1175,300,0.0,259195,ALL
1180,300,0.0,259195,ALL
1185,300,0.0,259195,ALL
1190,300,0.0,259195,ALL
1195,300,0.0,259195,ALL
1200,300,0.0,259195,ALL
1205,300,0.0,259195,ALL
1210,300,0.0,259195,ALL
1215,300,0.0,259195,ALL
1220,300,0.0,259195,ALL
1225,300,0.0,259195,ALL
1230,300,0.0,259195,ALL
1235,300,0.0,259195,ALL
1240,300,0.0,259195,ALL
1245,300,0.0,259195,ALL
1250,300,0.0,259195,ALL
1255,300,0.0,259195,ALL
1260,300,0.0,259195,ALL
1265,300,0.0,259195,ALL
1270,300,0.0,259195,ALL
1275,300,0.0,259195,ALL
1280,300,0.0,259195,ALL
1285,300,0.0,259195,ALL
1290,300,0.0,259195,ALL
1295,300,0.0,259195,ALL
1300,300,0.0,259195,ALL
1305,300,0.0,259195,ALL
1310,300,0.0,259195,ALL
1315,300,0.0,259195,ALL
1320,300,0.0,259195,ALL
1325,300,0.0,259195,ALL
1330,300,0.0,259195,ALL
1335,300,0.0,259195,ALL
1340,300,0.0,259195,ALL
1345,300,0.0,259195,ALL
1350,300,0.0,259195,ALL
1355,300,0.0,259195,ALL
1360,300,0.0,259195,ALL
1365,300,0.0,259195,ALL
1370,300,0.0,259195,ALL
1375,300,0.0,259195,ALL
1380,300,0.0,259195,ALL
1385,300,0.0,259195,ALL
1390,300,0.0,259195,ALL
1395,300,0.0,259195,ALL
1400,300,0.0,259195,ALL
1405,300,0.0,259195,ALL
1410,300,0.0,259195,ALL
1415,300,0.0,259195,ALL
1420,300,0.0,259195,ALL
1425,300,0.0,259195,ALL
1430,300,0.0,259195,ALL
1435,300,0.0,259195,ALL
1440,300,0.0,259195,ALL
1445,300,0.0,259195,ALL
1450,300,0.0,259195,ALL
1455,300,0.0,259195,ALL
1460,300,0.0,259195,ALL
1465,300,0.0,259195,ALL
1470,300,0.0,259195,ALL
1475,300,0.0,259195,ALL
1480,300,0.0,259195,ALL
1485,300,0.0,259195,ALL
1490,300,0.0,259195,ALL
1495,300,0.0,259195,ALL
1500,300,0.0,259195,ALL
1505,300,0.0,259195,ALL
1510,300,0.0,259195,ALL
1515,300,0.0,259195,ALL
1520,300,0.0,259195,ALL
1525,300,0.0,259195,ALL
1530,300,0.0,259195,ALL
1535,300,0.0,259195,ALL
1540,300,0.0,259195,ALL
1545,300,0.0,259195,ALL
1550,300,0.0,259195,ALL
1555,300,0.0,259195,ALL
1560,300,0.0,259195,ALL
1565,300,0.0,259195,ALL
1570,300,0.0,259195,ALL
1575,300,0.0,259195,ALL
1580,300,0.0,259195,ALL
1585,300,0.0,259195,ALL
1590,300,0.0,259195,ALL
1595,300,0.0,259195,ALL
1600,300,0.0,259195,ALL
1605,300,0.0,259195,ALL
1610,300,0.0,259195,ALL
1615,300,0.0,259195,ALL
1620,300,0.0,259195,ALL
1625,300,0.0,259195,ALL
1630,300,0.0,259195,ALL
1635,300,0.0,259195,ALL
1640,300,0.0,259195,ALL
1645,300,0.0,259195,ALL
1650,300,0.0,259195,ALL
1655,300,0.0,259195,ALL
1660,300,0.0,259195,ALL
1665,300,0.0,259195,ALL
1670,300,0.0,259195,ALL
1675,300,0.0,259195,ALL
1680,300,0.0,259195,ALL
1685,300,0.0,259195,ALL
1690,300,0.0,259195,ALL
1695,300,0.0,259195,ALL
1700,300,0.0,259195,ALL
1705,300,0.0,259195,ALL
1710,300,0.0,259195,ALL
1715,300,0.0,259195,ALL
1720,300,0.0,259195,ALL
1725,300,0.0,259195,ALL
1730,300,0.0,259195,ALL
1735,300,0.0,259195,ALL
1740,300,0.0,259195,ALL
1745,300,0.0,259195,ALL
1750,300,0.0,259195,ALL
1755,300,0.0,259195,ALL
1760,300,0.0,259195,ALL
1765,300,0.0,259195,ALL
1770,300,0.0,259195,ALL
1775,300,0.0,259195,ALL
1780,300,0.0,259195,ALL
1785,300,0.0,259195,ALL
1790,300,0.0,259195,ALL
1795,300,0.0,259195,ALL
1800,300,0.0,259195,ALL
1805,300,0.0,259195,ALL
1810,300,0.0,259195,ALL
1815,300,0.0,259195,ALL
1820,300,0.0,259195,ALL
1825,300,0.0,259195,ALL
1830,300,0.0,259195,ALL
1835,300,0.0,259195,ALL
1840,300,0.0,259195,ALL
1845,300,0.0,259195,ALL
1850,300,0.0,259195,ALL
1855,300,0.0,259195,ALL
1860,300,0.0,259195,ALL
1865,300,0.0,259195,ALL
1870,300,0.0,259195,ALL
1875,300,0.0,259195,ALL
1880,300,0.0,259195,ALL
1885,300,0.0,259195,ALL
1890,300,0.0,259195,ALL
1895,300,0.0,259195,ALL
1900,300,0.0,259195,ALL
1905,300,0.0,259195,ALL
1910,300,0.0,259195,ALL
1915,300,0.0,259195,ALL
1920,300,0.0,259195,ALL
1925,300,0.0,259195,ALL
1930,300,0.0,259195,ALL
1935,300,0.0,259195,ALL
1940,300,0.0,259195,ALL
1945,300,0.0,259195,ALL
1950,300,0.0,259195,ALL
1955,300,0.0,259195,ALL
1960,300,0.0,259195,ALL
1965,300,0.0,259195,ALL
1970,300,0.0,259195,ALL
1975,300,0.0,259195,ALL
1980,300,0.0,259195,ALL
1985,300,0.0,259195,ALL
1990,300,0.0,259195,ALL
1995,300,0.0,259195,ALL
2000,300,0.0,259195,ALL
50,300,0.982419,70020,ASIA
55,300,0.968295,70020,ASIA
60,300,0.948343,70020,ASIA
65,300,0.924165,70020,ASIA
70,300,0.89663,70020,ASIA
75,300,0.86411,70020,ASIA
80,300,0.830206,70020,ASIA
85,300,0.794073,70020,ASIA
90,300,0.755784,70020,ASIA
95,300,0.716852,70020,ASIA
100,300,0.678035,70020,ASIA
105,300,0.640517,70020,ASIA
110,300,0.602514,70020,ASIA
115,300,0.566595,70020,ASIA
120,300,0.53162,70020,ASIA
125,300,0.498158,70020,ASIA
130,300,0.465995,70020,ASIA
135,300,0.434833,70020,ASIA
140,300,0.404584,70020,ASIA
145,300,0.377421,70020,ASIA
150,300,0.3516,70020,ASIA
155,300,0.325607,70020,ASIA
160,300,0.301871,70020,ASIA
165,300,0.279606,70020,ASIA
170,300,0.258326,70020,ASIA
175,300,0.238518,70020,ASIA
180,300,0.220351,70020,ASIA
185,300,0.202813,70020,ASIA
190,300,0.186604,70020,ASIA
195,300,0.171922,70020,ASIA
200,300,0.157841,70020,ASIA
205,300,0.145558,70020,ASIA
210,300,0.133933,70020,ASIA
215,300,0.122565,70020,ASIA
220,300,0.112711,70020,ASIA
225,300,0.103556,70020,ASIA
230,300,0.094773,70020,ASIA
235,300,0.086033,70020,ASIA
240,300,0.07862,70020,ASIA
245,300,0.071794,70020,ASIA
250,300,0.065081,70020,ASIA
255,300,0.05914,70020,ASIA
260,300,0.053927,70020,ASIA
265,300,0.049215,70020,ASIA
270,300,0.044844,70020,ASIA
275,300,0.040945,70020,ASIA
280,300,0.037089,70020,ASIA
285,300,0.033105,70020,ASIA
290,300,0.029963,70020,ASIA
295,300,0.026949,70020,ASIA
300,300,0.024193,70020,ASIA
305,300,0.021737,70020,ASIA
310,300,0.019623,70020,ASIA
315,300,0.017509,70020,ASIA
320,300,0.015967,70020,ASIA
325,300,0.01441,70020,ASIA
330,300,0.012953,70020,ASIA
335,300,0.011854,70020,ASIA
340,300,0.010526,70020,ASIA
345,300,0.009454,70020,ASIA
350,300,0.008612,70020,ASIA
355,300,0.007741,70020,ASIA
360,300,0.006898,70020,ASIA
365,300,0.006198,70020,ASIA
370,300,0.005513,70020,ASIA
375,300,0.004927,70020,ASIA
380,300,0.004456,70020,ASIA
385,300,0.003956,70020,ASIA
390,300,0.003528,70020,ASIA
395,300,0.002956,70020,ASIA
400,300,0.002628,70020,ASIA
405,300,0.002299,70020,ASIA
410,300,0.002042,70020,ASIA
415,300,0.001828,70020,ASIA
420,300,0.001585,70020,ASIA
425,300,0.001471,70020,ASIA
430,300,0.001385,70020,ASIA
435,300,0.001228,70020,ASIA
440,300,0.001128,70020,ASIA
445,300,0.001028,70020,ASIA
450,300,0.000914,70020,ASIA
455,300,0.000814,70020,ASIA
460,300,0.000785,70020,ASIA
465,300,0.0007,70020,ASIA
470,300,0.000614,70020,ASIA
475,300,0.0005,70020,ASIA
480,300,0.000428,70020,ASIA
485,300,0.000428,70020,ASIA
490,300,0.000328,70020,ASIA
495,300,0.0003,70020,ASIA
500,300,0.000271,70020,ASIA
505,300,0.000229,70020,ASIA
510,300,0.000229,70020,ASIA
515,300,0.000186,70020,ASIA
520,300,0.000143,70020,ASIA
525,300,0.000129,70020,ASIA
530,300,0.000129,70020,ASIA
535,300,0.000129,70020,ASIA
540,300,0.0001,70020,ASIA
545,300,8.6e-05,70020,ASIA
550,300,8.6e-05,70020,ASIA
555,300,8.6e-05,70020,ASIA
560,300,8.6e-05,70020,ASIA
565,300,8.6e-05,70020,ASIA
570,300,8.6e-05,70020,ASIA
575,300,8.6e-05,70020,ASIA
580,300,8.6e-05,70020,ASIA
585,300,5.7e-05,70020,ASIA
590,300,4.3e-05,70020,ASIA
595,300,4.3e-05,70020,ASIA
600,300,4.3e-05,70020,ASIA
605,300,4.3e-05,70020,ASIA
610,300,4.3e-05,70020,ASIA
615,300,4.3e-05,70020,ASIA
620,300,2.9e-05,70020,ASIA
625,300,2.9e-05,70020,ASIA
630,300,2.9e-05,70020,ASIA
635,300,1.4e-05,70020,ASIA
640,300,1.4e-05,70020,ASIA
645,300,1.4e-05,70020,ASIA
650,300,1.4e-05,70020,ASIA
655,300,1.4e-05,70020,ASIA
660,300,1.4e-05,70020,ASIA
665,300,0.0,70020,ASIA
670,300,0.0,70020,ASIA
675,300,0.0,70020,ASIA
680,300,0.0,70020,ASIA
685,300,0.0,70020,ASIA
690,300,0.0,70020,ASIA
695,300,0.0,70020,ASIA
700,300,0.0,70020,ASIA
705,300,0.0,70020,ASIA
710,300,0.0,70020,ASIA
715,300,0.0,70020,ASIA
720,300,0.0,70020,ASIA
725,300,0.0,70020,ASIA
730,300,0.0,70020,ASIA
735,300,0.0,70020,ASIA
740,300,0.0,70020,ASIA
745,300,0.0,70020,ASIA
750,300,0.0,70020,ASIA
755,300,0.0,70020,ASIA
760,300,0.0,70020,ASIA
765,300,0.0,70020,ASIA
770,300,0.0,70020,ASIA
775,300,0.0,70020,ASIA
780,300,0.0,70020,ASIA
785,300,0.0,70020,ASIA
790,300,0.0,70020,ASIA
795,300,0.0,70020,ASIA
800,300,0.0,70020,ASIA
805,300,0.0,70020,ASIA
810,300,0.0,70020,ASIA
815,300,0.0,70020,ASIA
820,300,0.0,70020,ASIA
825,300,0.0,70020,ASIA
830,300,0.0,70020,ASIA
835,300,0.0,70020,ASIA
840,300,0.0,70020,ASIA
845,300,0.0,70020,ASIA
850,300,0.0,70020,ASIA
855,300,0.0,70020,ASIA
860,300,0.0,70020,ASIA
865,300,0.0,70020,ASIA
870,300,0.0,70020,ASIA
875,300,0.0,70020,ASIA
880,300,0.0,70020,ASIA
885,300,0.0,70020,ASIA
890,300,0.0,70020,ASIA
895,300,0.0,70020,ASIA
900,300,0.0,70020,ASIA
905,300,0.0,70020,ASIA
910,300,0.0,70020,ASIA
915,300,0.0,70020,ASIA
920,300,0.0,70020,ASIA
925,300,0.0,70020,ASIA
930,300,0.0,70020,ASIA
935,300,0.0,70020,ASIA
940,300,0.0,70020,ASIA
945,300,0.0,70020,ASIA
950,300,0.0,70020,ASIA
955,300,0.0,70020,ASIA
960,300,0.0,70020,ASIA
965,300,0.0,70020,ASIA
970,300,0.0,70020,ASIA
975,300,0.0,70020,ASIA
980,300,0.0,70020,ASIA
985,300,0.0,70020,ASIA
990,300,0.0,70020,ASIA
995,300,0.0,70020,ASIA
1000,300,0.0,70020,ASIA
1005,300,0.0,70020,ASIA
1010,300,0.0,70020,ASIA
1015,300,0.0,70020,ASIA
1020,300,0.0,70020,ASIA
1025,300,0.0,70020,ASIA
1030,300,0.0,70020,ASIA
1035,300,0.0,70020,ASIA
1040,300,0.0,70020,ASIA
1045,300,0.0,70020,ASIA
1050,300,0.0,70020,ASIA
1055,300,0.0,70020,ASIA
1060,300,0.0,70020,ASIA
1065,300,0.0,70020,ASIA
1070,300,0.0,70020,ASIA
1075,300,0.0,70020,ASIA
1080,300,0.0,70020,ASIA
1085,300,0.0,70020,ASIA
1090,300,0.0,70020,ASIA
1095,300,0.0,70020,ASIA
1100,300,0.0,70020,ASIA
1105,300,0.0,70020,ASIA
1110,300,0.0,70020,ASIA
1115,300,0.0,70020,ASIA
1120,300,0.0,70020,ASIA
1125,300,0.0,70020,ASIA
1130,300,0.0,70020,ASIA
1135,300,0.0,70020,ASIA
1140,300,0.0,70020,ASIA
1145,300,0.0,70020,ASIA
1150,300,0.0,70020,ASIA
1155,300,0.0,70020,ASIA
1160,300,0.0,70020,ASIA
1165,300,0.0,70020,ASIA
1170,300,0.0,70020,ASIA
1175,300,0.0,70020,ASIA
1180,300,0.0,70020,ASIA
1185,300,0.0,70020,ASIA
1190,300,0.0,70020,ASIA
1195,300,0.0,70020,ASIA
1200,300,0.0,70020,ASIA
1205,300,0.0,70020,ASIA
1210,300,0.0,70020,ASIA
1215,300,0.0,70020,ASIA
1220,300,0.0,70020,ASIA
1225,300,0.0,70020,ASIA
1230,300,0.0,70020,ASIA
1235,300,0.0,70020,ASIA
1240,300,0.0,70020,ASIA
1245,300,0.0,70020,ASIA
1250,300,0.0,70020,ASIA
1255,300,0.0,70020,ASIA
1260,300,0.0,70020,ASIA
1265,300,0.0,70020,ASIA
1270,300,0.0,70020,ASIA
1275,300,0.0,70020,ASIA
1280,300,0.0,70020,ASIA
1285,300,0.0,70020,ASIA
1290,300,0.0,70020,ASIA
1295,300,0.0,70020,ASIA
1300,300,0.0,70020,ASIA
1305,300,0.0,70020,ASIA
1310,300,0.0,70020,ASIA
1315,300,0.0,70020,ASIA
1320,300,0.0,70020,ASIA
1325,300,0.0,70020,ASIA
1330,300,0.0,70020,ASIA
1335,300,0.0,70020,ASIA
1340,300,0.0,70020,ASIA
1345,300,0.0,70020,ASIA
1350,300,0.0,70020,ASIA
1355,300,0.0,70020,ASIA
1360,300,0.0,70020,ASIA
1365,300,0.0,70020,ASIA
1370,300,0.0,70020,ASIA
1375,300,0.0,70020,ASIA
1380,300,0.0,70020,ASIA
1385,300,0.0,70020,ASIA
1390,300,0.0,70020,ASIA
1395,300,0.0,70020,ASIA
1400,300,0.0,70020,ASIA
1405,300,0.0,70020,ASIA
1410,300,0.0,70020,ASIA
1415,300,0.0,70020,ASIA
1420,300,0.0,70020,ASIA
1425,300,0.0,70020,ASIA
1430,300,0.0,70020,ASIA
1435,300,0.0,70020,ASIA
1440,300,0.0,70020,ASIA
1445,300,0.0,70020,ASIA
1450,300,0.0,70020,ASIA
1455,300,0.0,70020,ASIA
1460,300,0.0,70020,ASIA
1465,300,0.0,70020,ASIA
1470,300,0.0,70020,ASIA
1475,300,0.0,70020,ASIA
1480,300,0.0,70020,ASIA
1485,300,0.0,70020,ASIA
1490,300,0.0,70020,ASIA
1495,300,0.0,70020,ASIA
1500,300,0.0,70020,ASIA
1505,300,0.0,70020,ASIA
1510,300,0.0,70020,ASIA
1515,300,0.0,70020,ASIA
1520,300,0.0,70020,ASIA
1525,300,0.0,70020,ASIA
1530,300,0.0,70020,ASIA
1535,300,0.0,70020,ASIA
1540,300,0.0,70020,ASIA
1545,300,0.0,70020,ASIA
1550,300,0.0,70020,ASIA
1555,300,0.0,70020,ASIA
1560,300,0.0,70020,ASIA
1565,300,0.0,70020,ASIA
1570,300,0.0,70020,ASIA
1575,300,0.0,70020,ASIA
1580,300,0.0,70020,ASIA
1585,300,0.0,70020,ASIA
1590,300,0.0,70020,ASIA
1595,300,0.0,70020,ASIA
1600,300,0.0,70020,ASIA
1605,300,0.0,70020,ASIA
1610,300,0.0,70020,ASIA
1615,300,0.0,70020,ASIA
1620,300,0.0,70020,ASIA
1625,300,0.0,70020,ASIA
1630,300,0.0,70020,ASIA
1635,300,0.0,70020,ASIA
1640,300,0.0,70020,ASIA
1645,300,0.0,70020,ASIA
1650,300,0.0,70020,ASIA
1655,300,0.0,70020,ASIA
1660,300,0.0,70020,ASIA
1665,300,0.0,70020,ASIA
1670,300,0.0,70020,ASIA
1675,300,0.0,70020,ASIA
1680,300,0.0,70020,ASIA
1685,300,0.0,70020,ASIA
1690,300,0.0,70020,ASIA
1695,300,0.0,70020,ASIA
1700,300,0.0,70020,ASIA
1705,300,0.0,70020,ASIA
1710,300,0.0,70020,ASIA
1715,300,0.0,70020,ASIA
1720,300,0.0,70020,ASIA
1725,300,0.0,70020,ASIA
1730,300,0.0,70020,ASIA
1735,300,0.0,70020,ASIA
1740,300,0.0,70020,ASIA
1745,300,0.0,70020,ASIA
1750,300,0.0,70020,ASIA
1755,300,0.0,70020,ASIA
1760,300,0.0,70020,ASIA
1765,300,0.0,70020,ASIA
1770,300,0.0,70020,ASIA
1775,300,0.0,70020,ASIA
1780,300,0.0,70020,ASIA
1785,300,0.0,70020,ASIA
1790,300,0.0,70020,ASIA
1795,300,0.0,70020,ASIA
1800,300,0.0,70020,ASIA
1805,300,0.0,70020,ASIA
1810,300,0.0,70020,ASIA
1815,300,0.0,70020,ASIA
1820,300,0.0,70020,ASIA
1825,300,0.0,70020,ASIA
1830,300,0.0,70020,ASIA
1835,300,0.0,70020,ASIA
1840,300,0.0,70020,ASIA
1845,300,0.0,70020,ASIA
1850,300,0.0,70020,ASIA
1855,300,0.0,70020,ASIA
1860,300,0.0,70020,ASIA
1865,300,0.0,70020,ASIA
1870,300,0.0,70020,ASIA
1875,300,0.0,70020,ASIA
1880,300,0.0,70020,ASIA
1885,300,0.0,70020,ASIA
1890,300,0.0,70020,ASIA
1895,300,0.0,70020,ASIA
1900,300,0.0,70020,ASIA
1905,300,0.0,70020,ASIA
1910,300,0.0,70020,ASIA
1915,300,0.0,70020,ASIA
1920,300,0.0,70020,ASIA
1925,300,0.0,70020,ASIA
1930,300,0.0,70020,ASIA
1935,300,0.0,70020,ASIA
1940,300,0.0,70020,ASIA
1945,300,0.0,70020,ASIA
1950,300,0.0,70020,ASIA
1955,300,0.0,70020,ASIA
1960,300,0.0,70020,ASIA
1965,300,0.0,70020,ASIA
1970,300,0.0,70020,ASIA
1975,300,0.0,70020,ASIA
1980,300,0.0,70020,ASIA
1985,300,0.0,70020,ASIA
1990,300,0.0,70020,ASIA
1995,300,0.0,70020,ASIA
2000,300,0.0,70020,ASIA
50,300,0.994306,43200,EU
55,300,0.988495,43200,EU
60,300,0.979352,43200,EU
65,300,0.966204,43200,EU
70,300,0.949838,43200,EU
75,300,0.931528,43200,EU
80,300,0.909352,43200,EU
85,300,0.88419,43200,EU
90,300,0.857384,43200,EU
95,300,0.829838,43200,EU
100,300,0.798796,43200,EU
105,300,0.765509,43200,EU
110,300,0.732963,43200,EU
115,300,0.701366,43200,EU
120,300,0.671088,43200,EU
125,300,0.640046,43200,EU
130,300,0.609306,43200,EU
135,300,0.580185,43200,EU
140,300,0.550023,43200,EU
145,300,0.521759,43200,EU
150,300,0.494213,43200,EU
155,300,0.466019,43200,EU
160,300,0.440255,43200,EU
165,300,0.41412,43200,EU
170,300,0.391597,43200,EU
175,300,0.368657,43200,EU
180,300,0.346759,43200,EU
185,300,0.325463,43200,EU
190,300,0.304977,43200,EU
195,300,0.286412,43200,EU
200,300,0.269213,43200,EU
205,300,0.250926,43200,EU
210,300,0.234097,43200,EU
215,300,0.218819,43200,EU
220,300,0.204167,43200,EU
225,300,0.190185,43200,EU
230,300,0.177593,43200,EU
235,300,0.166343,43200,EU
240,300,0.154861,43200,EU
245,300,0.144352,43200,EU
250,300,0.134444,43200,EU
255,300,0.124213,43200,EU
260,300,0.116042,43200,EU
265,300,0.10794,43200,EU
270,300,0.100394,43200,EU
275,300,0.092407,43200,EU
280,300,0.085486,43200,EU
285,300,0.079028,43200,EU
290,300,0.072338,43200,EU
295,300,0.066759,43200,EU
300,300,0.062292,43200,EU
305,300,0.057222,43200,EU
310,300,0.053241,43200,EU
315,300,0.049491,43200,EU
320,300,0.045139,43200,EU
325,300,0.041343,43200,EU
330,300,0.038148,43200,EU
335,300,0.034861,43200,EU
340,300,0.032199,43200,EU
345,300,0.029838,43200,EU
350,300,0.02713,43200,EU
355,300,0.025324,43200,EU
360,300,0.023356,43200,EU
365,300,0.021343,43200,EU
370,300,0.019907,43200,EU
375,300,0.018125,43200,EU
380,300,0.016551,43200,EU
385,300,0.015185,43200,EU
390,300,0.014028,43200,EU
395,300,0.012963,43200,EU
400,300,0.011806,43200,EU
405,300,0.010833,43200,EU
410,300,0.009861,43200,EU
415,300,0.009167,43200,EU
420,300,0.00838,43200,EU
425,300,0.007662,43200,EU
430,300,0.00713,43200,EU
435,300,0.006759,43200,EU
440,300,0.006019,43200,EU
445,300,0.005417,43200,EU
450,300,0.005,43200,EU
455,300,0.004606,43200,EU
460,300,0.004375,43200,EU
465,300,0.004074,43200,EU
470,300,0.003727,43200,EU
475,300,0.003403,43200,EU
480,300,0.003241,43200,EU
485,300,0.002917,43200,EU
490,300,0.002755,43200,EU
495,300,0.0025,43200,EU
500,300,0.002384,43200,EU
505,300,0.002153,43200,EU
510,300,0.001875,43200,EU
515,300,0.001759,43200,EU
520,300,0.001597,43200,EU
525,300,0.001412,43200,EU
530,300,0.001273,43200,EU
535,300,0.001111,43200,EU
540,300,0.000972,43200,EU
545,300,0.000856,43200,EU
550,300,0.000764,43200,EU
555,300,0.000648,43200,EU
560,300,0.000579,43200,EU
565,300,0.000579,43200,EU
570,300,0.000509,43200,EU
575,300,0.000509,43200,EU
580,300,0.000417,43200,EU
585,300,0.000347,43200,EU
590,300,0.000278,43200,EU
595,300,0.000255,43200,EU
600,300,0.000185,43200,EU
605,300,0.000162,43200,EU
610,300,0.000162,43200,EU
615,300,0.000162,43200,EU
620,300,0.000162,43200,EU
625,300,0.000162,43200,EU
630,300,0.000139,43200,EU
635,300,0.000116,43200,EU
640,300,0.000116,43200,EU
645,300,9.3e-05,43200,EU
650,300,9.3e-05,43200,EU
655,300,9.3e-05,43200,EU
660,300,9.3e-05,43200,EU
665,300,9.3e-05,43200,EU
670,300,9.3e-05,43200,EU
675,300,9.3e-05,43200,EU
680,300,9.3e-05,43200,EU
685,300,6.9e-05,43200,EU
690,300,6.9e-05,43200,EU
695,300,6.9e-05,43200,EU
700,300,6.9e-05,43200,EU
705,300,6.9e-05,43200,EU
710,300,6.9e-05,43200,EU
715,300,6.9e-05,43200,EU
720,300,6.9e-05,43200,EU
725,300,6.9e-05,43200,EU
730,300,6.9e-05,43200,EU
735,300,4.6e-05,43200,EU
740,300,4.6e-05,43200,EU
745,300,2.3e-05,43200,EU
750,300,2.3e-05,43200,EU
755,300,2.3e-05,43200,EU
760,300,2.3e-05,43200,EU
765,300,2.3e-05,43200,EU
770,300,2.3e-05,43200,EU
775,300,2.3e-05,43200,EU
780,300,2.3e-05,43200,EU
785,300,2.3e-05,43200,EU
790,300,2.3e-05,43200,EU
795,300,2.3e-05,43200,EU
800,300,2.3e-05,43200,EU
805,300,2.3e-05,43200,EU
810,300,2.3e-05,43200,EU
815,300,2.3e-05,43200,EU
820,300,0.0,43200,EU
825,300,0.0,43200,EU
830,300,0.0,43200,EU
835,300,0.0,43200,EU
840,300,0.0,43200,EU
845,300,0.0,43200,EU
850,300,0.0,43200,EU
855,300,0.0,43200,EU
860,300,0.0,43200,EU
865,300,0.0,43200,EU
870,300,0.0,43200,EU
875,300,0.0,43200,EU
880,300,0.0,43200,EU
885,300,0.0,43200,EU
890,300,0.0,43200,EU
895,300,0.0,43200,EU
900,300,0.0,43200,EU
905,300,0.0,43200,EU
910,300,0.0,43200,EU
915,300,0.0,43200,EU
920,300,0.0,43200,EU
925,300,0.0,43200,EU
930,300,0.0,43200,EU
935,300,0.0,43200,EU
940,300,0.0,43200,EU
945,300,0.0,43200,EU
950,300,0.0,43200,EU
955,300,0.0,43200,EU
960,300,0.0,43200,EU
965,300,0.0,43200,EU
970,300,0.0,43200,EU
975,300,0.0,43200,EU
980,300,0.0,43200,EU
985,300,0.0,43200,EU
990,300,0.0,43200,EU
995,300,0.0,43200,EU
1000,300,0.0,43200,EU
1005,300,0.0,43200,EU
1010,300,0.0,43200,EU
1015,300,0.0,43200,EU
1020,300,0.0,43200,EU
1025,300,0.0,43200,EU
1030,300,0.0,43200,EU
1035,300,0.0,43200,EU
1040,300,0.0,43200,EU
1045,300,0.0,43200,EU
1050,300,0.0,43200,EU
1055,300,0.0,43200,EU
1060,300,0.0,43200,EU
1065,300,0.0,43200,EU
1070,300,0.0,43200,EU
1075,300,0.0,43200,EU
1080,300,0.0,43200,EU
1085,300,0.0,43200,EU
1090,300,0.0,43200,EU
1095,300,0.0,43200,EU
1100,300,0.0,43200,EU
1105,300,0.0,43200,EU
1110,300,0.0,43200,EU
1115,300,0.0,43200,EU
1120,300,0.0,43200,EU
1125,300,0.0,43200,EU
1130,300,0.0,43200,EU
1135,300,0.0,43200,EU
1140,300,0.0,43200,EU
1145,300,0.0,43200,EU
1150,300,0.0,43200,EU
1155,300,0.0,43200,EU
1160,300,0.0,43200,EU
1165,300,0.0,43200,EU
1170,300,0.0,43200,EU
1175,300,0.0,43200,EU
1180,300,0.0,43200,EU
1185,300,0.0,43200,EU
1190,300,0.0,43200,EU
1195,300,0.0,43200,EU
1200,300,0.0,43200,EU
1205,300,0.0,43200,EU
1210,300,0.0,43200,EU
1215,300,0.0,43200,EU
1220,300,0.0,43200,EU
1225,300,0.0,43200,EU
1230,300,0.0,43200,EU
1235,300,0.0,43200,EU
1240,300,0.0,43200,EU
1245,300,0.0,43200,EU
1250,300,0.0,43200,EU
1255,300,0.0,43200,EU
1260,300,0.0,43200,EU
1265,300,0.0,43200,EU
1270,300,0.0,43200,EU
1275,300,0.0,43200,EU
1280,300,0.0,43200,EU
1285,300,0.0,43200,EU
1290,300,0.0,43200,EU
1295,300,0.0,43200,EU
1300,300,0.0,43200,EU
1305,300,0.0,43200,EU
1310,300,0.0,43200,EU
1315,300,0.0,43200,EU
1320,300,0.0,43200,EU
1325,300,0.0,43200,EU
1330,300,0.0,43200,EU
1335,300,0.0,43200,EU
1340,300,0.0,43200,EU
1345,300,0.0,43200,EU
1350,300,0.0,43200,EU
1355,300,0.0,43200,EU
1360,300,0.0,43200,EU
1365,300,0.0,43200,EU
1370,300,0.0,43200,EU
1375,300,0.0,43200,EU
1380,300,0.0,43200,EU
1385,300,0.0,43200,EU
1390,300,0.0,43200,EU
1395,300,0.0,43200,EU
1400,300,0.0,43200,EU
1405,300,0.0,43200,EU
1410,300,0.0,43200,EU
1415,300,0.0,43200,EU
1420,300,0.0,43200,EU
1425,300,0.0,43200,EU
1430,300,0.0,43200,EU
1435,300,0.0,43200,EU
1440,300,0.0,43200,EU
1445,300,0.0,43200,EU
1450,300,0.0,43200,EU
1455,300,0.0,43200,EU
1460,300,0.0,43200,EU
1465,300,0.0,43200,EU
1470,300,0.0,43200,EU
1475,300,0.0,43200,EU
1480,300,0.0,43200,EU
1485,300,0.0,43200,EU
1490,300,0.0,43200,EU
1495,300,0.0,43200,EU
1500,300,0.0,43200,EU
1505,300,0.0,43200,EU
1510,300,0.0,43200,EU
1515,300,0.0,43200,EU
1520,300,0.0,43200,EU
1525,300,0.0,43200,EU
1530,300,0.0,43200,EU
1535,300,0.0,43200,EU
1540,300,0.0,43200,EU
1545,300,0.0,43200,EU
1550,300,0.0,43200,EU
1555,300,0.0,43200,EU
1560,300,0.0,43200,EU
1565,300,0.0,43200,EU
1570,300,0.0,43200,EU
1575,300,0.0,43200,EU
1580,300,0.0,43200,EU
1585,300,0.0,43200,EU
1590,300,0.0,43200,EU
1595,300,0.0,43200,EU
1600,300,0.0,43200,EU
1605,300,0.0,43200,EU
1610,300,0.0,43200,EU
1615,300,0.0,43200,EU
1620,300,0.0,43200,EU
1625,300,0.0,43200,EU
1630,300,0.0,43200,EU
1635,300,0.0,43200,EU
1640,300,0.0,43200,EU
1645,300,0.0,43200,EU
1650,300,0.0,43200,EU
1655,300,0.0,43200,EU
1660,300,0.0,43200,EU
1665,300,0.0,43200,EU
1670,300,0.0,43200,EU
1675,300,0.0,43200,EU
1680,300,0.0,43200,EU
1685,300,0.0,43200,EU
1690,300,0.0,43200,EU
1695,300,0.0,43200,EU
1700,300,0.0,43200,EU
1705,300,0.0,43200,EU
1710,300,0.0,43200,EU
1715,300,0.0,43200,EU
1720,300,0.0,43200,EU
1725,300,0.0,43200,EU
1730,300,0.0,43200,EU
1735,300,0.0,43200,EU
1740,300,0.0,43200,EU
1745,300,0.0,43200,EU
1750,300,0.0,43200,EU
1755,300,0.0,43200,EU
1760,300,0.0,43200,EU
1765,300,0.0,43200,EU
1770,300,0.0,43200,EU
1775,300,0.0,43200,EU
1780,300,0.0,43200,EU
1785,300,0.0,43200,EU
1790,300,0.0,43200,EU
1795,300,0.0,43200,EU
1800,300,0.0,43200,EU
1805,300,0.0,43200,EU
1810,300,0.0,43200,EU
1815,300,0.0,43200,EU
1820,300,0.0,43200,EU
1825,300,0.0,43200,EU
1830,300,0.0,43200,EU
1835,300,0.0,43200,EU
1840,300,0.0,43200,EU
1845,300,0.0,43200,EU
1850,300,0.0,43200,EU
1855,300,0.0,43200,EU
1860,300,0.0,43200,EU
1865,300,0.0,43200,EU
1870,300,0.0,43200,EU
1875,300,0.0,43200,EU
1880,300,0.0,43200,EU
1885,300,0.0,43200,EU
1890,300,0.0,43200,EU
1895,300,0.0,43200,EU
1900,300,0.0,43200,EU
1905,300,0.0,43200,EU
1910,300,0.0,43200,EU
1915,300,0.0,43200,EU
1920,300,0.0,43200,EU
1925,300,0.0,43200,EU
1930,300,0.0,43200,EU
1935,300,0.0,43200,EU
1940,300,0.0,43200,EU
1945,300,0.0,43200,EU
1950,300,0.0,43200,EU
1955,300,0.0,43200,EU
1960,300,0.0,43200,EU
1965,300,0.0,43200,EU
1970,300,0.0,43200,EU
1975,300,0.0,43200,EU
1980,300,0.0,43200,EU
1985,300,0.0,43200,EU
1990,300,0.0,43200,EU
1995,300,0.0,43200,EU
2000,300,0.0,43200,EU
50,300,0.986824,37795,EVENING
55,300,0.975923,37795,EVENING
60,300,0.959227,37795,EVENING
65,300,0.939807,37795,EVENING
70,300,0.915359,37795,EVENING
75,300,0.888054,37795,EVENING
80,300,0.855722,37795,EVENING
85,300,0.822199,37795,EVENING
90,300,0.788279,37795,EVENING
95,300,0.751898,37795,EVENING
100,300,0.714169,37795,EVENING
105,300,0.677206,37795,EVENING
110,300,0.639608,37795,EVENING
115,300,0.604154,37795,EVENING
120,300,0.56862,37795,EVENING
125,300,0.533801,37795,EVENING
130,300,0.499987,37795,EVENING
135,300,0.469956,37795,EVENING
140,300,0.44191,37795,EVENING
145,300,0.413441,37795,EVENING
150,300,0.386109,37795,EVENING
155,300,0.360577,37795,EVENING
160,300,0.335362,37795,EVENING
165,300,0.312158,37795,EVENING
170,300,0.29107,37795,EVENING
175,300,0.270433,37795,EVENING
180,300,0.25207,37795,EVENING
185,300,0.234052,37795,EVENING
190,300,0.217542,37795,EVENING
195,300,0.202434,37795,EVENING
200,300,0.186691,37795,EVENING
205,300,0.172113,37795,EVENING
210,300,0.158487,37795,EVENING
215,300,0.145337,37795,EVENING
220,300,0.134039,37795,EVENING
225,300,0.124752,37795,EVENING
230,300,0.11565,37795,EVENING
235,300,0.106575,37795,EVENING
240,300,0.098082,37795,EVENING
245,300,0.089641,37795,EVENING
250,300,0.08181,37795,EVENING
255,300,0.075142,37795,EVENING
260,300,0.068501,37795,EVENING
265,300,0.062442,37795,EVENING
270,300,0.057336,37795,EVENING
275,300,0.052176,37795,EVENING
280,300,0.047916,37795,EVENING
285,300,0.04408,37795,EVENING
290,300,0.039952,37795,EVENING
295,300,0.036486,37795,EVENING
300,300,0.033311,37795,EVENING
305,300,0.030004,37795,EVENING
310,300,0.026908,37795,EVENING
315,300,0.024262,37795,EVENING
320,300,0.021908,37795,EVENING
325,300,0.019765,37795,EVENING
330,300,0.018018,37795,EVENING
335,300,0.016669,37795,EVENING
340,300,0.015425,37795,EVENING
345,300,0.014076,37795,EVENING
350,300,0.013071,37795,EVENING
355,300,0.011933,37795,EVENING
360,300,0.011139,37795,EVENING
365,300,0.010001,37795,EVENING
370,300,0.008969,37795,EVENING
375,300,0.008176,37795,EVENING
380,300,0.007144,37795,EVENING
385,300,0.006324,37795,EVENING
390,300,0.005609,37795,EVENING
395,300,0.005159,37795,EVENING
400,300,0.004763,37795,EVENING
405,300,0.004366,37795,EVENING
410,300,0.003916,37795,EVENING
415,300,0.003651,37795,EVENING
420,300,0.003228,37795,EVENING
425,300,0.002831,37795,EVENING
430,300,0.002593,37795,EVENING
435,300,0.002434,37795,EVENING
440,300,0.00209,37795,EVENING
445,300,0.001879,37795,EVENING
450,300,0.001667,37795,EVENING
455,300,0.001455,37795,EVENING
460,300,0.001164,37795,EVENING
465,300,0.001111,37795,EVENING
470,300,0.0009,37795,EVENING
475,300,0.00082,37795,EVENING
480,300,0.000714,37795,EVENING
485,300,0.000609,37795,EVENING
490,300,0.000529,37795,EVENING
495,300,0.00045,37795,EVENING
500,300,0.000423,37795,EVENING
505,300,0.00037,37795,EVENING
510,300,0.00037,37795,EVENING
515,300,0.00037,37795,EVENING
520,300,0.00037,37795,EVENING
525,300,0.000318,37795,EVENING
530,300,0.000265,37795,EVENING
535,300,0.000238,37795,EVENING
540,300,0.000212,37795,EVENING
545,300,0.000159,37795,EVENING
550,300,0.000132,37795,EVENING
555,300,0.000106,37795,EVENING
560,300,7.9e-05,37795,EVENING
565,300,2.6e-05,37795,EVENING
570,300,2.6e-05,37795,EVENING
575,300,2.6e-05,37795,EVENING
580,300,2.6e-05,37795,EVENING
585,300,0.0,37795,EVENING
590,300,0.0,37795,EVENING
595,300,0.0,37795,EVENING
600,300,0.0,37795,EVENING
605,300,0.0,37795,EVENING
610,300,0.0,37795,EVENING
615,300,0.0,37795,EVENING
620,300,0.0,37795,EVENING
625,300,0.0,37795,EVENING
630,300,0.0,37795,EVENING
635,300,0.0,37795,EVENING
640,300,0.0,37795,EVENING
645,300,0.0,37795,EVENING
650,300,0.0,37795,EVENING
655,300,0.0,37795,EVENING
660,300,0.0,37795,EVENING
665,300,0.0,37795,EVENING
670,300,0.0,37795,EVENING
675,300,0.0,37795,EVENING
680,300,0.0,37795,EVENING
685,300,0.0,37795,EVENING
690,300,0.0,37795,EVENING
695,300,0.0,37795,EVENING
700,300,0.0,37795,EVENING
705,300,0.0,37795,EVENING
710,300,0.0,37795,EVENING
715,300,0.0,37795,EVENING
720,300,0.0,37795,EVENING
725,300,0.0,37795,EVENING
730,300,0.0,37795,EVENING
735,300,0.0,37795,EVENING
740,300,0.0,37795,EVENING
745,300,0.0,37795,EVENING
750,300,0.0,37795,EVENING
755,300,0.0,37795,EVENING
760,300,0.0,37795,EVENING
765,300,0.0,37795,EVENING
770,300,0.0,37795,EVENING
775,300,0.0,37795,EVENING
780,300,0.0,37795,EVENING
785,300,0.0,37795,EVENING
790,300,0.0,37795,EVENING
795,300,0.0,37795,EVENING
800,300,0.0,37795,EVENING
805,300,0.0,37795,EVENING
810,300,0.0,37795,EVENING
815,300,0.0,37795,EVENING
820,300,0.0,37795,EVENING
825,300,0.0,37795,EVENING
830,300,0.0,37795,EVENING
835,300,0.0,37795,EVENING
840,300,0.0,37795,EVENING
845,300,0.0,37795,EVENING
850,300,0.0,37795,EVENING
855,300,0.0,37795,EVENING
860,300,0.0,37795,EVENING
865,300,0.0,37795,EVENING
870,300,0.0,37795,EVENING
875,300,0.0,37795,EVENING
880,300,0.0,37795,EVENING
885,300,0.0,37795,EVENING
890,300,0.0,37795,EVENING
895,300,0.0,37795,EVENING
900,300,0.0,37795,EVENING
905,300,0.0,37795,EVENING
910,300,0.0,37795,EVENING
915,300,0.0,37795,EVENING
920,300,0.0,37795,EVENING
925,300,0.0,37795,EVENING
930,300,0.0,37795,EVENING
935,300,0.0,37795,EVENING
940,300,0.0,37795,EVENING
945,300,0.0,37795,EVENING
950,300,0.0,37795,EVENING
955,300,0.0,37795,EVENING
960,300,0.0,37795,EVENING
965,300,0.0,37795,EVENING
970,300,0.0,37795,EVENING
975,300,0.0,37795,EVENING
980,300,0.0,37795,EVENING
985,300,0.0,37795,EVENING
990,300,0.0,37795,EVENING
995,300,0.0,37795,EVENING
1000,300,0.0,37795,EVENING
1005,300,0.0,37795,EVENING
1010,300,0.0,37795,EVENING
1015,300,0.0,37795,EVENING
1020,300,0.0,37795,EVENING
1025,300,0.0,37795,EVENING
1030,300,0.0,37795,EVENING
1035,300,0.0,37795,EVENING
1040,300,0.0,37795,EVENING
1045,300,0.0,37795,EVENING
1050,300,0.0,37795,EVENING
1055,300,0.0,37795,EVENING
1060,300,0.0,37795,EVENING
1065,300,0.0,37795,EVENING
1070,300,0.0,37795,EVENING
1075,300,0.0,37795,EVENING
1080,300,0.0,37795,EVENING
1085,300,0.0,37795,EVENING
1090,300,0.0,37795,EVENING
1095,300,0.0,37795,EVENING
1100,300,0.0,37795,EVENING
1105,300,0.0,37795,EVENING
1110,300,0.0,37795,EVENING
1115,300,0.0,37795,EVENING
1120,300,0.0,37795,EVENING
1125,300,0.0,37795,EVENING
1130,300,0.0,37795,EVENING
1135,300,0.0,37795,EVENING
1140,300,0.0,37795,EVENING
1145,300,0.0,37795,EVENING
1150,300,0.0,37795,EVENING
1155,300,0.0,37795,EVENING
1160,300,0.0,37795,EVENING
1165,300,0.0,37795,EVENING
1170,300,0.0,37795,EVENING
1175,300,0.0,37795,EVENING
1180,300,0.0,37795,EVENING
1185,300,0.0,37795,EVENING
1190,300,0.0,37795,EVENING
1195,300,0.0,37795,EVENING
1200,300,0.0,37795,EVENING
1205,300,0.0,37795,EVENING
1210,300,0.0,37795,EVENING
1215,300,0.0,37795,EVENING
1220,300,0.0,37795,EVENING
1225,300,0.0,37795,EVENING
1230,300,0.0,37795,EVENING
1235,300,0.0,37795,EVENING
1240,300,0.0,37795,EVENING
1245,300,0.0,37795,EVENING
1250,300,0.0,37795,EVENING
1255,300,0.0,37795,EVENING
1260,300,0.0,37795,EVENING
1265,300,0.0,37795,EVENING
1270,300,0.0,37795,EVENING
1275,300,0.0,37795,EVENING
1280,300,0.0,37795,EVENING
1285,300,0.0,37795,EVENING
1290,300,0.0,37795,EVENING
1295,300,0.0,37795,EVENING
1300,300,0.0,37795,EVENING
1305,300,0.0,37795,EVENING
1310,300,0.0,37795,EVENING
1315,300,0.0,37795,EVENING
1320,300,0.0,37795,EVENING
1325,300,0.0,37795,EVENING
1330,300,0.0,37795,EVENING
1335,300,0.0,37795,EVENING
1340,300,0.0,37795,EVENING
1345,300,0.0,37795,EVENING
1350,300,0.0,37795,EVENING
1355,300,0.0,37795,EVENING
1360,300,0.0,37795,EVENING
1365,300,0.0,37795,EVENING
1370,300,0.0,37795,EVENING
1375,300,0.0,37795,EVENING
1380,300,0.0,37795,EVENING
1385,300,0.0,37795,EVENING
1390,300,0.0,37795,EVENING
1395,300,0.0,37795,EVENING
1400,300,0.0,37795,EVENING
1405,300,0.0,37795,EVENING
1410,300,0.0,37795,EVENING
1415,300,0.0,37795,EVENING
1420,300,0.0,37795,EVENING
1425,300,0.0,37795,EVENING
1430,300,0.0,37795,EVENING
1435,300,0.0,37795,EVENING
1440,300,0.0,37795,EVENING
1445,300,0.0,37795,EVENING
1450,300,0.0,37795,EVENING
1455,300,0.0,37795,EVENING
1460,300,0.0,37795,EVENING
1465,300,0.0,37795,EVENING
1470,300,0.0,37795,EVENING
1475,300,0.0,37795,EVENING
1480,300,0.0,37795,EVENING
1485,300,0.0,37795,EVENING
1490,300,0.0,37795,EVENING
1495,300,0.0,37795,EVENING
1500,300,0.0,37795,EVENING
1505,300,0.0,37795,EVENING
1510,300,0.0,37795,EVENING
1515,300,0.0,37795,EVENING
1520,300,0.0,37795,EVENING
1525,300,0.0,37795,EVENING
1530,300,0.0,37795,EVENING
1535,300,0.0,37795,EVENING
1540,300,0.0,37795,EVENING
1545,300,0.0,37795,EVENING
1550,300,0.0,37795,EVENING
1555,300,0.0,37795,EVENING
1560,300,0.0,37795,EVENING
1565,300,0.0,37795,EVENING
1570,300,0.0,37795,EVENING
1575,300,0.0,37795,EVENING
1580,300,0.0,37795,EVENING
1585,300,0.0,37795,EVENING
1590,300,0.0,37795,EVENING
1595,300,0.0,37795,EVENING
1600,300,0.0,37795,EVENING
1605,300,0.0,37795,EVENING
1610,300,0.0,37795,EVENING
1615,300,0.0,37795,EVENING
1620,300,0.0,37795,EVENING
1625,300,0.0,37795,EVENING
1630,300,0.0,37795,EVENING
1635,300,0.0,37795,EVENING
1640,300,0.0,37795,EVENING
1645,300,0.0,37795,EVENING
1650,300,0.0,37795,EVENING
1655,300,0.0,37795,EVENING
1660,300,0.0,37795,EVENING
1665,300,0.0,37795,EVENING
1670,300,0.0,37795,EVENING
1675,300,0.0,37795,EVENING
1680,300,0.0,37795,EVENING
1685,300,0.0,37795,EVENING
1690,300,0.0,37795,EVENING
1695,300,0.0,37795,EVENING
1700,300,0.0,37795,EVENING
1705,300,0.0,37795,EVENING
1710,300,0.0,37795,EVENING
1715,300,0.0,37795,EVENING
1720,300,0.0,37795,EVENING
1725,300,0.0,37795,EVENING
1730,300,0.0,37795,EVENING
1735,300,0.0,37795,EVENING
1740,300,0.0,37795,EVENING
1745,300,0.0,37795,EVENING
1750,300,0.0,37795,EVENING
1755,300,0.0,37795,EVENING
1760,300,0.0,37795,EVENING
1765,300,0.0,37795,EVENING
1770,300,0.0,37795,EVENING
1775,300,0.0,37795,EVENING
1780,300,0.0,37795,EVENING
1785,300,0.0,37795,EVENING
1790,300,0.0,37795,EVENING
1795,300,0.0,37795,EVENING
1800,300,0.0,37795,EVENING
1805,300,0.0,37795,EVENING
1810,300,0.0,37795,EVENING
1815,300,0.0,37795,EVENING
1820,300,0.0,37795,EVENING
1825,300,0.0,37795,EVENING
1830,300,0.0,37795,EVENING
1835,300,0.0,37795,EVENING
1840,300,0.0,37795,EVENING
1845,300,0.0,37795,EVENING
1850,300,0.0,37795,EVENING
1855,300,0.0,37795,EVENING
1860,300,0.0,37795,EVENING
1865,300,0.0,37795,EVENING
1870,300,0.0,37795,EVENING
1875,300,0.0,37795,EVENING
1880,300,0.0,37795,EVENING
1885,300,0.0,37795,EVENING
1890,300,0.0,37795,EVENING
1895,300,0.0,37795,EVENING
1900,300,0.0,37795,EVENING
1905,300,0.0,37795,EVENING
1910,300,0.0,37795,EVENING
1915,300,0.0,37795,EVENING
1920,300,0.0,37795,EVENING
1925,300,0.0,37795,EVENING
1930,300,0.0,37795,EVENING
1935,300,0.0,37795,EVENING
1940,300,0.0,37795,EVENING
1945,300,0.0,37795,EVENING
1950,300,0.0,37795,EVENING
1955,300,0.0,37795,EVENING
1960,300,0.0,37795,EVENING
1965,300,0.0,37795,EVENING
1970,300,0.0,37795,EVENING
1975,300,0.0,37795,EVENING
1980,300,0.0,37795,EVENING
1985,300,0.0,37795,EVENING
1990,300,0.0,37795,EVENING
1995,300,0.0,37795,EVENING
2000,300,0.0,37795,EVENING
50,300,0.998704,16200,LONDON_OPEN
55,300,0.996914,16200,LONDON_OPEN
60,300,0.993148,16200,LONDON_OPEN
65,300,0.987407,16200,LONDON_OPEN
70,300,0.979444,16200,LONDON_OPEN
75,300,0.968395,16200,LONDON_OPEN
80,300,0.955432,16200,LONDON_OPEN
85,300,0.938333,16200,LONDON_OPEN
90,300,0.921111,16200,LONDON_OPEN
95,300,0.901049,16200,LONDON_OPEN
100,300,0.877654,16200,LONDON_OPEN
105,300,0.850864,16200,LONDON_OPEN
110,300,0.822716,16200,LONDON_OPEN
115,300,0.795494,16200,LONDON_OPEN
120,300,0.76858,16200,LONDON_OPEN
125,300,0.739506,16200,LONDON_OPEN
130,300,0.712593,16200,LONDON_OPEN
135,300,0.683333,16200,LONDON_OPEN
140,300,0.657407,16200,LONDON_OPEN
145,300,0.629815,16200,LONDON_OPEN
150,300,0.602037,16200,LONDON_OPEN
155,300,0.574321,16200,LONDON_OPEN
160,300,0.549568,16200,LONDON_OPEN
165,300,0.525062,16200,LONDON_OPEN
170,300,0.501173,16200,LONDON_OPEN
175,300,0.478704,16200,LONDON_OPEN
180,300,0.453765,16200,LONDON_OPEN
185,300,0.43216,16200,LONDON_OPEN
190,300,0.412654,16200,LONDON_OPEN
195,300,0.391296,16200,LONDON_OPEN
200,300,0.371173,16200,LONDON_OPEN
205,300,0.350617,16200,LONDON_OPEN
210,300,0.33142,16200,LONDON_OPEN
215,300,0.31142,16200,LONDON_OPEN
220,300,0.293333,16200,LONDON_OPEN
225,300,0.277531,16200,LONDON_OPEN
230,300,0.262407,16200,LONDON_OPEN
235,300,0.248827,16200,LONDON_OPEN
240,300,0.235864,16200,LONDON_OPEN
245,300,0.22358,16200,LONDON_OPEN
250,300,0.21037,16200,LONDON_OPEN
255,300,0.196975,16200,LONDON_OPEN
260,300,0.185,16200,LONDON_OPEN
265,300,0.174136,16200,LONDON_OPEN
270,300,0.163148,16200,LONDON_OPEN
275,300,0.152469,16200,LONDON_OPEN
280,300,0.143951,16200,LONDON_OPEN
285,300,0.136111,16200,LONDON_OPEN
290,300,0.127469,16200,LONDON_OPEN
295,300,0.120802,16200,LONDON_OPEN
300,300,0.113148,16200,LONDON_OPEN
305,300,0.105741,16200,LONDON_OPEN
310,300,0.098704,16200,LONDON_OPEN
315,300,0.09284,16200,LONDON_OPEN
320,300,0.08642,16200,LONDON_OPEN
325,300,0.081111,16200,LONDON_OPEN
330,300,0.075741,16200,LONDON_OPEN
335,300,0.070741,16200,LONDON_OPEN
340,300,0.065741,16200,LONDON_OPEN
345,300,0.062469,16200,LONDON_OPEN
350,300,0.058086,16200,LONDON_OPEN
355,300,0.054136,16200,LONDON_OPEN
360,300,0.050432,16200,LONDON_OPEN
365,300,0.047531,16200,LONDON_OPEN
370,300,0.044321,16200,LONDON_OPEN
375,300,0.041605,16200,LONDON_OPEN
380,300,0.038086,16200,LONDON_OPEN
385,300,0.035802,16200,LONDON_OPEN
390,300,0.033642,16200,LONDON_OPEN
395,300,0.031173,16200,LONDON_OPEN
400,300,0.029383,16200,LONDON_OPEN
405,300,0.027407,16200,LONDON_OPEN
410,300,0.025926,16200,LONDON_OPEN
415,300,0.023333,16200,LONDON_OPEN
420,300,0.021667,16200,LONDON_OPEN
425,300,0.01963,16200,LONDON_OPEN
430,300,0.018395,16200,LONDON_OPEN
435,300,0.016543,16200,LONDON_OPEN
440,300,0.015926,16200,LONDON_OPEN
445,300,0.014877,16200,LONDON_OPEN
450,300,0.013642,16200,LONDON_OPEN
455,300,0.012593,16200,LONDON_OPEN
460,300,0.011852,16200,LONDON_OPEN
465,300,0.010679,16200,LONDON_OPEN
470,300,0.00963,16200,LONDON_OPEN
475,300,0.00858,16200,LONDON_OPEN
480,300,0.008025,16200,LONDON_OPEN
485,300,0.007346,16200,LONDON_OPEN
490,300,0.006914,16200,LONDON_OPEN
495,300,0.006296,16200,LONDON_OPEN
500,300,0.005988,16200,LONDON_OPEN
505,300,0.005617,16200,LONDON_OPEN
510,300,0.005185,16200,LONDON_OPEN
515,300,0.004815,16200,LONDON_OPEN
520,300,0.004444,16200,LONDON_OPEN
525,300,0.004198,16200,LONDON_OPEN
530,300,0.003765,16200,LONDON_OPEN
535,300,0.003457,16200,LONDON_OPEN
540,300,0.003272,16200,LONDON_OPEN
545,300,0.00321,16200,LONDON_OPEN
550,300,0.002963,16200,LONDON_OPEN
555,300,0.002716,16200,LONDON_OPEN
560,300,0.002593,16200,LONDON_OPEN
565,300,0.002469,16200,LONDON_OPEN
570,300,0.002346,16200,LONDON_OPEN
575,300,0.002346,16200,LONDON_OPEN
580,300,0.002222,16200,LONDON_OPEN
585,300,0.001914,16200,LONDON_OPEN
590,300,0.001481,16200,LONDON_OPEN
595,300,0.001296,16200,LONDON_OPEN
600,300,0.001235,16200,LONDON_OPEN
605,300,0.001111,16200,LONDON_OPEN
610,300,0.001111,16200,LONDON_OPEN
615,300,0.000926,16200,LONDON_OPEN
620,300,0.000926,16200,LONDON_OPEN
625,300,0.000926,16200,LONDON_OPEN
630,300,0.000926,16200,LONDON_OPEN
635,300,0.000926,16200,LONDON_OPEN
640,300,0.000926,16200,LONDON_OPEN
645,300,0.000926,16200,LONDON_OPEN
650,300,0.000864,16200,LONDON_OPEN
655,300,0.000802,16200,LONDON_OPEN
660,300,0.000741,16200,LONDON_OPEN
665,300,0.000617,16200,LONDON_OPEN
670,300,0.000617,16200,LONDON_OPEN
675,300,0.000556,16200,LONDON_OPEN
680,300,0.000494,16200,LONDON_OPEN
685,300,0.00037,16200,LONDON_OPEN
690,300,0.00037,16200,LONDON_OPEN
695,300,0.000309,16200,LONDON_OPEN
700,300,0.000247,16200,LONDON_OPEN
705,300,0.000247,16200,LONDON_OPEN
710,300,0.000247,16200,LONDON_OPEN
715,300,0.000247,16200,LONDON_OPEN
720,300,0.000185,16200,LONDON_OPEN
725,300,0.000185,16200,LONDON_OPEN
730,300,0.000123,16200,LONDON_OPEN
735,300,0.000123,16200,LONDON_OPEN
740,300,0.000123,16200,LONDON_OPEN
745,300,0.000123,16200,LONDON_OPEN
750,300,0.000123,16200,LONDON_OPEN
755,300,0.000123,16200,LONDON_OPEN
760,300,6.2e-05,16200,LONDON_OPEN
765,300,6.2e-05,16200,LONDON_OPEN
770,300,6.2e-05,16200,LONDON_OPEN
775,300,6.2e-05,16200,LONDON_OPEN
780,300,6.2e-05,16200,LONDON_OPEN
785,300,6.2e-05,16200,LONDON_OPEN
790,300,6.2e-05,16200,LONDON_OPEN
795,300,6.2e-05,16200,LONDON_OPEN
800,300,6.2e-05,16200,LONDON_OPEN
805,300,6.2e-05,16200,LONDON_OPEN
810,300,0.0,16200,LONDON_OPEN
815,300,0.0,16200,LONDON_OPEN
820,300,0.0,16200,LONDON_OPEN
825,300,0.0,16200,LONDON_OPEN
830,300,0.0,16200,LONDON_OPEN
835,300,0.0,16200,LONDON_OPEN
840,300,0.0,16200,LONDON_OPEN
845,300,0.0,16200,LONDON_OPEN
850,300,0.0,16200,LONDON_OPEN
855,300,0.0,16200,LONDON_OPEN
860,300,0.0,16200,LONDON_OPEN
865,300,0.0,16200,LONDON_OPEN
870,300,0.0,16200,LONDON_OPEN
875,300,0.0,16200,LONDON_OPEN
880,300,0.0,16200,LONDON_OPEN
885,300,0.0,16200,LONDON_OPEN
890,300,0.0,16200,LONDON_OPEN
895,300,0.0,16200,LONDON_OPEN
900,300,0.0,16200,LONDON_OPEN
905,300,0.0,16200,LONDON_OPEN
910,300,0.0,16200,LONDON_OPEN
915,300,0.0,16200,LONDON_OPEN
920,300,0.0,16200,LONDON_OPEN
925,300,0.0,16200,LONDON_OPEN
930,300,0.0,16200,LONDON_OPEN
935,300,0.0,16200,LONDON_OPEN
940,300,0.0,16200,LONDON_OPEN
945,300,0.0,16200,LONDON_OPEN
950,300,0.0,16200,LONDON_OPEN
955,300,0.0,16200,LONDON_OPEN
960,300,0.0,16200,LONDON_OPEN
965,300,0.0,16200,LONDON_OPEN
970,300,0.0,16200,LONDON_OPEN
975,300,0.0,16200,LONDON_OPEN
980,300,0.0,16200,LONDON_OPEN
985,300,0.0,16200,LONDON_OPEN
990,300,0.0,16200,LONDON_OPEN
995,300,0.0,16200,LONDON_OPEN
1000,300,0.0,16200,LONDON_OPEN
1005,300,0.0,16200,LONDON_OPEN
1010,300,0.0,16200,LONDON_OPEN
1015,300,0.0,16200,LONDON_OPEN
1020,300,0.0,16200,LONDON_OPEN
1025,300,0.0,16200,LONDON_OPEN
1030,300,0.0,16200,LONDON_OPEN
1035,300,0.0,16200,LONDON_OPEN
1040,300,0.0,16200,LONDON_OPEN
1045,300,0.0,16200,LONDON_OPEN
1050,300,0.0,16200,LONDON_OPEN
1055,300,0.0,16200,LONDON_OPEN
1060,300,0.0,16200,LONDON_OPEN
1065,300,0.0,16200,LONDON_OPEN
1070,300,0.0,16200,LONDON_OPEN
1075,300,0.0,16200,LONDON_OPEN
1080,300,0.0,16200,LONDON_OPEN
1085,300,0.0,16200,LONDON_OPEN
1090,300,0.0,16200,LONDON_OPEN
1095,300,0.0,16200,LONDON_OPEN
1100,300,0.0,16200,LONDON_OPEN
1105,300,0.0,16200,LONDON_OPEN
1110,300,0.0,16200,LONDON_OPEN
1115,300,0.0,16200,LONDON_OPEN
1120,300,0.0,16200,LONDON_OPEN
1125,300,0.0,16200,LONDON_OPEN
1130,300,0.0,16200,LONDON_OPEN
1135,300,0.0,16200,LONDON_OPEN
1140,300,0.0,16200,LONDON_OPEN
1145,300,0.0,16200,LONDON_OPEN
1150,300,0.0,16200,LONDON_OPEN
1155,300,0.0,16200,LONDON_OPEN
1160,300,0.0,16200,LONDON_OPEN
1165,300,0.0,16200,LONDON_OPEN
1170,300,0.0,16200,LONDON_OPEN
1175,300,0.0,16200,LONDON_OPEN
1180,300,0.0,16200,LONDON_OPEN
1185,300,0.0,16200,LONDON_OPEN
1190,300,0.0,16200,LONDON_OPEN
1195,300,0.0,16200,LONDON_OPEN
1200,300,0.0,16200,LONDON_OPEN
1205,300,0.0,16200,LONDON_OPEN
1210,300,0.0,16200,LONDON_OPEN
1215,300,0.0,16200,LONDON_OPEN
1220,300,0.0,16200,LONDON_OPEN
1225,300,0.0,16200,LONDON_OPEN
1230,300,0.0,16200,LONDON_OPEN
1235,300,0.0,16200,LONDON_OPEN
1240,300,0.0,16200,LONDON_OPEN
1245,300,0.0,16200,LONDON_OPEN
1250,300,0.0,16200,LONDON_OPEN
1255,300,0.0,16200,LONDON_OPEN
1260,300,0.0,16200,LONDON_OPEN
1265,300,0.0,16200,LONDON_OPEN
1270,300,0.0,16200,LONDON_OPEN
1275,300,0.0,16200,LONDON_OPEN
1280,300,0.0,16200,LONDON_OPEN
1285,300,0.0,16200,LONDON_OPEN
1290,300,0.0,16200,LONDON_OPEN
1295,300,0.0,16200,LONDON_OPEN
1300,300,0.0,16200,LONDON_OPEN
1305,300,0.0,16200,LONDON_OPEN
1310,300,0.0,16200,LONDON_OPEN
1315,300,0.0,16200,LONDON_OPEN
1320,300,0.0,16200,LONDON_OPEN
1325,300,0.0,16200,LONDON_OPEN
1330,300,0.0,16200,LONDON_OPEN
1335,300,0.0,16200,LONDON_OPEN
1340,300,0.0,16200,LONDON_OPEN
1345,300,0.0,16200,LONDON_OPEN
1350,300,0.0,16200,LONDON_OPEN
1355,300,0.0,16200,LONDON_OPEN
1360,300,0.0,16200,LONDON_OPEN
1365,300,0.0,16200,LONDON_OPEN
1370,300,0.0,16200,LONDON_OPEN
1375,300,0.0,16200,LONDON_OPEN
1380,300,0.0,16200,LONDON_OPEN
1385,300,0.0,16200,LONDON_OPEN
1390,300,0.0,16200,LONDON_OPEN
1395,300,0.0,16200,LONDON_OPEN
1400,300,0.0,16200,LONDON_OPEN
1405,300,0.0,16200,LONDON_OPEN
1410,300,0.0,16200,LONDON_OPEN
1415,300,0.0,16200,LONDON_OPEN
1420,300,0.0,16200,LONDON_OPEN
1425,300,0.0,16200,LONDON_OPEN
1430,300,0.0,16200,LONDON_OPEN
1435,300,0.0,16200,LONDON_OPEN
1440,300,0.0,16200,LONDON_OPEN
1445,300,0.0,16200,LONDON_OPEN
1450,300,0.0,16200,LONDON_OPEN
1455,300,0.0,16200,LONDON_OPEN
1460,300,0.0,16200,LONDON_OPEN
1465,300,0.0,16200,LONDON_OPEN
1470,300,0.0,16200,LONDON_OPEN
1475,300,0.0,16200,LONDON_OPEN
1480,300,0.0,16200,LONDON_OPEN
1485,300,0.0,16200,LONDON_OPEN
1490,300,0.0,16200,LONDON_OPEN
1495,300,0.0,16200,LONDON_OPEN
1500,300,0.0,16200,LONDON_OPEN
1505,300,0.0,16200,LONDON_OPEN
1510,300,0.0,16200,LONDON_OPEN
1515,300,0.0,16200,LONDON_OPEN
1520,300,0.0,16200,LONDON_OPEN
1525,300,0.0,16200,LONDON_OPEN
1530,300,0.0,16200,LONDON_OPEN
1535,300,0.0,16200,LONDON_OPEN
1540,300,0.0,16200,LONDON_OPEN
1545,300,0.0,16200,LONDON_OPEN
1550,300,0.0,16200,LONDON_OPEN
1555,300,0.0,16200,LONDON_OPEN
1560,300,0.0,16200,LONDON_OPEN
1565,300,0.0,16200,LONDON_OPEN
1570,300,0.0,16200,LONDON_OPEN
1575,300,0.0,16200,LONDON_OPEN
1580,300,0.0,16200,LONDON_OPEN
1585,300,0.0,16200,LONDON_OPEN
1590,300,0.0,16200,LONDON_OPEN
1595,300,0.0,16200,LONDON_OPEN
1600,300,0.0,16200,LONDON_OPEN
1605,300,0.0,16200,LONDON_OPEN
1610,300,0.0,16200,LONDON_OPEN
1615,300,0.0,16200,LONDON_OPEN
1620,300,0.0,16200,LONDON_OPEN
1625,300,0.0,16200,LONDON_OPEN
1630,300,0.0,16200,LONDON_OPEN
1635,300,0.0,16200,LONDON_OPEN
1640,300,0.0,16200,LONDON_OPEN
1645,300,0.0,16200,LONDON_OPEN
1650,300,0.0,16200,LONDON_OPEN
1655,300,0.0,16200,LONDON_OPEN
1660,300,0.0,16200,LONDON_OPEN
1665,300,0.0,16200,LONDON_OPEN
1670,300,0.0,16200,LONDON_OPEN
1675,300,0.0,16200,LONDON_OPEN
1680,300,0.0,16200,LONDON_OPEN
1685,300,0.0,16200,LONDON_OPEN
1690,300,0.0,16200,LONDON_OPEN
1695,300,0.0,16200,LONDON_OPEN
1700,300,0.0,16200,LONDON_OPEN
1705,300,0.0,16200,LONDON_OPEN
1710,300,0.0,16200,LONDON_OPEN
1715,300,0.0,16200,LONDON_OPEN
1720,300,0.0,16200,LONDON_OPEN
1725,300,0.0,16200,LONDON_OPEN
1730,300,0.0,16200,LONDON_OPEN
1735,300,0.0,16200,LONDON_OPEN
1740,300,0.0,16200,LONDON_OPEN
1745,300,0.0,16200,LONDON_OPEN
1750,300,0.0,16200,LONDON_OPEN
1755,300,0.0,16200,LONDON_OPEN
1760,300,0.0,16200,LONDON_OPEN
1765,300,0.0,16200,LONDON_OPEN
1770,300,0.0,16200,LONDON_OPEN
1775,300,0.0,16200,LONDON_OPEN
1780,300,0.0,16200,LONDON_OPEN
1785,300,0.0,16200,LONDON_OPEN
1790,300,0.0,16200,LONDON_OPEN
1795,300,0.0,16200,LONDON_OPEN
1800,300,0.0,16200,LONDON_OPEN
1805,300,0.0,16200,LONDON_OPEN
1810,300,0.0,16200,LONDON_OPEN
1815,300,0.0,16200,LONDON_OPEN
1820,300,0.0,16200,LONDON_OPEN
1825,300,0.0,16200,LONDON_OPEN
1830,300,0.0,16200,LONDON_OPEN
1835,300,0.0,16200,LONDON_OPEN
1840,300,0.0,16200,LONDON_OPEN
1845,300,0.0,16200,LONDON_OPEN
1850,300,0.0,16200,LONDON_OPEN
1855,300,0.0,16200,LONDON_OPEN
1860,300,0.0,16200,LONDON_OPEN
1865,300,0.0,16200,LONDON_OPEN
1870,300,0.0,16200,LONDON_OPEN
1875,300,0.0,16200,LONDON_OPEN
1880,300,0.0,16200,LONDON_OPEN
1885,300,0.0,16200,LONDON_OPEN
1890,300,0.0,16200,LONDON_OPEN
1895,300,0.0,16200,LONDON_OPEN
1900,300,0.0,16200,LONDON_OPEN
1905,300,0.0,16200,LONDON_OPEN
1910,300,0.0,16200,LONDON_OPEN
1915,300,0.0,16200,LONDON_OPEN
1920,300,0.0,16200,LONDON_OPEN
1925,300,0.0,16200,LONDON_OPEN
1930,300,0.0,16200,LONDON_OPEN
1935,300,0.0,16200,LONDON_OPEN
1940,300,0.0,16200,LONDON_OPEN
1945,300,0.0,16200,LONDON_OPEN
1950,300,0.0,16200,LONDON_OPEN
1955,300,0.0,16200,LONDON_OPEN
1960,300,0.0,16200,LONDON_OPEN
1965,300,0.0,16200,LONDON_OPEN
1970,300,0.0,16200,LONDON_OPEN
1975,300,0.0,16200,LONDON_OPEN
1980,300,0.0,16200,LONDON_OPEN
1985,300,0.0,16200,LONDON_OPEN
1990,300,0.0,16200,LONDON_OPEN
1995,300,0.0,16200,LONDON_OPEN
2000,300,0.0,16200,LONDON_OPEN
50,300,0.99909,53820,NY
55,300,0.997324,53820,NY
60,300,0.993906,53820,NY
65,300,0.988387,53820,NY
70,300,0.981401,53820,NY
75,300,0.970847,53820,NY
80,300,0.956931,53820,NY
85,300,0.941007,53820,NY
90,300,0.922501,53820,NY
95,300,0.901654,53820,NY
100,300,0.877964,53820,NY
105,300,0.853809,53820,NY
110,300,0.827889,53820,NY
115,300,0.800725,53820,NY
120,300,0.773894,53820,NY
125,300,0.74608,53820,NY
130,300,0.717837,53820,NY
135,300,0.688926,53820,NY
140,300,0.661446,53820,NY
145,300,0.632683,53820,NY
150,300,0.605072,53820,NY
155,300,0.578484,53820,NY
160,300,0.553698,53820,NY
165,300,0.52657,53820,NY
170,300,0.501263,53820,NY
175,300,0.476384,53820,NY
180,300,0.453753,53820,NY
185,300,0.431531,53820,NY
190,300,0.408436,53820,NY
195,300,0.388034,53820,NY
200,300,0.367819,53820,NY
205,300,0.348235,53820,NY
210,300,0.330212,53820,NY
215,300,0.312969,53820,NY
220,300,0.296117,53820,NY
225,300,0.280806,53820,NY
230,300,0.264604,53820,NY
235,300,0.250595,53820,NY
240,300,0.236975,53820,NY
245,300,0.223894,53820,NY
250,300,0.21152,53820,NY
255,300,0.199684,53820,NY
260,300,0.188685,53820,NY
265,300,0.177276,53820,NY
270,300,0.166555,53820,NY
275,300,0.15576,53820,NY
280,300,0.145819,53820,NY
285,300,0.136808,53820,NY
290,300,0.128112,53820,NY
295,300,0.11977,53820,NY
300,300,0.112412,53820,NY
305,300,0.10537,53820,NY
310,300,0.098161,53820,NY
315,300,0.091602,53820,NY
320,300,0.086102,53820,NY
325,300,0.080212,53820,NY
330,300,0.075232,53820,NY
335,300,0.070253,53820,NY
340,300,0.065589,53820,NY
345,300,0.061278,53820,NY
350,300,0.057265,53820,NY
355,300,0.05327,53820,NY
360,300,0.049851,53820,NY
365,300,0.046674,53820,NY
370,300,0.04346,53820,NY
375,300,0.040505,53820,NY
380,300,0.037774,53820,NY
385,300,0.035117,53820,NY
390,300,0.032609,53820,NY
395,300,0.030472,53820,NY
400,300,0.028317,53820,NY
405,300,0.026403,53820,NY
410,300,0.024582,53820,NY
415,300,0.022798,53820,NY
420,300,0.021145,53820,NY
425,300,0.019398,53820,NY
430,300,0.017874,53820,NY
435,300,0.016481,53820,NY
440,300,0.015403,53820,NY
445,300,0.014511,53820,NY
450,300,0.013322,53820,NY
455,300,0.012467,53820,NY
460,300,0.011315,53820,NY
465,300,0.010461,53820,NY
470,300,0.009588,53820,NY
475,300,0.008751,53820,NY
480,300,0.008213,53820,NY
485,300,0.007674,53820,NY
490,300,0.006912,53820,NY
495,300,0.006392,53820,NY
500,300,0.005686,53820,NY
505,300,0.00524,53820,NY
510,300,0.004905,53820,NY
515,300,0.004589,53820,NY
520,300,0.004181,53820,NY
525,300,0.003865,53820,NY
530,300,0.003623,53820,NY
535,300,0.00327,53820,NY
540,300,0.002936,53820,NY
545,300,0.002787,53820,NY
550,300,0.002638,53820,NY
555,300,0.002397,53820,NY
560,300,0.002211,53820,NY
565,300,0.002062,53820,NY
570,300,0.001895,53820,NY
575,300,0.001765,53820,NY
580,300,0.001654,53820,NY
585,300,0.001505,53820,NY
590,300,0.001394,53820,NY
595,300,0.001319,53820,NY
600,300,0.001226,53820,NY
605,300,0.001171,53820,NY
610,300,0.001133,53820,NY
615,300,0.000966,53820,NY
620,300,0.000892,53820,NY
625,300,0.000818,53820,NY
630,300,0.000725,53820,NY
635,300,0.000706,53820,NY
640,300,0.000595,53820,NY
645,300,0.000557,53820,NY
650,300,0.00052,53820,NY
655,300,0.000427,53820,NY
660,300,0.000409,53820,NY
665,300,0.00039,53820,NY
670,300,0.000334,53820,NY
675,300,0.000297,53820,NY
680,300,0.000297,53820,NY
685,300,0.000242,53820,NY
690,300,0.000223,53820,NY
695,300,0.000204,53820,NY
700,300,0.00013,53820,NY
705,300,0.00013,53820,NY
710,300,0.00013,53820,NY
715,300,0.00013,53820,NY
720,300,0.000111,53820,NY
725,300,0.000111,53820,NY
730,300,0.000111,53820,NY
735,300,0.000111,53820,NY
740,300,9.3e-05,53820,NY
745,300,9.3e-05,53820,NY
750,300,9.3e-05,53820,NY
755,300,7.4e-05,53820,NY
760,300,7.4e-05,53820,NY
765,300,5.6e-05,53820,NY
770,300,5.6e-05,53820,NY
775,300,5.6e-05,53820,NY
780,300,5.6e-05,53820,NY
785,300,5.6e-05,53820,NY
790,300,5.6e-05,53820,NY
795,300,5.6e-05,53820,NY
800,300,3.7e-05,53820,NY
805,300,1.9e-05,53820,NY
810,300,1.9e-05,53820,NY
815,300,1.9e-05,53820,NY
820,300,1.9e-05,53820,NY
825,300,1.9e-05,53820,NY
830,300,1.9e-05,53820,NY
835,300,0.0,53820,NY
840,300,0.0,53820,NY
845,300,0.0,53820,NY
850,300,0.0,53820,NY
855,300,0.0,53820,NY
860,300,0.0,53820,NY
865,300,0.0,53820,NY
870,300,0.0,53820,NY
875,300,0.0,53820,NY
880,300,0.0,53820,NY
885,300,0.0,53820,NY
890,300,0.0,53820,NY
895,300,0.0,53820,NY
900,300,0.0,53820,NY
905,300,0.0,53820,NY
910,300,0.0,53820,NY
915,300,0.0,53820,NY
920,300,0.0,53820,NY
925,300,0.0,53820,NY
930,300,0.0,53820,NY
935,300,0.0,53820,NY
940,300,0.0,53820,NY
945,300,0.0,53820,NY
950,300,0.0,53820,NY
955,300,0.0,53820,NY
960,300,0.0,53820,NY
965,300,0.0,53820,NY
970,300,0.0,53820,NY
975,300,0.0,53820,NY
980,300,0.0,53820,NY
985,300,0.0,53820,NY
990,300,0.0,53820,NY
995,300,0.0,53820,NY
1000,300,0.0,53820,NY
1005,300,0.0,53820,NY
1010,300,0.0,53820,NY
1015,300,0.0,53820,NY
1020,300,0.0,53820,NY
1025,300,0.0,53820,NY
1030,300,0.0,53820,NY
1035,300,0.0,53820,NY
1040,300,0.0,53820,NY
1045,300,0.0,53820,NY
1050,300,0.0,53820,NY
1055,300,0.0,53820,NY
1060,300,0.0,53820,NY
1065,300,0.0,53820,NY
1070,300,0.0,53820,NY
1075,300,0.0,53820,NY
1080,300,0.0,53820,NY
1085,300,0.0,53820,NY
1090,300,0.0,53820,NY
1095,300,0.0,53820,NY
1100,300,0.0,53820,NY
1105,300,0.0,53820,NY
1110,300,0.0,53820,NY
1115,300,0.0,53820,NY
1120,300,0.0,53820,NY
1125,300,0.0,53820,NY
1130,300,0.0,53820,NY
1135,300,0.0,53820,NY
1140,300,0.0,53820,NY
1145,300,0.0,53820,NY
1150,300,0.0,53820,NY
1155,300,0.0,53820,NY
1160,300,0.0,53820,NY
1165,300,0.0,53820,NY
1170,300,0.0,53820,NY
1175,300,0.0,53820,NY
1180,300,0.0,53820,NY
1185,300,0.0,53820,NY
1190,300,0.0,53820,NY
1195,300,0.0,53820,NY
1200,300,0.0,53820,NY
1205,300,0.0,53820,NY
1210,300,0.0,53820,NY
1215,300,0.0,53820,NY
1220,300,0.0,53820,NY
1225,300,0.0,53820,NY
1230,300,0.0,53820,NY
1235,300,0.0,53820,NY
1240,300,0.0,53820,NY
1245,300,0.0,53820,NY
1250,300,0.0,53820,NY
1255,300,0.0,53820,NY
1260,300,0.0,53820,NY
1265,300,0.0,53820,NY
1270,300,0.0,53820,NY
1275,300,0.0,53820,NY
1280,300,0.0,53820,NY
1285,300,0.0,53820,NY
1290,300,0.0,53820,NY
1295,300,0.0,53820,NY
1300,300,0.0,53820,NY
1305,300,0.0,53820,NY
1310,300,0.0,53820,NY
1315,300,0.0,53820,NY
1320,300,0.0,53820,NY
1325,300,0.0,53820,NY
1330,300,0.0,53820,NY
1335,300,0.0,53820,NY
1340,300,0.0,53820,NY
1345,300,0.0,53820,NY
1350,300,0.0,53820,NY
1355,300,0.0,53820,NY
1360,300,0.0,53820,NY
1365,300,0.0,53820,NY
1370,300,0.0,53820,NY
1375,300,0.0,53820,NY
1380,300,0.0,53820,NY
1385,300,0.0,53820,NY
1390,300,0.0,53820,NY
1395,300,0.0,53820,NY
1400,300,0.0,53820,NY
1405,300,0.0,53820,NY
1410,300,0.0,53820,NY
1415,300,0.0,53820,NY
1420,300,0.0,53820,NY
1425,300,0.0,53820,NY
1430,300,0.0,53820,NY
1435,300,0.0,53820,NY
1440,300,0.0,53820,NY
1445,300,0.0,53820,NY
1450,300,0.0,53820,NY
1455,300,0.0,53820,NY
1460,300,0.0,53820,NY
1465,300,0.0,53820,NY
1470,300,0.0,53820,NY
1475,300,0.0,53820,NY
1480,300,0.0,53820,NY
1485,300,0.0,53820,NY
1490,300,0.0,53820,NY
1495,300,0.0,53820,NY
1500,300,0.0,53820,NY
1505,300,0.0,53820,NY
1510,300,0.0,53820,NY
1515,300,0.0,53820,NY
1520,300,0.0,53820,NY
1525,300,0.0,53820,NY
1530,300,0.0,53820,NY
1535,300,0.0,53820,NY
1540,300,0.0,53820,NY
1545,300,0.0,53820,NY
1550,300,0.0,53820,NY
1555,300,0.0,53820,NY
1560,300,0.0,53820,NY
1565,300,0.0,53820,NY
1570,300,0.0,53820,NY
1575,300,0.0,53820,NY
1580,300,0.0,53820,NY
1585,300,0.0,53820,NY
1590,300,0.0,53820,NY
1595,300,0.0,53820,NY
1600,300,0.0,53820,NY
1605,300,0.0,53820,NY
1610,300,0.0,53820,NY
1615,300,0.0,53820,NY
1620,300,0.0,53820,NY
1625,300,0.0,53820,NY
1630,300,0.0,53820,NY
1635,300,0.0,53820,NY
1640,300,0.0,53820,NY
1645,300,0.0,53820,NY
1650,300,0.0,53820,NY
1655,300,0.0,53820,NY
1660,300,0.0,53820,NY
1665,300,0.0,53820,NY
1670,300,0.0,53820,NY
1675,300,0.0,53820,NY
1680,300,0.0,53820,NY
1685,300,0.0,53820,NY
1690,300,0.0,53820,NY
1695,300,0.0,53820,NY
1700,300,0.0,53820,NY
1705,300,0.0,53820,NY
1710,300,0.0,53820,NY
1715,300,0.0,53820,NY
1720,300,0.0,53820,NY
1725,300,0.0,53820,NY
1730,300,0.0,53820,NY
1735,300,0.0,53820,NY
1740,300,0.0,53820,NY
1745,300,0.0,53820,NY
1750,300,0.0,53820,NY
1755,300,0.0,53820,NY
1760,300,0.0,53820,NY
1765,300,0.0,53820,NY
1770,300,0.0,53820,NY
1775,300,0.0,53820,NY
1780,300,0.0,53820,NY
1785,300,0.0,53820,NY
1790,300,0.0,53820,NY
1795,300,0.0,53820,NY
1800,300,0.0,53820,NY
1805,300,0.0,53820,NY
1810,300,0.0,53820,NY
1815,300,0.0,53820,NY
1820,300,0.0,53820,NY
1825,300,0.0,53820,NY
1830,300,0.0,53820,NY
1835,300,0.0,53820,NY
1840,300,0.0,53820,NY
1845,300,0.0,53820,NY
1850,300,0.0,53820,NY
1855,300,0.0,53820,NY
1860,300,0.0,53820,NY
1865,300,0.0,53820,NY
1870,300,0.0,53820,NY
1875,300,0.0,53820,NY
1880,300,0.0,53820,NY
1885,300,0.0,53820,NY
1890,300,0.0,53820,NY
1895,300,0.0,53820,NY
1900,300,0.0,53820,NY
1905,300,0.0,53820,NY
1910,300,0.0,53820,NY
1915,300,0.0,53820,NY
1920,300,0.0,53820,NY
1925,300,0.0,53820,NY
1930,300,0.0,53820,NY
1935,300,0.0,53820,NY
1940,300,0.0,53820,NY
1945,300,0.0,53820,NY
1950,300,0.0,53820,NY
1955,300,0.0,53820,NY
1960,300,0.0,53820,NY
1965,300,0.0,53820,NY
1970,300,0.0,53820,NY
1975,300,0.0,53820,NY
1980,300,0.0,53820,NY
1985,300,0.0,53820,NY
1990,300,0.0,53820,NY
1995,300,0.0,53820,NY
2000,300,0.0,53820,NY
50,300,0.996574,10800,NY_CLOSE
55,300,0.992222,10800,NY_CLOSE
60,300,0.986389,10800,NY_CLOSE
65,300,0.977407,10800,NY_CLOSE
70,300,0.963519,10800,NY_CLOSE
75,300,0.946944,10800,NY_CLOSE
80,300,0.927407,10800,NY_CLOSE
85,300,0.906204,10800,NY_CLOSE
90,300,0.880185,10800,NY_CLOSE
95,300,0.852685,10800,NY_CLOSE
100,300,0.82213,10800,NY_CLOSE
105,300,0.793889,10800,NY_CLOSE
110,300,0.762037,10800,NY_CLOSE
115,300,0.730556,10800,NY_CLOSE
120,300,0.701019,10800,NY_CLOSE
125,300,0.668056,10800,NY_CLOSE
130,300,0.636944,10800,NY_CLOSE
135,300,0.604722,10800,NY_CLOSE
140,300,0.574815,10800,NY_CLOSE
145,300,0.546389,10800,NY_CLOSE
150,300,0.520185,10800,NY_CLOSE
155,300,0.491389,10800,NY_CLOSE
160,300,0.46537,10800,NY_CLOSE
165,300,0.438333,10800,NY_CLOSE
170,300,0.412315,10800,NY_CLOSE
175,300,0.387685,10800,NY_CLOSE
180,300,0.365648,10800,NY_CLOSE
185,300,0.345463,10800,NY_CLOSE
190,300,0.324722,10800,NY_CLOSE
195,300,0.306944,10800,NY_CLOSE
200,300,0.286944,10800,NY_CLOSE
205,300,0.269722,10800,NY_CLOSE
210,300,0.253241,10800,NY_CLOSE
215,300,0.236296,10800,NY_CLOSE
220,300,0.220093,10800,NY_CLOSE
225,300,0.206759,10800,NY_CLOSE
230,300,0.194444,10800,NY_CLOSE
235,300,0.182685,10800,NY_CLOSE
240,300,0.170185,10800,NY_CLOSE
245,300,0.157778,10800,NY_CLOSE
250,300,0.14787,10800,NY_CLOSE
255,300,0.138241,10800,NY_CLOSE
260,300,0.128241,10800,NY_CLOSE
265,300,0.121481,10800,NY_CLOSE
270,300,0.113148,10800,NY_CLOSE
275,300,0.103889,10800,NY_CLOSE
280,300,0.094815,10800,NY_CLOSE
285,300,0.088333,10800,NY_CLOSE
290,300,0.081574,10800,NY_CLOSE
295,300,0.076574,10800,NY_CLOSE
300,300,0.069907,10800,NY_CLOSE
305,300,0.063426,10800,NY_CLOSE
310,300,0.058611,10800,NY_CLOSE
315,300,0.053611,10800,NY_CLOSE
320,300,0.049259,10800,NY_CLOSE
325,300,0.045278,10800,NY_CLOSE
330,300,0.041574,10800,NY_CLOSE
335,300,0.038704,10800,NY_CLOSE
340,300,0.035648,10800,NY_CLOSE
345,300,0.032963,10800,NY_CLOSE
350,300,0.030556,10800,NY_CLOSE
355,300,0.0275,10800,NY_CLOSE
360,300,0.025833,10800,NY_CLOSE
365,300,0.024074,10800,NY_CLOSE
370,300,0.022685,10800,NY_CLOSE
375,300,0.021389,10800,NY_CLOSE
380,300,0.019815,10800,NY_CLOSE
385,300,0.018611,10800,NY_CLOSE
390,300,0.01787,10800,NY_CLOSE
395,300,0.016667,10800,NY_CLOSE
400,300,0.015648,10800,NY_CLOSE
405,300,0.014907,10800,NY_CLOSE
410,300,0.013704,10800,NY_CLOSE
415,300,0.012685,10800,NY_CLOSE
420,300,0.011944,10800,NY_CLOSE
425,300,0.010926,10800,NY_CLOSE
430,300,0.010185,10800,NY_CLOSE
435,300,0.009537,10800,NY_CLOSE
440,300,0.008148,10800,NY_CLOSE
445,300,0.007222,10800,NY_CLOSE
450,300,0.006574,10800,NY_CLOSE
455,300,0.005926,10800,NY_CLOSE
460,300,0.005648,10800,NY_CLOSE
465,300,0.005185,10800,NY_CLOSE
470,300,0.004815,10800,NY_CLOSE
475,300,0.004444,10800,NY_CLOSE
480,300,0.004167,10800,NY_CLOSE
485,300,0.003704,10800,NY_CLOSE
490,300,0.003148,10800,NY_CLOSE
495,300,0.002593,10800,NY_CLOSE
500,300,0.0025,10800,NY_CLOSE
505,300,0.00213,10800,NY_CLOSE
510,300,0.001852,10800,NY_CLOSE
515,300,0.001852,10800,NY_CLOSE
520,300,0.001759,10800,NY_CLOSE
525,300,0.001389,10800,NY_CLOSE
530,300,0.001389,10800,NY_CLOSE
535,300,0.001296,10800,NY_CLOSE
540,300,0.001111,10800,NY_CLOSE
545,300,0.001111,10800,NY_CLOSE
550,300,0.000648,10800,NY_CLOSE
555,300,0.000648,10800,NY_CLOSE
560,300,0.000556,10800,NY_CLOSE
565,300,0.000463,10800,NY_CLOSE
570,300,0.000463,10800,NY_CLOSE
575,300,0.00037,10800,NY_CLOSE
580,300,0.000278,10800,NY_CLOSE
585,300,0.000278,10800,NY_CLOSE
590,300,0.000278,10800,NY_CLOSE
595,300,0.000278,10800,NY_CLOSE
600,300,0.000185,10800,NY_CLOSE
605,300,0.000185,10800,NY_CLOSE
610,300,0.000185,10800,NY_CLOSE
615,300,9.3e-05,10800,NY_CLOSE
620,300,9.3e-05,10800,NY_CLOSE
625,300,9.3e-05,10800,NY_CLOSE
630,300,9.3e-05,10800,NY_CLOSE
635,300,9.3e-05,10800,NY_CLOSE
640,300,9.3e-05,10800,NY_CLOSE
645,300,0.0,10800,NY_CLOSE
650,300,0.0,10800,NY_CLOSE
655,300,0.0,10800,NY_CLOSE
660,300,0.0,10800,NY_CLOSE
665,300,0.0,10800,NY_CLOSE
670,300,0.0,10800,NY_CLOSE
675,300,0.0,10800,NY_CLOSE
680,300,0.0,10800,NY_CLOSE
685,300,0.0,10800,NY_CLOSE
690,300,0.0,10800,NY_CLOSE
695,300,0.0,10800,NY_CLOSE
700,300,0.0,10800,NY_CLOSE
705,300,0.0,10800,NY_CLOSE
710,300,0.0,10800,NY_CLOSE
715,300,0.0,10800,NY_CLOSE
720,300,0.0,10800,NY_CLOSE
725,300,0.0,10800,NY_CLOSE
730,300,0.0,10800,NY_CLOSE
735,300,0.0,10800,NY_CLOSE
740,300,0.0,10800,NY_CLOSE
745,300,0.0,10800,NY_CLOSE
750,300,0.0,10800,NY_CLOSE
755,300,0.0,10800,NY_CLOSE
760,300,0.0,10800,NY_CLOSE
765,300,0.0,10800,NY_CLOSE
770,300,0.0,10800,NY_CLOSE
775,300,0.0,10800,NY_CLOSE
780,300,0.0,10800,NY_CLOSE
785,300,0.0,10800,NY_CLOSE
790,300,0.0,10800,NY_CLOSE
795,300,0.0,10800,NY_CLOSE
800,300,0.0,10800,NY_CLOSE
805,300,0.0,10800,NY_CLOSE
810,300,0.0,10800,NY_CLOSE
815,300,0.0,10800,NY_CLOSE
820,300,0.0,10800,NY_CLOSE
825,300,0.0,10800,NY_CLOSE
830,300,0.0,10800,NY_CLOSE
835,300,0.0,10800,NY_CLOSE
840,300,0.0,10800,NY_CLOSE
845,300,0.0,10800,NY_CLOSE
850,300,0.0,10800,NY_CLOSE
855,300,0.0,10800,NY_CLOSE
860,300,0.0,10800,NY_CLOSE
865,300,0.0,10800,NY_CLOSE
870,300,0.0,10800,NY_CLOSE
875,300,0.0,10800,NY_CLOSE
880,300,0.0,10800,NY_CLOSE
885,300,0.0,10800,NY_CLOSE
890,300,0.0,10800,NY_CLOSE
895,300,0.0,10800,NY_CLOSE
900,300,0.0,10800,NY_CLOSE
905,300,0.0,10800,NY_CLOSE
910,300,0.0,10800,NY_CLOSE
915,300,0.0,10800,NY_CLOSE
920,300,0.0,10800,NY_CLOSE
925,300,0.0,10800,NY_CLOSE
930,300,0.0,10800,NY_CLOSE
935,300,0.0,10800,NY_CLOSE
940,300,0.0,10800,NY_CLOSE
945,300,0.0,10800,NY_CLOSE
950,300,0.0,10800,NY_CLOSE
955,300,0.0,10800,NY_CLOSE
960,300,0.0,10800,NY_CLOSE
965,300,0.0,10800,NY_CLOSE
970,300,0.0,10800,NY_CLOSE
975,300,0.0,10800,NY_CLOSE
980,300,0.0,10800,NY_CLOSE
985,300,0.0,10800,NY_CLOSE
990,300,0.0,10800,NY_CLOSE
995,300,0.0,10800,NY_CLOSE
1000,300,0.0,10800,NY_CLOSE
1005,300,0.0,10800,NY_CLOSE
1010,300,0.0,10800,NY_CLOSE
1015,300,0.0,10800,NY_CLOSE
1020,300,0.0,10800,NY_CLOSE
1025,300,0.0,10800,NY_CLOSE
1030,300,0.0,10800,NY_CLOSE
1035,300,0.0,10800,NY_CLOSE
1040,300,0.0,10800,NY_CLOSE
1045,300,0.0,10800,NY_CLOSE
1050,300,0.0,10800,NY_CLOSE
1055,300,0.0,10800,NY_CLOSE
1060,300,0.0,10800,NY_CLOSE
1065,300,0.0,10800,NY_CLOSE
1070,300,0.0,10800,NY_CLOSE
1075,300,0.0,10800,NY_CLOSE
1080,300,0.0,10800,NY_CLOSE
1085,300,0.0,10800,NY_CLOSE
1090,300,0.0,10800,NY_CLOSE
1095,300,0.0,10800,NY_CLOSE
1100,300,0.0,10800,NY_CLOSE
1105,300,0.0,10800,NY_CLOSE
1110,300,0.0,10800,NY_CLOSE
1115,300,0.0,10800,NY_CLOSE
1120,300,0.0,10800,NY_CLOSE
1125,300,0.0,10800,NY_CLOSE
1130,300,0.0,10800,NY_CLOSE
1135,300,0.0,10800,NY_CLOSE
1140,300,0.0,10800,NY_CLOSE
1145,300,0.0,10800,NY_CLOSE
1150,300,0.0,10800,NY_CLOSE
1155,300,0.0,10800,NY_CLOSE
1160,300,0.0,10800,NY_CLOSE
1165,300,0.0,10800,NY_CLOSE
1170,300,0.0,10800,NY_CLOSE
1175,300,0.0,10800,NY_CLOSE
1180,300,0.0,10800,NY_CLOSE
1185,300,0.0,10800,NY_CLOSE
1190,300,0.0,10800,NY_CLOSE
1195,300,0.0,10800,NY_CLOSE
1200,300,0.0,10800,NY_CLOSE
1205,300,0.0,10800,NY_CLOSE
1210,300,0.0,10800,NY_CLOSE
1215,300,0.0,10800,NY_CLOSE
1220,300,0.0,10800,NY_CLOSE
1225,300,0.0,10800,NY_CLOSE
1230,300,0.0,10800,NY_CLOSE
1235,300,0.0,10800,NY_CLOSE
1240,300,0.0,10800,NY_CLOSE
1245,300,0.0,10800,NY_CLOSE
1250,300,0.0,10800,NY_CLOSE
1255,300,0.0,10800,NY_CLOSE
1260,300,0.0,10800,NY_CLOSE
1265,300,0.0,10800,NY_CLOSE
1270,300,0.0,10800,NY_CLOSE
1275,300,0.0,10800,NY_CLOSE
1280,300,0.0,10800,NY_CLOSE
1285,300,0.0,10800,NY_CLOSE
1290,300,0.0,10800,NY_CLOSE
1295,300,0.0,10800,NY_CLOSE
1300,300,0.0,10800,NY_CLOSE
1305,300,0.0,10800,NY_CLOSE
1310,300,0.0,10800,NY_CLOSE
1315,300,0.0,10800,NY_CLOSE
1320,300,0.0,10800,NY_CLOSE
1325,300,0.0,10800,NY_CLOSE
1330,300,0.0,10800,NY_CLOSE
1335,300,0.0,10800,NY_CLOSE
1340,300,0.0,10800,NY_CLOSE
1345,300,0.0,10800,NY_CLOSE
1350,300,0.0,10800,NY_CLOSE
1355,300,0.0,10800,NY_CLOSE
1360,300,0.0,10800,NY_CLOSE
1365,300,0.0,10800,NY_CLOSE
1370,300,0.0,10800,NY_CLOSE
1375,300,0.0,10800,NY_CLOSE
1380,300,0.0,10800,NY_CLOSE
1385,300,0.0,10800,NY_CLOSE
1390,300,0.0,10800,NY_CLOSE
1395,300,0.0,10800,NY_CLOSE
1400,300,0.0,10800,NY_CLOSE
1405,300,0.0,10800,NY_CLOSE
1410,300,0.0,10800,NY_CLOSE
1415,300,0.0,10800,NY_CLOSE
1420,300,0.0,10800,NY_CLOSE
1425,300,0.0,10800,NY_CLOSE
1430,300,0.0,10800,NY_CLOSE
1435,300,0.0,10800,NY_CLOSE
1440,300,0.0,10800,NY_CLOSE
1445,300,0.0,10800,NY_CLOSE
1450,300,0.0,10800,NY_CLOSE
1455,300,0.0,10800,NY_CLOSE
1460,300,0.0,10800,NY_CLOSE
1465,300,0.0,10800,NY_CLOSE
1470,300,0.0,10800,NY_CLOSE
1475,300,0.0,10800,NY_CLOSE
1480,300,0.0,10800,NY_CLOSE
1485,300,0.0,10800,NY_CLOSE
1490,300,0.0,10800,NY_CLOSE
1495,300,0.0,10800,NY_CLOSE
1500,300,0.0,10800,NY_CLOSE
1505,300,0.0,10800,NY_CLOSE
1510,300,0.0,10800,NY_CLOSE
1515,300,0.0,10800,NY_CLOSE
1520,300,0.0,10800,NY_CLOSE
1525,300,0.0,10800,NY_CLOSE
1530,300,0.0,10800,NY_CLOSE
1535,300,0.0,10800,NY_CLOSE
1540,300,0.0,10800,NY_CLOSE
1545,300,0.0,10800,NY_CLOSE
1550,300,0.0,10800,NY_CLOSE
1555,300,0.0,10800,NY_CLOSE
1560,300,0.0,10800,NY_CLOSE
1565,300,0.0,10800,NY_CLOSE
1570,300,0.0,10800,NY_CLOSE
1575,300,0.0,10800,NY_CLOSE
1580,300,0.0,10800,NY_CLOSE
1585,300,0.0,10800,NY_CLOSE
1590,300,0.0,10800,NY_CLOSE
1595,300,0.0,10800,NY_CLOSE
1600,300,0.0,10800,NY_CLOSE
1605,300,0.0,10800,NY_CLOSE
1610,300,0.0,10800,NY_CLOSE
1615,300,0.0,10800,NY_CLOSE
1620,300,0.0,10800,NY_CLOSE
1625,300,0.0,10800,NY_CLOSE
1630,300,0.0,10800,NY_CLOSE
1635,300,0.0,10800,NY_CLOSE
1640,300,0.0,10800,NY_CLOSE
1645,300,0.0,10800,NY_CLOSE
1650,300,0.0,10800,NY_CLOSE
1655,300,0.0,10800,NY_CLOSE
1660,300,0.0,10800,NY_CLOSE
1665,300,0.0,10800,NY_CLOSE
1670,300,0.0,10800,NY_CLOSE
1675,300,0.0,10800,NY_CLOSE
1680,300,0.0,10800,NY_CLOSE
1685,300,0.0,10800,NY_CLOSE
1690,300,0.0,10800,NY_CLOSE
1695,300,0.0,10800,NY_CLOSE
1700,300,0.0,10800,NY_CLOSE
1705,300,0.0,10800,NY_CLOSE
1710,300,0.0,10800,NY_CLOSE
1715,300,0.0,10800,NY_CLOSE
1720,300,0.0,10800,NY_CLOSE
1725,300,0.0,10800,NY_CLOSE
1730,300,0.0,10800,NY_CLOSE
1735,300,0.0,10800,NY_CLOSE
1740,300,0.0,10800,NY_CLOSE
1745,300,0.0,10800,NY_CLOSE
1750,300,0.0,10800,NY_CLOSE
1755,300,0.0,10800,NY_CLOSE
1760,300,0.0,10800,NY_CLOSE
1765,300,0.0,10800,NY_CLOSE
1770,300,0.0,10800,NY_CLOSE
1775,300,0.0,10800,NY_CLOSE
1780,300,0.0,10800,NY_CLOSE
1785,300,0.0,10800,NY_CLOSE
1790,300,0.0,10800,NY_CLOSE
1795,300,0.0,10800,NY_CLOSE
1800,300,0.0,10800,NY_CLOSE
1805,300,0.0,10800,NY_CLOSE
1810,300,0.0,10800,NY_CLOSE
1815,300,0.0,10800,NY_CLOSE
1820,300,0.0,10800,NY_CLOSE
1825,300,0.0,10800,NY_CLOSE
1830,300,0.0,10800,NY_CLOSE
1835,300,0.0,10800,NY_CLOSE
1840,300,0.0,10800,NY_CLOSE
1845,300,0.0,10800,NY_CLOSE
1850,300,0.0,10800,NY_CLOSE
1855,300,0.0,10800,NY_CLOSE
1860,300,0.0,10800,NY_CLOSE
1865,300,0.0,10800,NY_CLOSE
1870,300,0.0,10800,NY_CLOSE
1875,300,0.0,10800,NY_CLOSE
1880,300,0.0,10800,NY_CLOSE
1885,300,0.0,10800,NY_CLOSE
1890,300,0.0,10800,NY_CLOSE
1895,300,0.0,10800,NY_CLOSE
1900,300,0.0,10800,NY_CLOSE
1905,300,0.0,10800,NY_CLOSE
1910,300,0.0,10800,NY_CLOSE
1915,300,0.0,10800,NY_CLOSE
1920,300,0.0,10800,NY_CLOSE
1925,300,0.0,10800,NY_CLOSE
1930,300,0.0,10800,NY_CLOSE
1935,300,0.0,10800,NY_CLOSE
1940,300,0.0,10800,NY_CLOSE
1945,300,0.0,10800,NY_CLOSE
1950,300,0.0,10800,NY_CLOSE
1955,300,0.0,10800,NY_CLOSE
1960,300,0.0,10800,NY_CLOSE
1965,300,0.0,10800,NY_CLOSE
1970,300,0.0,10800,NY_CLOSE
1975,300,0.0,10800,NY_CLOSE
1980,300,0.0,10800,NY_CLOSE
1985,300,0.0,10800,NY_CLOSE
1990,300,0.0,10800,NY_CLOSE
1995,300,0.0,10800,NY_CLOSE
2000,300,0.0,10800,NY_CLOSE
50,300,1.0,10800,NY_OPEN
55,300,0.999722,10800,NY_OPEN
60,300,0.998333,10800,NY_OPEN
65,300,0.996389,10800,NY_OPEN
70,300,0.992963,10800,NY_OPEN
75,300,0.988148,10800,NY_OPEN
80,300,0.982963,10800,NY_OPEN
85,300,0.976019,10800,NY_OPEN
90,300,0.966852,10800,NY_OPEN
95,300,0.954907,10800,NY_OPEN
100,300,0.941204,10800,NY_OPEN
105,300,0.92537,10800,NY_OPEN
110,300,0.908241,10800,NY_OPEN
115,300,0.889352,10800,NY_OPEN
120,300,0.868241,10800,NY_OPEN
125,300,0.848981,10800,NY_OPEN
130,300,0.825,10800,NY_OPEN
135,300,0.800278,10800,NY_OPEN
140,300,0.775463,10800,NY_OPEN
145,300,0.751204,10800,NY_OPEN
150,300,0.728981,10800,NY_OPEN
155,300,0.704259,10800,NY_OPEN
160,300,0.679537,10800,NY_OPEN
165,300,0.655648,10800,NY_OPEN
170,300,0.631759,10800,NY_OPEN
175,300,0.608796,10800,NY_OPEN
180,300,0.586481,10800,NY_OPEN
185,300,0.56213,10800,NY_OPEN
190,300,0.539167,10800,NY_OPEN
195,300,0.517407,10800,NY_OPEN
200,300,0.494074,10800,NY_OPEN
205,300,0.471759,10800,NY_OPEN
210,300,0.450278,10800,NY_OPEN
215,300,0.432593,10800,NY_OPEN
220,300,0.413981,10800,NY_OPEN
225,300,0.3975,10800,NY_OPEN
230,300,0.380833,10800,NY_OPEN
235,300,0.363611,10800,NY_OPEN
240,300,0.347685,10800,NY_OPEN
245,300,0.333333,10800,NY_OPEN
250,300,0.31787,10800,NY_OPEN
255,300,0.30463,10800,NY_OPEN
260,300,0.290278,10800,NY_OPEN
265,300,0.277222,10800,NY_OPEN
270,300,0.263611,10800,NY_OPEN
275,300,0.250278,10800,NY_OPEN
280,300,0.238333,10800,NY_OPEN
285,300,0.226574,10800,NY_OPEN
290,300,0.216019,10800,NY_OPEN
295,300,0.205463,10800,NY_OPEN
300,300,0.196481,10800,NY_OPEN
305,300,0.186667,10800,NY_OPEN
310,300,0.177315,10800,NY_OPEN
315,300,0.167778,10800,NY_OPEN
320,300,0.160185,10800,NY_OPEN
325,300,0.151296,10800,NY_OPEN
330,300,0.142037,10800,NY_OPEN
335,300,0.134815,10800,NY_OPEN
340,300,0.12963,10800,NY_OPEN
345,300,0.123333,10800,NY_OPEN
350,300,0.116481,10800,NY_OPEN
355,300,0.111574,10800,NY_OPEN
360,300,0.105556,10800,NY_OPEN
365,300,0.099907,10800,NY_OPEN
370,300,0.095278,10800,NY_OPEN
375,300,0.089907,10800,NY_OPEN
380,300,0.085741,10800,NY_OPEN
385,300,0.080833,10800,NY_OPEN
390,300,0.076759,10800,NY_OPEN
395,300,0.071944,10800,NY_OPEN
400,300,0.067685,10800,NY_OPEN
405,300,0.064537,10800,NY_OPEN
410,300,0.061111,10800,NY_OPEN
415,300,0.057593,10800,NY_OPEN
420,300,0.05463,10800,NY_OPEN
425,300,0.051481,10800,NY_OPEN
430,300,0.047685,10800,NY_OPEN
435,300,0.045093,10800,NY_OPEN
440,300,0.042685,10800,NY_OPEN
445,300,0.040278,10800,NY_OPEN
450,300,0.03787,10800,NY_OPEN
455,300,0.03537,10800,NY_OPEN
460,300,0.033333,10800,NY_OPEN
465,300,0.031944,10800,NY_OPEN
470,300,0.029722,10800,NY_OPEN
475,300,0.027685,10800,NY_OPEN
480,300,0.026667,10800,NY_OPEN
485,300,0.025185,10800,NY_OPEN
490,300,0.023704,10800,NY_OPEN
495,300,0.022222,10800,NY_OPEN
500,300,0.021389,10800,NY_OPEN
505,300,0.020648,10800,NY_OPEN
510,300,0.019259,10800,NY_OPEN
515,300,0.018426,10800,NY_OPEN
520,300,0.017315,10800,NY_OPEN
525,300,0.016019,10800,NY_OPEN
530,300,0.015093,10800,NY_OPEN
535,300,0.014259,10800,NY_OPEN
540,300,0.013611,10800,NY_OPEN
545,300,0.012685,10800,NY_OPEN
550,300,0.012037,10800,NY_OPEN
555,300,0.011204,10800,NY_OPEN
560,300,0.010463,10800,NY_OPEN
565,300,0.009444,10800,NY_OPEN
570,300,0.008426,10800,NY_OPEN
575,300,0.007963,10800,NY_OPEN
580,300,0.007315,10800,NY_OPEN
585,300,0.006759,10800,NY_OPEN
590,300,0.006389,10800,NY_OPEN
595,300,0.005833,10800,NY_OPEN
600,300,0.005185,10800,NY_OPEN
605,300,0.004815,10800,NY_OPEN
610,300,0.004537,10800,NY_OPEN
615,300,0.004352,10800,NY_OPEN
620,300,0.003889,10800,NY_OPEN
625,300,0.003611,10800,NY_OPEN
630,300,0.003426,10800,NY_OPEN
635,300,0.003333,10800,NY_OPEN
640,300,0.002963,10800,NY_OPEN
645,300,0.002963,10800,NY_OPEN
650,300,0.002593,10800,NY_OPEN
655,300,0.0025,10800,NY_OPEN
660,300,0.002315,10800,NY_OPEN
665,300,0.002315,10800,NY_OPEN
670,300,0.002315,10800,NY_OPEN
675,300,0.002222,10800,NY_OPEN
680,300,0.002222,10800,NY_OPEN
685,300,0.002037,10800,NY_OPEN
690,300,0.001852,10800,NY_OPEN
695,300,0.001759,10800,NY_OPEN
700,300,0.001296,10800,NY_OPEN
705,300,0.001111,10800,NY_OPEN
710,300,0.001019,10800,NY_OPEN
715,300,0.000926,10800,NY_OPEN
720,300,0.000833,10800,NY_OPEN
725,300,0.000833,10800,NY_OPEN
730,300,0.000833,10800,NY_OPEN
735,300,0.000833,10800,NY_OPEN
740,300,0.000833,10800,NY_OPEN
745,300,0.000741,10800,NY_OPEN
750,300,0.000741,10800,NY_OPEN
755,300,0.000741,10800,NY_OPEN
760,300,0.000741,10800,NY_OPEN
765,300,0.000741,10800,NY_OPEN
770,300,0.000741,10800,NY_OPEN
775,300,0.000648,10800,NY_OPEN
780,300,0.000648,10800,NY_OPEN
785,300,0.000648,10800,NY_OPEN
790,300,0.000648,10800,NY_OPEN
795,300,0.000648,10800,NY_OPEN
800,300,0.000648,10800,NY_OPEN
805,300,0.000648,10800,NY_OPEN
810,300,0.000648,10800,NY_OPEN
815,300,0.000556,10800,NY_OPEN
820,300,0.000463,10800,NY_OPEN
825,300,0.000463,10800,NY_OPEN
830,300,0.00037,10800,NY_OPEN
835,300,0.000278,10800,NY_OPEN
840,300,0.000278,10800,NY_OPEN
845,300,0.000278,10800,NY_OPEN
850,300,0.000278,10800,NY_OPEN
855,300,9.3e-05,10800,NY_OPEN
860,300,0.0,10800,NY_OPEN
865,300,0.0,10800,NY_OPEN
870,300,0.0,10800,NY_OPEN
875,300,0.0,10800,NY_OPEN
880,300,0.0,10800,NY_OPEN
885,300,0.0,10800,NY_OPEN
890,300,0.0,10800,NY_OPEN
895,300,0.0,10800,NY_OPEN
900,300,0.0,10800,NY_OPEN
905,300,0.0,10800,NY_OPEN
910,300,0.0,10800,NY_OPEN
915,300,0.0,10800,NY_OPEN
920,300,0.0,10800,NY_OPEN
925,300,0.0,10800,NY_OPEN
930,300,0.0,10800,NY_OPEN
935,300,0.0,10800,NY_OPEN
940,300,0.0,10800,NY_OPEN
945,300,0.0,10800,NY_OPEN
950,300,0.0,10800,NY_OPEN
955,300,0.0,10800,NY_OPEN
960,300,0.0,10800,NY_OPEN
965,300,0.0,10800,NY_OPEN
970,300,0.0,10800,NY_OPEN
975,300,0.0,10800,NY_OPEN
980,300,0.0,10800,NY_OPEN
985,300,0.0,10800,NY_OPEN
990,300,0.0,10800,NY_OPEN
995,300,0.0,10800,NY_OPEN
1000,300,0.0,10800,NY_OPEN
1005,300,0.0,10800,NY_OPEN
1010,300,0.0,10800,NY_OPEN
1015,300,0.0,10800,NY_OPEN
1020,300,0.0,10800,NY_OPEN
1025,300,0.0,10800,NY_OPEN
1030,300,0.0,10800,NY_OPEN
1035,300,0.0,10800,NY_OPEN
1040,300,0.0,10800,NY_OPEN
1045,300,0.0,10800,NY_OPEN
1050,300,0.0,10800,NY_OPEN
1055,300,0.0,10800,NY_OPEN
1060,300,0.0,10800,NY_OPEN
1065,300,0.0,10800,NY_OPEN
1070,300,0.0,10800,NY_OPEN
1075,300,0.0,10800,NY_OPEN
1080,300,0.0,10800,NY_OPEN
1085,300,0.0,10800,NY_OPEN
1090,300,0.0,10800,NY_OPEN
1095,300,0.0,10800,NY_OPEN
1100,300,0.0,10800,NY_OPEN
1105,300,0.0,10800,NY_OPEN
1110,300,0.0,10800,NY_OPEN
1115,300,0.0,10800,NY_OPEN
1120,300,0.0,10800,NY_OPEN
1125,300,0.0,10800,NY_OPEN
1130,300,0.0,10800,NY_OPEN
1135,300,0.0,10800,NY_OPEN
1140,300,0.0,10800,NY_OPEN
1145,300,0.0,10800,NY_OPEN
1150,300,0.0,10800,NY_OPEN
1155,300,0.0,10800,NY_OPEN
1160,300,0.0,10800,NY_OPEN
1165,300,0.0,10800,NY_OPEN
1170,300,0.0,10800,NY_OPEN
1175,300,0.0,10800,NY_OPEN
1180,300,0.0,10800,NY_OPEN
1185,300,0.0,10800,NY_OPEN
1190,300,0.0,10800,NY_OPEN
1195,300,0.0,10800,NY_OPEN
1200,300,0.0,10800,NY_OPEN
1205,300,0.0,10800,NY_OPEN
1210,300,0.0,10800,NY_OPEN
1215,300,0.0,10800,NY_OPEN
1220,300,0.0,10800,NY_OPEN
1225,300,0.0,10800,NY_OPEN
1230,300,0.0,10800,NY_OPEN
1235,300,0.0,10800,NY_OPEN
1240,300,0.0,10800,NY_OPEN
1245,300,0.0,10800,NY_OPEN
1250,300,0.0,10800,NY_OPEN
1255,300,0.0,10800,NY_OPEN
1260,300,0.0,10800,NY_OPEN
1265,300,0.0,10800,NY_OPEN
1270,300,0.0,10800,NY_OPEN
1275,300,0.0,10800,NY_OPEN
1280,300,0.0,10800,NY_OPEN
1285,300,0.0,10800,NY_OPEN
1290,300,0.0,10800,NY_OPEN
1295,300,0.0,10800,NY_OPEN
1300,300,0.0,10800,NY_OPEN
1305,300,0.0,10800,NY_OPEN
1310,300,0.0,10800,NY_OPEN
1315,300,0.0,10800,NY_OPEN
1320,300,0.0,10800,NY_OPEN
1325,300,0.0,10800,NY_OPEN
1330,300,0.0,10800,NY_OPEN
1335,300,0.0,10800,NY_OPEN
1340,300,0.0,10800,NY_OPEN
1345,300,0.0,10800,NY_OPEN
1350,300,0.0,10800,NY_OPEN
1355,300,0.0,10800,NY_OPEN
1360,300,0.0,10800,NY_OPEN
1365,300,0.0,10800,NY_OPEN
1370,300,0.0,10800,NY_OPEN
1375,300,0.0,10800,NY_OPEN
1380,300,0.0,10800,NY_OPEN
1385,300,0.0,10800,NY_OPEN
1390,300,0.0,10800,NY_OPEN
1395,300,0.0,10800,NY_OPEN
1400,300,0.0,10800,NY_OPEN
1405,300,0.0,10800,NY_OPEN
1410,300,0.0,10800,NY_OPEN
1415,300,0.0,10800,NY_OPEN
1420,300,0.0,10800,NY_OPEN
1425,300,0.0,10800,NY_OPEN
1430,300,0.0,10800,NY_OPEN
1435,300,0.0,10800,NY_OPEN
1440,300,0.0,10800,NY_OPEN
1445,300,0.0,10800,NY_OPEN
1450,300,0.0,10800,NY_OPEN
1455,300,0.0,10800,NY_OPEN
1460,300,0.0,10800,NY_OPEN
1465,300,0.0,10800,NY_OPEN
1470,300,0.0,10800,NY_OPEN
1475,300,0.0,10800,NY_OPEN
1480,300,0.0,10800,NY_OPEN
1485,300,0.0,10800,NY_OPEN
1490,300,0.0,10800,NY_OPEN
1495,300,0.0,10800,NY_OPEN
1500,300,0.0,10800,NY_OPEN
1505,300,0.0,10800,NY_OPEN
1510,300,0.0,10800,NY_OPEN
1515,300,0.0,10800,NY_OPEN
1520,300,0.0,10800,NY_OPEN
1525,300,0.0,10800,NY_OPEN
1530,300,0.0,10800,NY_OPEN
1535,300,0.0,10800,NY_OPEN
1540,300,0.0,10800,NY_OPEN
1545,300,0.0,10800,NY_OPEN
1550,300,0.0,10800,NY_OPEN
1555,300,0.0,10800,NY_OPEN
1560,300,0.0,10800,NY_OPEN
1565,300,0.0,10800,NY_OPEN
1570,300,0.0,10800,NY_OPEN
1575,300,0.0,10800,NY_OPEN
1580,300,0.0,10800,NY_OPEN
1585,300,0.0,10800,NY_OPEN
1590,300,0.0,10800,NY_OPEN
1595,300,0.0,10800,NY_OPEN
1600,300,0.0,10800,NY_OPEN
1605,300,0.0,10800,NY_OPEN
1610,300,0.0,10800,NY_OPEN
1615,300,0.0,10800,NY_OPEN
1620,300,0.0,10800,NY_OPEN
1625,300,0.0,10800,NY_OPEN
1630,300,0.0,10800,NY_OPEN
1635,300,0.0,10800,NY_OPEN
1640,300,0.0,10800,NY_OPEN
1645,300,0.0,10800,NY_OPEN
1650,300,0.0,10800,NY_OPEN
1655,300,0.0,10800,NY_OPEN
1660,300,0.0,10800,NY_OPEN
1665,300,0.0,10800,NY_OPEN
1670,300,0.0,10800,NY_OPEN
1675,300,0.0,10800,NY_OPEN
1680,300,0.0,10800,NY_OPEN
1685,300,0.0,10800,NY_OPEN
1690,300,0.0,10800,NY_OPEN
1695,300,0.0,10800,NY_OPEN
1700,300,0.0,10800,NY_OPEN
1705,300,0.0,10800,NY_OPEN
1710,300,0.0,10800,NY_OPEN
1715,300,0.0,10800,NY_OPEN
1720,300,0.0,10800,NY_OPEN
1725,300,0.0,10800,NY_OPEN
1730,300,0.0,10800,NY_OPEN
1735,300,0.0,10800,NY_OPEN
1740,300,0.0,10800,NY_OPEN
1745,300,0.0,10800,NY_OPEN
1750,300,0.0,10800,NY_OPEN
1755,300,0.0,10800,NY_OPEN
1760,300,0.0,10800,NY_OPEN
1765,300,0.0,10800,NY_OPEN
1770,300,0.0,10800,NY_OPEN
1775,300,0.0,10800,NY_OPEN
1780,300,0.0,10800,NY_OPEN
1785,300,0.0,10800,NY_OPEN
1790,300,0.0,10800,NY_OPEN
1795,300,0.0,10800,NY_OPEN
1800,300,0.0,10800,NY_OPEN
1805,300,0.0,10800,NY_OPEN
1810,300,0.0,10800,NY_OPEN
1815,300,0.0,10800,NY_OPEN
1820,300,0.0,10800,NY_OPEN
1825,300,0.0,10800,NY_OPEN
1830,300,0.0,10800,NY_OPEN
1835,300,0.0,10800,NY_OPEN
1840,300,0.0,10800,NY_OPEN
1845,300,0.0,10800,NY_OPEN
1850,300,0.0,10800,NY_OPEN
1855,300,0.0,10800,NY_OPEN
1860,300,0.0,10800,NY_OPEN
1865,300,0.0,10800,NY_OPEN
1870,300,0.0,10800,NY_OPEN
1875,300,0.0,10800,NY_OPEN
1880,300,0.0,10800,NY_OPEN
1885,300,0.0,10800,NY_OPEN
1890,300,0.0,10800,NY_OPEN
1895,300,0.0,10800,NY_OPEN
1900,300,0.0,10800,NY_OPEN
1905,300,0.0,10800,NY_OPEN
1910,300,0.0,10800,NY_OPEN
1915,300,0.0,10800,NY_OPEN
1920,300,0.0,10800,NY_OPEN
1925,300,0.0,10800,NY_OPEN
1930,300,0.0,10800,NY_OPEN
1935,300,0.0,10800,NY_OPEN
1940,300,0.0,10800,NY_OPEN
1945,300,0.0,10800,NY_OPEN
1950,300,0.0,10800,NY_OPEN
1955,300,0.0,10800,NY_OPEN
1960,300,0.0,10800,NY_OPEN
1965,300,0.0,10800,NY_OPEN
1970,300,0.0,10800,NY_OPEN
1975,300,0.0,10800,NY_OPEN
1980,300,0.0,10800,NY_OPEN
1985,300,0.0,10800,NY_OPEN
1990,300,0.0,10800,NY_OPEN
1995,300,0.0,10800,NY_OPEN
2000,300,0.0,10800,NY_OPEN
50,300,0.998065,16020,NY_PRE
55,300,0.994881,16020,NY_PRE
60,300,0.989513,16020,NY_PRE
65,300,0.982335,16020,NY_PRE
70,300,0.971348,16020,NY_PRE
75,300,0.957803,16020,NY_PRE
80,300,0.941386,16020,NY_PRE
85,300,0.924657,16020,NY_PRE
90,300,0.904182,16020,NY_PRE
95,300,0.880212,16020,NY_PRE
100,300,0.85618,16020,NY_PRE
105,300,0.830337,16020,NY_PRE
110,300,0.803121,16020,NY_PRE
115,300,0.77422,16020,NY_PRE
120,300,0.74563,16020,NY_PRE
125,300,0.71573,16020,NY_PRE
130,300,0.684519,16020,NY_PRE
135,300,0.652559,16020,NY_PRE
140,300,0.626654,16020,NY_PRE
145,300,0.596816,16020,NY_PRE
150,300,0.568477,16020,NY_PRE
155,300,0.540449,16020,NY_PRE
160,300,0.514732,16020,NY_PRE
165,300,0.491011,16020,NY_PRE
170,300,0.465044,16020,NY_PRE
175,300,0.439513,16020,NY_PRE
180,300,0.417228,16020,NY_PRE
185,300,0.395506,16020,NY_PRE
190,300,0.37397,16020,NY_PRE
195,300,0.352497,16020,NY_PRE
200,300,0.332022,16020,NY_PRE
205,300,0.314045,16020,NY_PRE
210,300,0.296067,16020,NY_PRE
215,300,0.278464,16020,NY_PRE
220,300,0.262797,16020,NY_PRE
225,300,0.24975,16020,NY_PRE
230,300,0.235331,16020,NY_PRE
235,300,0.222784,16020,NY_PRE
240,300,0.208801,16020,NY_PRE
245,300,0.197191,16020,NY_PRE
250,300,0.18402,16020,NY_PRE
255,300,0.171848,16020,NY_PRE
260,300,0.161298,16020,NY_PRE
265,300,0.151124,16020,NY_PRE
270,300,0.140012,16020,NY_PRE
275,300,0.131835,16020,NY_PRE
280,300,0.123658,16020,NY_PRE
285,300,0.116542,16020,NY_PRE
290,300,0.109863,16020,NY_PRE
295,300,0.10362,16020,NY_PRE
300,300,0.09588,16020,NY_PRE
305,300,0.088702,16020,NY_PRE
310,300,0.082772,16020,NY_PRE
315,300,0.077403,16020,NY_PRE
320,300,0.072784,16020,NY_PRE
325,300,0.068602,16020,NY_PRE
330,300,0.062672,16020,NY_PRE
335,300,0.058115,16020,NY_PRE
340,300,0.053745,16020,NY_PRE
345,300,0.049813,16020,NY_PRE
350,300,0.04588,16020,NY_PRE
355,300,0.042447,16020,NY_PRE
360,300,0.040137,16020,NY_PRE
365,300,0.037203,16020,NY_PRE
370,300,0.034332,16020,NY_PRE
375,300,0.031149,16020,NY_PRE
380,300,0.029463,16020,NY_PRE
385,300,0.027903,16020,NY_PRE
390,300,0.02578,16020,NY_PRE
395,300,0.023221,16020,NY_PRE
400,300,0.021286,16020,NY_PRE
405,300,0.019725,16020,NY_PRE
410,300,0.01779,16020,NY_PRE
415,300,0.016105,16020,NY_PRE
420,300,0.015106,16020,NY_PRE
425,300,0.014107,16020,NY_PRE
430,300,0.012921,16020,NY_PRE
435,300,0.011985,16020,NY_PRE
440,300,0.011174,16020,NY_PRE
445,300,0.0103,16020,NY_PRE
450,300,0.009551,16020,NY_PRE
455,300,0.008864,16020,NY_PRE
460,300,0.008177,16020,NY_PRE
465,300,0.007803,16020,NY_PRE
470,300,0.007054,16020,NY_PRE
475,300,0.00568,16020,NY_PRE
480,300,0.005306,16020,NY_PRE
485,300,0.005056,16020,NY_PRE
490,300,0.004931,16020,NY_PRE
495,300,0.004619,16020,NY_PRE
500,300,0.003933,16020,NY_PRE
505,300,0.003683,16020,NY_PRE
510,300,0.003371,16020,NY_PRE
515,300,0.003184,16020,NY_PRE
520,300,0.002996,16020,NY_PRE
525,300,0.002684,16020,NY_PRE
530,300,0.002559,16020,NY_PRE
535,300,0.002559,16020,NY_PRE
540,300,0.002372,16020,NY_PRE
545,300,0.00231,16020,NY_PRE
550,300,0.001935,16020,NY_PRE
555,300,0.001935,16020,NY_PRE
560,300,0.001685,16020,NY_PRE
565,300,0.001561,16020,NY_PRE
570,300,0.001311,16020,NY_PRE
575,300,0.001124,16020,NY_PRE
580,300,0.001124,16020,NY_PRE
585,300,0.000936,16020,NY_PRE
590,300,0.000936,16020,NY_PRE
595,300,0.000874,16020,NY_PRE
600,300,0.000874,16020,NY_PRE
605,300,0.000749,16020,NY_PRE
610,300,0.000749,16020,NY_PRE
615,300,0.000687,16020,NY_PRE
620,300,0.000624,16020,NY_PRE
625,300,0.000499,16020,NY_PRE
630,300,0.000437,16020,NY_PRE
635,300,0.000437,16020,NY_PRE
640,300,0.000312,16020,NY_PRE
645,300,0.000312,16020,NY_PRE
650,300,0.000312,16020,NY_PRE
655,300,0.00025,16020,NY_PRE
660,300,0.00025,16020,NY_PRE
665,300,0.00025,16020,NY_PRE
670,300,6.2e-05,16020,NY_PRE
675,300,0.0,16020,NY_PRE
680,300,0.0,16020,NY_PRE
685,300,0.0,16020,NY_PRE
690,300,0.0,16020,NY_PRE
695,300,0.0,16020,NY_PRE
700,300,0.0,16020,NY_PRE
705,300,0.0,16020,NY_PRE
710,300,0.0,16020,NY_PRE
715,300,0.0,16020,NY_PRE
720,300,0.0,16020,NY_PRE
725,300,0.0,16020,NY_PRE
730,300,0.0,16020,NY_PRE
735,300,0.0,16020,NY_PRE
740,300,0.0,16020,NY_PRE
745,300,0.0,16020,NY_PRE
750,300,0.0,16020,NY_PRE
755,300,0.0,16020,NY_PRE
760,300,0.0,16020,NY_PRE
765,300,0.0,16020,NY_PRE
770,300,0.0,16020,NY_PRE
775,300,0.0,16020,NY_PRE
780,300,0.0,16020,NY_PRE
785,300,0.0,16020,NY_PRE
790,300,0.0,16020,NY_PRE
795,300,0.0,16020,NY_PRE
800,300,0.0,16020,NY_PRE
805,300,0.0,16020,NY_PRE
810,300,0.0,16020,NY_PRE
815,300,0.0,16020,NY_PRE
820,300,0.0,16020,NY_PRE
825,300,0.0,16020,NY_PRE
830,300,0.0,16020,NY_PRE
835,300,0.0,16020,NY_PRE
840,300,0.0,16020,NY_PRE
845,300,0.0,16020,NY_PRE
850,300,0.0,16020,NY_PRE
855,300,0.0,16020,NY_PRE
860,300,0.0,16020,NY_PRE
865,300,0.0,16020,NY_PRE
870,300,0.0,16020,NY_PRE
875,300,0.0,16020,NY_PRE
880,300,0.0,16020,NY_PRE
885,300,0.0,16020,NY_PRE
890,300,0.0,16020,NY_PRE
895,300,0.0,16020,NY_PRE
900,300,0.0,16020,NY_PRE
905,300,0.0,16020,NY_PRE
910,300,0.0,16020,NY_PRE
915,300,0.0,16020,NY_PRE
920,300,0.0,16020,NY_PRE
925,300,0.0,16020,NY_PRE
930,300,0.0,16020,NY_PRE
935,300,0.0,16020,NY_PRE
940,300,0.0,16020,NY_PRE
945,300,0.0,16020,NY_PRE
950,300,0.0,16020,NY_PRE
955,300,0.0,16020,NY_PRE
960,300,0.0,16020,NY_PRE
965,300,0.0,16020,NY_PRE
970,300,0.0,16020,NY_PRE
975,300,0.0,16020,NY_PRE
980,300,0.0,16020,NY_PRE
985,300,0.0,16020,NY_PRE
990,300,0.0,16020,NY_PRE
995,300,0.0,16020,NY_PRE
1000,300,0.0,16020,NY_PRE
1005,300,0.0,16020,NY_PRE
1010,300,0.0,16020,NY_PRE
1015,300,0.0,16020,NY_PRE
1020,300,0.0,16020,NY_PRE
1025,300,0.0,16020,NY_PRE
1030,300,0.0,16020,NY_PRE
1035,300,0.0,16020,NY_PRE
1040,300,0.0,16020,NY_PRE
1045,300,0.0,16020,NY_PRE
1050,300,0.0,16020,NY_PRE
1055,300,0.0,16020,NY_PRE
1060,300,0.0,16020,NY_PRE
1065,300,0.0,16020,NY_PRE
1070,300,0.0,16020,NY_PRE
1075,300,0.0,16020,NY_PRE
1080,300,0.0,16020,NY_PRE
1085,300,0.0,16020,NY_PRE
1090,300,0.0,16020,NY_PRE
1095,300,0.0,16020,NY_PRE
1100,300,0.0,16020,NY_PRE
1105,300,0.0,16020,NY_PRE
1110,300,0.0,16020,NY_PRE
1115,300,0.0,16020,NY_PRE
1120,300,0.0,16020,NY_PRE
1125,300,0.0,16020,NY_PRE
1130,300,0.0,16020,NY_PRE
1135,300,0.0,16020,NY_PRE
1140,300,0.0,16020,NY_PRE
1145,300,0.0,16020,NY_PRE
1150,300,0.0,16020,NY_PRE
1155,300,0.0,16020,NY_PRE
1160,300,0.0,16020,NY_PRE
1165,300,0.0,16020,NY_PRE
1170,300,0.0,16020,NY_PRE
1175,300,0.0,16020,NY_PRE
1180,300,0.0,16020,NY_PRE
1185,300,0.0,16020,NY_PRE
1190,300,0.0,16020,NY_PRE
1195,300,0.0,16020,NY_PRE
1200,300,0.0,16020,NY_PRE
1205,300,0.0,16020,NY_PRE
1210,300,0.0,16020,NY_PRE
1215,300,0.0,16020,NY_PRE
1220,300,0.0,16020,NY_PRE
1225,300,0.0,16020,NY_PRE
1230,300,0.0,16020,NY_PRE
1235,300,0.0,16020,NY_PRE
1240,300,0.0,16020,NY_PRE
1245,300,0.0,16020,NY_PRE
1250,300,0.0,16020,NY_PRE
1255,300,0.0,16020,NY_PRE
1260,300,0.0,16020,NY_PRE
1265,300,0.0,16020,NY_PRE
1270,300,0.0,16020,NY_PRE
1275,300,0.0,16020,NY_PRE
1280,300,0.0,16020,NY_PRE
1285,300,0.0,16020,NY_PRE
1290,300,0.0,16020,NY_PRE
1295,300,0.0,16020,NY_PRE
1300,300,0.0,16020,NY_PRE
1305,300,0.0,16020,NY_PRE
1310,300,0.0,16020,NY_PRE
1315,300,0.0,16020,NY_PRE
1320,300,0.0,16020,NY_PRE
1325,300,0.0,16020,NY_PRE
1330,300,0.0,16020,NY_PRE
1335,300,0.0,16020,NY_PRE
1340,300,0.0,16020,NY_PRE
1345,300,0.0,16020,NY_PRE
1350,300,0.0,16020,NY_PRE
1355,300,0.0,16020,NY_PRE
1360,300,0.0,16020,NY_PRE
1365,300,0.0,16020,NY_PRE
1370,300,0.0,16020,NY_PRE
1375,300,0.0,16020,NY_PRE
1380,300,0.0,16020,NY_PRE
1385,300,0.0,16020,NY_PRE
1390,300,0.0,16020,NY_PRE
1395,300,0.0,16020,NY_PRE
1400,300,0.0,16020,NY_PRE
1405,300,0.0,16020,NY_PRE
1410,300,0.0,16020,NY_PRE
1415,300,0.0,16020,NY_PRE
1420,300,0.0,16020,NY_PRE
1425,300,0.0,16020,NY_PRE
1430,300,0.0,16020,NY_PRE
1435,300,0.0,16020,NY_PRE
1440,300,0.0,16020,NY_PRE
1445,300,0.0,16020,NY_PRE
1450,300,0.0,16020,NY_PRE
1455,300,0.0,16020,NY_PRE
1460,300,0.0,16020,NY_PRE
1465,300,0.0,16020,NY_PRE
1470,300,0.0,16020,NY_PRE
1475,300,0.0,16020,NY_PRE
1480,300,0.0,16020,NY_PRE
1485,300,0.0,16020,NY_PRE
1490,300,0.0,16020,NY_PRE
1495,300,0.0,16020,NY_PRE
1500,300,0.0,16020,NY_PRE
1505,300,0.0,16020,NY_PRE
1510,300,0.0,16020,NY_PRE
1515,300,0.0,16020,NY_PRE
1520,300,0.0,16020,NY_PRE
1525,300,0.0,16020,NY_PRE
1530,300,0.0,16020,NY_PRE
1535,300,0.0,16020,NY_PRE
1540,300,0.0,16020,NY_PRE
1545,300,0.0,16020,NY_PRE
1550,300,0.0,16020,NY_PRE
1555,300,0.0,16020,NY_PRE
1560,300,0.0,16020,NY_PRE
1565,300,0.0,16020,NY_PRE
1570,300,0.0,16020,NY_PRE
1575,300,0.0,16020,NY_PRE
1580,300,0.0,16020,NY_PRE
1585,300,0.0,16020,NY_PRE
1590,300,0.0,16020,NY_PRE
1595,300,0.0,16020,NY_PRE
1600,300,0.0,16020,NY_PRE
1605,300,0.0,16020,NY_PRE
1610,300,0.0,16020,NY_PRE
1615,300,0.0,16020,NY_PRE
1620,300,0.0,16020,NY_PRE
1625,300,0.0,16020,NY_PRE
1630,300,0.0,16020,NY_PRE
1635,300,0.0,16020,NY_PRE
1640,300,0.0,16020,NY_PRE
1645,300,0.0,16020,NY_PRE
1650,300,0.0,16020,NY_PRE
1655,300,0.0,16020,NY_PRE
1660,300,0.0,16020,NY_PRE
1665,300,0.0,16020,NY_PRE
1670,300,0.0,16020,NY_PRE
1675,300,0.0,16020,NY_PRE
1680,300,0.0,16020,NY_PRE
1685,300,0.0,16020,NY_PRE
1690,300,0.0,16020,NY_PRE
1695,300,0.0,16020,NY_PRE
1700,300,0.0,16020,NY_PRE
1705,300,0.0,16020,NY_PRE
1710,300,0.0,16020,NY_PRE
1715,300,0.0,16020,NY_PRE
1720,300,0.0,16020,NY_PRE
1725,300,0.0,16020,NY_PRE
1730,300,0.0,16020,NY_PRE
1735,300,0.0,16020,NY_PRE
1740,300,0.0,16020,NY_PRE
1745,300,0.0,16020,NY_PRE
1750,300,0.0,16020,NY_PRE
1755,300,0.0,16020,NY_PRE
1760,300,0.0,16020,NY_PRE
1765,300,0.0,16020,NY_PRE
1770,300,0.0,16020,NY_PRE
1775,300,0.0,16020,NY_PRE
1780,300,0.0,16020,NY_PRE
1785,300,0.0,16020,NY_PRE
1790,300,0.0,16020,NY_PRE
1795,300,0.0,16020,NY_PRE
1800,300,0.0,16020,NY_PRE
1805,300,0.0,16020,NY_PRE
1810,300,0.0,16020,NY_PRE
1815,300,0.0,16020,NY_PRE
1820,300,0.0,16020,NY_PRE
1825,300,0.0,16020,NY_PRE
1830,300,0.0,16020,NY_PRE
1835,300,0.0,16020,NY_PRE
1840,300,0.0,16020,NY_PRE
1845,300,0.0,16020,NY_PRE
1850,300,0.0,16020,NY_PRE
1855,300,0.0,16020,NY_PRE
1860,300,0.0,16020,NY_PRE
1865,300,0.0,16020,NY_PRE
1870,300,0.0,16020,NY_PRE
1875,300,0.0,16020,NY_PRE
1880,300,0.0,16020,NY_PRE
1885,300,0.0,16020,NY_PRE
1890,300,0.0,16020,NY_PRE
1895,300,0.0,16020,NY_PRE
1900,300,0.0,16020,NY_PRE
1905,300,0.0,16020,NY_PRE
1910,300,0.0,16020,NY_PRE
1915,300,0.0,16020,NY_PRE
1920,300,0.0,16020,NY_PRE
1925,300,0.0,16020,NY_PRE
1930,300,0.0,16020,NY_PRE
1935,300,0.0,16020,NY_PRE
1940,300,0.0,16020,NY_PRE
1945,300,0.0,16020,NY_PRE
1950,300,0.0,16020,NY_PRE
1955,300,0.0,16020,NY_PRE
1960,300,0.0,16020,NY_PRE
1965,300,0.0,16020,NY_PRE
1970,300,0.0,16020,NY_PRE
1975,300,0.0,16020,NY_PRE
1980,300,0.0,16020,NY_PRE
1985,300,0.0,16020,NY_PRE
1990,300,0.0,16020,NY_PRE
1995,300,0.0,16020,NY_PRE
2000,300,0.0,16020,NY_PRE
50,300,1.0,540,UNKNOWN
55,300,0.992593,540,UNKNOWN
60,300,0.988889,540,UNKNOWN
65,300,0.987037,540,UNKNOWN
70,300,0.97963,540,UNKNOWN
75,300,0.97037,540,UNKNOWN
80,300,0.953704,540,UNKNOWN
85,300,0.933333,540,UNKNOWN
90,300,0.92037,540,UNKNOWN
95,300,0.898148,540,UNKNOWN
100,300,0.877778,540,UNKNOWN
105,300,0.85,540,UNKNOWN
110,300,0.831481,540,UNKNOWN
115,300,0.807407,540,UNKNOWN
120,300,0.792593,540,UNKNOWN
125,300,0.775926,540,UNKNOWN
130,300,0.746296,540,UNKNOWN
135,300,0.714815,540,UNKNOWN
140,300,0.688889,540,UNKNOWN
145,300,0.653704,540,UNKNOWN
150,300,0.635185,540,UNKNOWN
155,300,0.616667,540,UNKNOWN
160,300,0.587037,540,UNKNOWN
165,300,0.566667,540,UNKNOWN
170,300,0.537037,540,UNKNOWN
175,300,0.507407,540,UNKNOWN
180,300,0.47963,540,UNKNOWN
185,300,0.45,540,UNKNOWN
190,300,0.424074,540,UNKNOWN
195,300,0.401852,540,UNKNOWN
200,300,0.385185,540,UNKNOWN
205,300,0.37037,540,UNKNOWN
210,300,0.362963,540,UNKNOWN
215,300,0.342593,540,UNKNOWN
220,300,0.32037,540,UNKNOWN
225,300,0.298148,540,UNKNOWN
230,300,0.287037,540,UNKNOWN
235,300,0.261111,540,UNKNOWN
240,300,0.251852,540,UNKNOWN
245,300,0.233333,540,UNKNOWN
250,300,0.225926,540,UNKNOWN
255,300,0.218519,540,UNKNOWN
260,300,0.203704,540,UNKNOWN
265,300,0.187037,540,UNKNOWN
270,300,0.177778,540,UNKNOWN
275,300,0.161111,540,UNKNOWN
280,300,0.151852,540,UNKNOWN
285,300,0.144444,540,UNKNOWN
290,300,0.12963,540,UNKNOWN
295,300,0.125926,540,UNKNOWN
300,300,0.122222,540,UNKNOWN
305,300,0.116667,540,UNKNOWN
310,300,0.111111,540,UNKNOWN
315,300,0.107407,540,UNKNOWN
320,300,0.107407,540,UNKNOWN
325,300,0.103704,540,UNKNOWN
330,300,0.098148,540,UNKNOWN
335,300,0.098148,540,UNKNOWN
340,300,0.094444,540,UNKNOWN
345,300,0.088889,540,UNKNOWN
350,300,0.07963,540,UNKNOWN
355,300,0.074074,540,UNKNOWN
360,300,0.066667,540,UNKNOWN
365,300,0.064815,540,UNKNOWN
370,300,0.062963,540,UNKNOWN
375,300,0.055556,540,UNKNOWN
380,300,0.05,540,UNKNOWN
385,300,0.042593,540,UNKNOWN
390,300,0.042593,540,UNKNOWN
395,300,0.040741,540,UNKNOWN
400,300,0.040741,540,UNKNOWN
405,300,0.037037,540,UNKNOWN
410,300,0.035185,540,UNKNOWN
415,300,0.02963,540,UNKNOWN
420,300,0.027778,540,UNKNOWN
425,300,0.027778,540,UNKNOWN
430,300,0.025926,540,UNKNOWN
435,300,0.025926,540,UNKNOWN
440,300,0.024074,540,UNKNOWN
445,300,0.02037,540,UNKNOWN
450,300,0.018519,540,UNKNOWN
455,300,0.018519,540,UNKNOWN
460,300,0.018519,540,UNKNOWN
465,300,0.016667,540,UNKNOWN
470,300,0.016667,540,UNKNOWN
475,300,0.016667,540,UNKNOWN
480,300,0.016667,540,UNKNOWN
485,300,0.016667,540,UNKNOWN
490,300,0.016667,540,UNKNOWN
495,300,0.016667,540,UNKNOWN
500,300,0.016667,540,UNKNOWN
505,300,0.014815,540,UNKNOWN
510,300,0.011111,540,UNKNOWN
515,300,0.007407,540,UNKNOWN
520,300,0.007407,540,UNKNOWN
525,300,0.007407,540,UNKNOWN
530,300,0.005556,540,UNKNOWN
535,300,0.005556,540,UNKNOWN
540,300,0.005556,540,UNKNOWN
545,300,0.005556,540,UNKNOWN
550,300,0.003704,540,UNKNOWN
555,300,0.003704,540,UNKNOWN
560,300,0.003704,540,UNKNOWN
565,300,0.003704,540,UNKNOWN
570,300,0.003704,540,UNKNOWN
575,300,0.003704,540,UNKNOWN
580,300,0.003704,540,UNKNOWN
585,300,0.003704,540,UNKNOWN
590,300,0.003704,540,UNKNOWN
595,300,0.003704,540,UNKNOWN
600,300,0.003704,540,UNKNOWN
605,300,0.003704,540,UNKNOWN
610,300,0.001852,540,UNKNOWN
615,300,0.001852,540,UNKNOWN
620,300,0.001852,540,UNKNOWN
625,300,0.001852,540,UNKNOWN
630,300,0.001852,540,UNKNOWN
635,300,0.001852,540,UNKNOWN
640,300,0.001852,540,UNKNOWN
645,300,0.001852,540,UNKNOWN
650,300,0.001852,540,UNKNOWN
655,300,0.001852,540,UNKNOWN
660,300,0.001852,540,UNKNOWN
665,300,0.001852,540,UNKNOWN
670,300,0.001852,540,UNKNOWN
675,300,0.001852,540,UNKNOWN
680,300,0.001852,540,UNKNOWN
685,300,0.001852,540,UNKNOWN
690,300,0.001852,540,UNKNOWN
695,300,0.001852,540,UNKNOWN
700,300,0.001852,540,UNKNOWN
705,300,0.001852,540,UNKNOWN
710,300,0.001852,540,UNKNOWN
715,300,0.001852,540,UNKNOWN
720,300,0.001852,540,UNKNOWN
725,300,0.001852,540,UNKNOWN
730,300,0.001852,540,UNKNOWN
735,300,0.0,540,UNKNOWN
740,300,0.0,540,UNKNOWN
745,300,0.0,540,UNKNOWN
750,300,0.0,540,UNKNOWN
755,300,0.0,540,UNKNOWN
760,300,0.0,540,UNKNOWN
765,300,0.0,540,UNKNOWN
770,300,0.0,540,UNKNOWN
775,300,0.0,540,UNKNOWN
780,300,0.0,540,UNKNOWN
785,300,0.0,540,UNKNOWN
790,300,0.0,540,UNKNOWN
795,300,0.0,540,UNKNOWN
800,300,0.0,540,UNKNOWN
805,300,0.0,540,UNKNOWN
810,300,0.0,540,UNKNOWN
815,300,0.0,540,UNKNOWN
820,300,0.0,540,UNKNOWN
825,300,0.0,540,UNKNOWN
830,300,0.0,540,UNKNOWN
835,300,0.0,540,UNKNOWN
840,300,0.0,540,UNKNOWN
845,300,0.0,540,UNKNOWN
850,300,0.0,540,UNKNOWN
855,300,0.0,540,UNKNOWN
860,300,0.0,540,UNKNOWN
865,300,0.0,540,UNKNOWN
870,300,0.0,540,UNKNOWN
875,300,0.0,540,UNKNOWN
880,300,0.0,540,UNKNOWN
885,300,0.0,540,UNKNOWN
890,300,0.0,540,UNKNOWN
895,300,0.0,540,UNKNOWN
900,300,0.0,540,UNKNOWN
905,300,0.0,540,UNKNOWN
910,300,0.0,540,UNKNOWN
915,300,0.0,540,UNKNOWN
920,300,0.0,540,UNKNOWN
925,300,0.0,540,UNKNOWN
930,300,0.0,540,UNKNOWN
935,300,0.0,540,UNKNOWN
940,300,0.0,540,UNKNOWN
945,300,0.0,540,UNKNOWN
950,300,0.0,540,UNKNOWN
955,300,0.0,540,UNKNOWN
960,300,0.0,540,UNKNOWN
965,300,0.0,540,UNKNOWN
970,300,0.0,540,UNKNOWN
975,300,0.0,540,UNKNOWN
980,300,0.0,540,UNKNOWN
985,300,0.0,540,UNKNOWN
990,300,0.0,540,UNKNOWN
995,300,0.0,540,UNKNOWN
1000,300,0.0,540,UNKNOWN
1005,300,0.0,540,UNKNOWN
1010,300,0.0,540,UNKNOWN
1015,300,0.0,540,UNKNOWN
1020,300,0.0,540,UNKNOWN
1025,300,0.0,540,UNKNOWN
1030,300,0.0,540,UNKNOWN
1035,300,0.0,540,UNKNOWN
1040,300,0.0,540,UNKNOWN
1045,300,0.0,540,UNKNOWN
1050,300,0.0,540,UNKNOWN
1055,300,0.0,540,UNKNOWN
1060,300,0.0,540,UNKNOWN
1065,300,0.0,540,UNKNOWN
1070,300,0.0,540,UNKNOWN
1075,300,0.0,540,UNKNOWN
1080,300,0.0,540,UNKNOWN
1085,300,0.0,540,UNKNOWN
1090,300,0.0,540,UNKNOWN
1095,300,0.0,540,UNKNOWN
1100,300,0.0,540,UNKNOWN
1105,300,0.0,540,UNKNOWN
1110,300,0.0,540,UNKNOWN
1115,300,0.0,540,UNKNOWN
1120,300,0.0,540,UNKNOWN
1125,300,0.0,540,UNKNOWN
1130,300,0.0,540,UNKNOWN
1135,300,0.0,540,UNKNOWN
1140,300,0.0,540,UNKNOWN
1145,300,0.0,540,UNKNOWN
1150,300,0.0,540,UNKNOWN
1155,300,0.0,540,UNKNOWN
1160,300,0.0,540,UNKNOWN
1165,300,0.0,540,UNKNOWN
1170,300,0.0,540,UNKNOWN
1175,300,0.0,540,UNKNOWN
1180,300,0.0,540,UNKNOWN
1185,300,0.0,540,UNKNOWN
1190,300,0.0,540,UNKNOWN
1195,300,0.0,540,UNKNOWN
1200,300,0.0,540,UNKNOWN
1205,300,0.0,540,UNKNOWN
1210,300,0.0,540,UNKNOWN
1215,300,0.0,540,UNKNOWN
1220,300,0.0,540,UNKNOWN
1225,300,0.0,540,UNKNOWN
1230,300,0.0,540,UNKNOWN
1235,300,0.0,540,UNKNOWN
1240,300,0.0,540,UNKNOWN
1245,300,0.0,540,UNKNOWN
1250,300,0.0,540,UNKNOWN
1255,300,0.0,540,UNKNOWN
1260,300,0.0,540,UNKNOWN
1265,300,0.0,540,UNKNOWN
1270,300,0.0,540,UNKNOWN
1275,300,0.0,540,UNKNOWN
1280,300,0.0,540,UNKNOWN
1285,300,0.0,540,UNKNOWN
1290,300,0.0,540,UNKNOWN
1295,300,0.0,540,UNKNOWN
1300,300,0.0,540,UNKNOWN
1305,300,0.0,540,UNKNOWN
1310,300,0.0,540,UNKNOWN
1315,300,0.0,540,UNKNOWN
1320,300,0.0,540,UNKNOWN
1325,300,0.0,540,UNKNOWN
1330,300,0.0,540,UNKNOWN
1335,300,0.0,540,UNKNOWN
1340,300,0.0,540,UNKNOWN
1345,300,0.0,540,UNKNOWN
1350,300,0.0,540,UNKNOWN
1355,300,0.0,540,UNKNOWN
1360,300,0.0,540,UNKNOWN
1365,300,0.0,540,UNKNOWN
1370,300,0.0,540,UNKNOWN
1375,300,0.0,540,UNKNOWN
1380,300,0.0,540,UNKNOWN
1385,300,0.0,540,UNKNOWN
1390,300,0.0,540,UNKNOWN
1395,300,0.0,540,UNKNOWN
1400,300,0.0,540,UNKNOWN
1405,300,0.0,540,UNKNOWN
1410,300,0.0,540,UNKNOWN
1415,300,0.0,540,UNKNOWN
1420,300,0.0,540,UNKNOWN
1425,300,0.0,540,UNKNOWN
1430,300,0.0,540,UNKNOWN
1435,300,0.0,540,UNKNOWN
1440,300,0.0,540,UNKNOWN
1445,300,0.0,540,UNKNOWN
1450,300,0.0,540,UNKNOWN
1455,300,0.0,540,UNKNOWN
1460,300,0.0,540,UNKNOWN
1465,300,0.0,540,UNKNOWN
1470,300,0.0,540,UNKNOWN
1475,300,0.0,540,UNKNOWN
1480,300,0.0,540,UNKNOWN
1485,300,0.0,540,UNKNOWN
1490,300,0.0,540,UNKNOWN
1495,300,0.0,540,UNKNOWN
1500,300,0.0,540,UNKNOWN
1505,300,0.0,540,UNKNOWN
1510,300,0.0,540,UNKNOWN
1515,300,0.0,540,UNKNOWN
1520,300,0.0,540,UNKNOWN
1525,300,0.0,540,UNKNOWN
1530,300,0.0,540,UNKNOWN
1535,300,0.0,540,UNKNOWN
1540,300,0.0,540,UNKNOWN
1545,300,0.0,540,UNKNOWN
1550,300,0.0,540,UNKNOWN
1555,300,0.0,540,UNKNOWN
1560,300,0.0,540,UNKNOWN
1565,300,0.0,540,UNKNOWN
1570,300,0.0,540,UNKNOWN
1575,300,0.0,540,UNKNOWN
1580,300,0.0,540,UNKNOWN
1585,300,0.0,540,UNKNOWN
1590,300,0.0,540,UNKNOWN
1595,300,0.0,540,UNKNOWN
1600,300,0.0,540,UNKNOWN
1605,300,0.0,540,UNKNOWN
1610,300,0.0,540,UNKNOWN
1615,300,0.0,540,UNKNOWN
1620,300,0.0,540,UNKNOWN
1625,300,0.0,540,UNKNOWN
1630,300,0.0,540,UNKNOWN
1635,300,0.0,540,UNKNOWN
1640,300,0.0,540,UNKNOWN
1645,300,0.0,540,UNKNOWN
1650,300,0.0,540,UNKNOWN
1655,300,0.0,540,UNKNOWN
1660,300,0.0,540,UNKNOWN
1665,300,0.0,540,UNKNOWN
1670,300,0.0,540,UNKNOWN
1675,300,0.0,540,UNKNOWN
1680,300,0.0,540,UNKNOWN
1685,300,0.0,540,UNKNOWN
1690,300,0.0,540,UNKNOWN
1695,300,0.0,540,UNKNOWN
1700,300,0.0,540,UNKNOWN
1705,300,0.0,540,UNKNOWN
1710,300,0.0,540,UNKNOWN
1715,300,0.0,540,UNKNOWN
1720,300,0.0,540,UNKNOWN
1725,300,0.0,540,UNKNOWN
1730,300,0.0,540,UNKNOWN
1735,300,0.0,540,UNKNOWN
1740,300,0.0,540,UNKNOWN
1745,300,0.0,540,UNKNOWN
1750,300,0.0,540,UNKNOWN
1755,300,0.0,540,UNKNOWN
1760,300,0.0,540,UNKNOWN
1765,300,0.0,540,UNKNOWN
1770,300,0.0,540,UNKNOWN
1775,300,0.0,540,UNKNOWN
1780,300,0.0,540,UNKNOWN
1785,300,0.0,540,UNKNOWN
1790,300,0.0,540,UNKNOWN
1795,300,0.0,540,UNKNOWN
1800,300,0.0,540,UNKNOWN
1805,300,0.0,540,UNKNOWN
1810,300,0.0,540,UNKNOWN
1815,300,0.0,540,UNKNOWN
1820,300,0.0,540,UNKNOWN
1825,300,0.0,540,UNKNOWN
1830,300,0.0,540,UNKNOWN
1835,300,0.0,540,UNKNOWN
1840,300,0.0,540,UNKNOWN
1845,300,0.0,540,UNKNOWN
1850,300,0.0,540,UNKNOWN
1855,300,0.0,540,UNKNOWN
1860,300,0.0,540,UNKNOWN
1865,300,0.0,540,UNKNOWN
1870,300,0.0,540,UNKNOWN
1875,300,0.0,540,UNKNOWN
1880,300,0.0,540,UNKNOWN
1885,300,0.0,540,UNKNOWN
1890,300,0.0,540,UNKNOWN
1895,300,0.0,540,UNKNOWN
1900,300,0.0,540,UNKNOWN
1905,300,0.0,540,UNKNOWN
1910,300,0.0,540,UNKNOWN
1915,300,0.0,540,UNKNOWN
1920,300,0.0,540,UNKNOWN
1925,300,0.0,540,UNKNOWN
1930,300,0.0,540,UNKNOWN
1935,300,0.0,540,UNKNOWN
1940,300,0.0,540,UNKNOWN
1945,300,0.0,540,UNKNOWN
1950,300,0.0,540,UNKNOWN
1955,300,0.0,540,UNKNOWN
1960,300,0.0,540,UNKNOWN
1965,300,0.0,540,UNKNOWN
1970,300,0.0,540,UNKNOWN
1975,300,0.0,540,UNKNOWN
1980,300,0.0,540,UNKNOWN
1985,300,0.0,540,UNKNOWN
1990,300,0.0,540,UNKNOWN
1995,300,0.0,540,UNKNOWN
2000,300,0.0,540,UNKNOWN
50,600,0.999769,259190,ALL
55,600,0.999456,259190,ALL
60,600,0.998603,259190,ALL
65,600,0.997072,259190,ALL
70,600,0.994791,259190,ALL
75,600,0.991277,259190,ALL
80,600,0.986527,259190,ALL
85,600,0.980196,259190,ALL
90,600,0.97209,259190,ALL
95,600,0.962101,259190,ALL
100,600,0.950249,259190,ALL
105,600,0.937525,259190,ALL
110,600,0.922431,259190,ALL
115,600,0.906281,259190,ALL
120,600,0.889066,259190,ALL
125,600,0.870365,259190,ALL
130,600,0.850469,259190,ALL
135,600,0.829658,259190,ALL
140,600,0.808646,259190,ALL
145,600,0.787527,259190,ALL
150,600,0.765986,259190,ALL
155,600,0.744616,259190,ALL
160,600,0.722833,259190,ALL
165,600,0.700459,259190,ALL
170,600,0.678475,259190,ALL
175,600,0.656576,259190,ALL
180,600,0.634724,259190,ALL
185,600,0.612898,259190,ALL
190,600,0.591331,259190,ALL
195,600,0.570632,259190,ALL
200,600,0.549794,259190,ALL
205,600,0.52938,259190,ALL
210,600,0.509595,259190,ALL
215,600,0.490243,259190,ALL
220,600,0.471145,259190,ALL
225,600,0.45288,259190,ALL
230,600,0.435086,259190,ALL
235,600,0.417458,259190,ALL
240,600,0.400733,259190,ALL
245,600,0.384286,259190,ALL
250,600,0.368382,259190,ALL
255,600,0.353297,259190,ALL
260,600,0.338709,259190,ALL
265,600,0.32465,259190,ALL
270,600,0.31098,259190,ALL
275,600,0.29767,259190,ALL
280,600,0.285046,259190,ALL
285,600,0.272514,259190,ALL
290,600,0.260103,259190,ALL
295,600,0.248702,259190,ALL
300,600,0.237745,259190,ALL
305,600,0.227019,259190,ALL
310,600,0.217065,259190,ALL
315,600,0.207215,259190,ALL
320,600,0.198171,259190,ALL
325,600,0.188815,259190,ALL
330,600,0.180566,259190,ALL
335,600,0.17231,259190,ALL
340,600,0.164729,259190,ALL
345,600,0.157205,259190,ALL
350,600,0.149886,259190,ALL
355,600,0.142768,259190,ALL
360,600,0.136587,259190,ALL
365,600,0.130256,259190,ALL
370,600,0.124052,259190,ALL
375,600,0.118079,259190,ALL
380,600,0.112527,259190,ALL
385,600,0.107192,259190,ALL
390,600,0.101995,259190,ALL
395,600,0.097041,259190,ALL
400,600,0.092257,259190,ALL
405,600,0.088059,259190,ALL
410,600,0.0838,259190,ALL
415,600,0.079829,259190,ALL
420,600,0.07606,259190,ALL
425,600,0.07221,259190,ALL
430,600,0.068606,259190,ALL
435,600,0.06533,259190,ALL
440,600,0.062313,259190,ALL
445,600,0.059273,259190,ALL
450,600,0.056237,259190,ALL
455,600,0.053355,259190,ALL
460,600,0.050816,259190,ALL
465,600,0.048216,259190,ALL
470,600,0.045797,259190,ALL
475,600,0.043439,259190,ALL
480,600,0.041325,259190,ALL
485,600,0.039226,259190,ALL
490,600,0.037181,259190,ALL
495,600,0.035275,259190,ALL
500,600,0.033531,259190,ALL
505,600,0.031787,259190,ALL
510,600,0.030167,259190,ALL
515,600,0.02874,259190,ALL
520,600,0.027293,259190,ALL
525,600,0.026023,259190,ALL
530,600,0.024727,259190,ALL
535,600,0.0236,259190,ALL
540,600,0.022339,259190,ALL
545,600,0.021174,259190,ALL
550,600,0.020097,259190,ALL
555,600,0.019044,259190,ALL
560,600,0.018145,259190,ALL
565,600,0.017312,259190,ALL
570,600,0.016447,259190,ALL
575,600,0.015599,259190,ALL
580,600,0.014785,259190,ALL
585,600,0.014078,259190,ALL
590,600,0.013276,259190,ALL
595,600,0.012597,259190,ALL
600,600,0.011899,259190,ALL
605,600,0.011312,259190,ALL
610,600,0.010695,259190,ALL
615,600,0.010108,259190,ALL
620,600,0.009507,259190,ALL
625,600,0.008951,259190,ALL
630,600,0.008465,259190,ALL
635,600,0.007959,259190,ALL
640,600,0.007593,259190,ALL
645,600,0.007219,259190,ALL
650,600,0.006837,259190,ALL
655,600,0.006405,259190,ALL
660,600,0.006057,259190,ALL
665,600,0.005783,259190,ALL
670,600,0.005482,259190,ALL
675,600,0.005143,259190,ALL
680,600,0.00483,259190,ALL
685,600,0.004568,259190,ALL
690,600,0.004337,259190,ALL
695,600,0.004148,259190,ALL
700,600,0.003924,259190,ALL
705,600,0.003654,259190,ALL
710,600,0.003468,259190,ALL
715,600,0.003283,259190,ALL
720,600,0.003114,259190,ALL
725,600,0.002975,259190,ALL
730,600,0.002813,259190,ALL
735,600,0.002639,259190,ALL
740,600,0.002485,259190,ALL
745,600,0.002365,259190,ALL
750,600,0.002226,259190,ALL
755,600,0.002118,259190,ALL
760,600,0.002026,259190,ALL
765,600,0.001933,259190,ALL
770,600,0.001829,259190,ALL
775,600,0.001759,259190,ALL
780,600,0.001644,259190,ALL
785,600,0.001524,259190,ALL
790,600,0.001408,259190,ALL
795,600,0.001343,259190,ALL
800,600,0.00125,259190,ALL
805,600,0.001181,259190,ALL
810,600,0.001103,259190,ALL
815,600,0.001042,259190,ALL
820,600,0.000968,259190,ALL
825,600,0.000934,259190,ALL
830,600,0.000895,259190,ALL
835,600,0.000826,259190,ALL
840,600,0.000783,259190,ALL
845,600,0.000725,259190,ALL
850,600,0.000675,259190,ALL
855,600,0.00066,259190,ALL
860,600,0.000625,259190,ALL
865,600,0.000602,259190,ALL
870,600,0.000598,259190,ALL
875,600,0.000579,259190,ALL
880,600,0.00054,259190,ALL
885,600,0.000505,259190,ALL
890,600,0.000478,259190,ALL
895,600,0.000444,259190,ALL
900,600,0.000421,259190,ALL
905,600,0.000417,259190,ALL
910,600,0.000386,259190,ALL
915,600,0.000363,259190,ALL
920,600,0.000343,259190,ALL
925,600,0.000309,259190,ALL
930,600,0.000289,259190,ALL
935,600,0.000282,259190,ALL
940,600,0.000258,259190,ALL
945,600,0.000251,259190,ALL
950,600,0.000239,259190,ALL
955,600,0.000235,259190,ALL
960,600,0.00022,259190,ALL
965,600,0.000197,259190,ALL
970,600,0.000189,259190,ALL
975,600,0.000181,259190,ALL
980,600,0.000181,259190,ALL
985,600,0.000166,259190,ALL
990,600,0.000158,259190,ALL
995,600,0.000147,259190,ALL
1000,600,0.000143,259190,ALL
1005,600,0.000127,259190,ALL
1010,600,0.000116,259190,ALL
1015,600,0.000112,259190,ALL
1020,600,0.000104,259190,ALL
1025,600,9.6e-05,259190,ALL
1030,600,9.3e-05,259190,ALL
1035,600,8.9e-05,259190,ALL
1040,600,8.9e-05,259190,ALL
1045,600,6.9e-05,259190,ALL
1050,600,6.9e-05,259190,ALL
1055,600,6.9e-05,259190,ALL
1060,600,5.8e-05,259190,ALL
1065,600,5.4e-05,259190,ALL
1070,600,5.4e-05,259190,ALL
1075,600,5.4e-05,259190,ALL
1080,600,5.4e-05,259190,ALL
1085,600,5.4e-05,259190,ALL
1090,600,5.4e-05,259190,ALL
1095,600,5.4e-05,259190,ALL
1100,600,5.4e-05,259190,ALL
1105,600,4.6e-05,259190,ALL
1110,600,4.2e-05,259190,ALL
1115,600,4.2e-05,259190,ALL
1120,600,3.9e-05,259190,ALL
1125,600,3.9e-05,259190,ALL
1130,600,3.9e-05,259190,ALL
1135,600,3.9e-05,259190,ALL
1140,600,3.5e-05,259190,ALL
1145,600,3.5e-05,259190,ALL
1150,600,3.5e-05,259190,ALL
1155,600,3.1e-05,259190,ALL
1160,600,2.7e-05,259190,ALL
1165,600,2.3e-05,259190,ALL
1170,600,1.9e-05,259190,ALL
1175,600,1.5e-05,259190,ALL
1180,600,1.5e-05,259190,ALL
1185,600,1.5e-05,259190,ALL
1190,600,1.5e-05,259190,ALL
1195,600,1.2e-05,259190,ALL
1200,600,8e-06,259190,ALL
1205,600,8e-06,259190,ALL
1210,600,8e-06,259190,ALL
1215,600,8e-06,259190,ALL
1220,600,8e-06,259190,ALL
1225,600,8e-06,259190,ALL
1230,600,8e-06,259190,ALL
1235,600,8e-06,259190,ALL
1240,600,8e-06,259190,ALL
1245,600,8e-06,259190,ALL
1250,600,8e-06,259190,ALL
1255,600,8e-06,259190,ALL
1260,600,8e-06,259190,ALL
1265,600,8e-06,259190,ALL
1270,600,4e-06,259190,ALL
1275,600,4e-06,259190,ALL
1280,600,0.0,259190,ALL
1285,600,0.0,259190,ALL
1290,600,0.0,259190,ALL
1295,600,0.0,259190,ALL
1300,600,0.0,259190,ALL
1305,600,0.0,259190,ALL
1310,600,0.0,259190,ALL
1315,600,0.0,259190,ALL
1320,600,0.0,259190,ALL
1325,600,0.0,259190,ALL
1330,600,0.0,259190,ALL
1335,600,0.0,259190,ALL
1340,600,0.0,259190,ALL
1345,600,0.0,259190,ALL
1350,600,0.0,259190,ALL
1355,600,0.0,259190,ALL
1360,600,0.0,259190,ALL
1365,600,0.0,259190,ALL
1370,600,0.0,259190,ALL
1375,600,0.0,259190,ALL
1380,600,0.0,259190,ALL
1385,600,0.0,259190,ALL
1390,600,0.0,259190,ALL
1395,600,0.0,259190,ALL
1400,600,0.0,259190,ALL
1405,600,0.0,259190,ALL
1410,600,0.0,259190,ALL
1415,600,0.0,259190,ALL
1420,600,0.0,259190,ALL
1425,600,0.0,259190,ALL
1430,600,0.0,259190,ALL
1435,600,0.0,259190,ALL
1440,600,0.0,259190,ALL
1445,600,0.0,259190,ALL
1450,600,0.0,259190,ALL
1455,600,0.0,259190,ALL
1460,600,0.0,259190,ALL
1465,600,0.0,259190,ALL
1470,600,0.0,259190,ALL
1475,600,0.0,259190,ALL
1480,600,0.0,259190,ALL
1485,600,0.0,259190,ALL
1490,600,0.0,259190,ALL
1495,600,0.0,259190,ALL
1500,600,0.0,259190,ALL
1505,600,0.0,259190,ALL
1510,600,0.0,259190,ALL
1515,600,0.0,259190,ALL
1520,600,0.0,259190,ALL
1525,600,0.0,259190,ALL
1530,600,0.0,259190,ALL
1535,600,0.0,259190,ALL
1540,600,0.0,259190,ALL
1545,600,0.0,259190,ALL
1550,600,0.0,259190,ALL
1555,600,0.0,259190,ALL
1560,600,0.0,259190,ALL
1565,600,0.0,259190,ALL
1570,600,0.0,259190,ALL
1575,600,0.0,259190,ALL
1580,600,0.0,259190,ALL
1585,600,0.0,259190,ALL
1590,600,0.0,259190,ALL
1595,600,0.0,259190,ALL
1600,600,0.0,259190,ALL
1605,600,0.0,259190,ALL
1610,600,0.0,259190,ALL
1615,600,0.0,259190,ALL
1620,600,0.0,259190,ALL
1625,600,0.0,259190,ALL
1630,600,0.0,259190,ALL
1635,600,0.0,259190,ALL
1640,600,0.0,259190,ALL
1645,600,0.0,259190,ALL
1650,600,0.0,259190,ALL
1655,600,0.0,259190,ALL
1660,600,0.0,259190,ALL
1665,600,0.0,259190,ALL
1670,600,0.0,259190,ALL
1675,600,0.0,259190,ALL
1680,600,0.0,259190,ALL
1685,600,0.0,259190,ALL
1690,600,0.0,259190,ALL
1695,600,0.0,259190,ALL
1700,600,0.0,259190,ALL
1705,600,0.0,259190,ALL
1710,600,0.0,259190,ALL
1715,600,0.0,259190,ALL
1720,600,0.0,259190,ALL
1725,600,0.0,259190,ALL
1730,600,0.0,259190,ALL
1735,600,0.0,259190,ALL
1740,600,0.0,259190,ALL
1745,600,0.0,259190,ALL
1750,600,0.0,259190,ALL
1755,600,0.0,259190,ALL
1760,600,0.0,259190,ALL
1765,600,0.0,259190,ALL
1770,600,0.0,259190,ALL
1775,600,0.0,259190,ALL
1780,600,0.0,259190,ALL
1785,600,0.0,259190,ALL
1790,600,0.0,259190,ALL
1795,600,0.0,259190,ALL
1800,600,0.0,259190,ALL
1805,600,0.0,259190,ALL
1810,600,0.0,259190,ALL
1815,600,0.0,259190,ALL
1820,600,0.0,259190,ALL
1825,600,0.0,259190,ALL
1830,600,0.0,259190,ALL
1835,600,0.0,259190,ALL
1840,600,0.0,259190,ALL
1845,600,0.0,259190,ALL
1850,600,0.0,259190,ALL
1855,600,0.0,259190,ALL
1860,600,0.0,259190,ALL
1865,600,0.0,259190,ALL
1870,600,0.0,259190,ALL
1875,600,0.0,259190,ALL
1880,600,0.0,259190,ALL
1885,600,0.0,259190,ALL
1890,600,0.0,259190,ALL
1895,600,0.0,259190,ALL
1900,600,0.0,259190,ALL
1905,600,0.0,259190,ALL
1910,600,0.0,259190,ALL
1915,600,0.0,259190,ALL
1920,600,0.0,259190,ALL
1925,600,0.0,259190,ALL
1930,600,0.0,259190,ALL
1935,600,0.0,259190,ALL
1940,600,0.0,259190,ALL
1945,600,0.0,259190,ALL
1950,600,0.0,259190,ALL
1955,600,0.0,259190,ALL
1960,600,0.0,259190,ALL
1965,600,0.0,259190,ALL
1970,600,0.0,259190,ALL
1975,600,0.0,259190,ALL
1980,600,0.0,259190,ALL
1985,600,0.0,259190,ALL
1990,600,0.0,259190,ALL
1995,600,0.0,259190,ALL
2000,600,0.0,259190,ALL
50,600,0.9993,70020,ASIA
55,600,0.998472,70020,ASIA
60,600,0.99643,70020,ASIA
65,600,0.993088,70020,ASIA
70,600,0.988032,70020,ASIA
75,600,0.980377,70020,ASIA
80,600,0.970708,70020,ASIA
85,600,0.959112,70020,ASIA
90,600,0.944259,70020,ASIA
95,600,0.926849,70020,ASIA
100,600,0.906912,70020,ASIA
105,600,0.886161,70020,ASIA
110,600,0.862482,70020,ASIA
115,600,0.838503,70020,ASIA
120,600,0.813353,70020,ASIA
125,600,0.788103,70020,ASIA
130,600,0.762011,70020,ASIA
135,600,0.735033,70020,ASIA
140,600,0.707626,70020,ASIA
145,600,0.680677,70020,ASIA
150,600,0.654042,70020,ASIA
155,600,0.629206,70020,ASIA
160,600,0.60387,70020,ASIA
165,600,0.577549,70020,ASIA
170,600,0.552813,70020,ASIA
175,600,0.527678,70020,ASIA
180,600,0.502999,70020,ASIA
185,600,0.479763,70020,ASIA
190,600,0.456884,70020,ASIA
195,600,0.436133,70020,ASIA
200,600,0.414696,70020,ASIA
205,600,0.39403,70020,ASIA
210,600,0.373279,70020,ASIA
215,600,0.354327,70020,ASIA
220,600,0.335576,70020,ASIA
225,600,0.317838,70020,ASIA
230,600,0.301828,70020,ASIA
235,600,0.284976,70020,ASIA
240,600,0.269694,70020,ASIA
245,600,0.254556,70020,ASIA
250,600,0.239746,70020,ASIA
255,600,0.227549,70020,ASIA
260,600,0.21461,70020,ASIA
265,600,0.203099,70020,ASIA
270,600,0.192345,70020,ASIA
275,600,0.181291,70020,ASIA
280,600,0.17108,70020,ASIA
285,600,0.160568,70020,ASIA
290,600,0.150985,70020,ASIA
295,600,0.141931,70020,ASIA
300,600,0.132962,70020,ASIA
305,600,0.125064,70020,ASIA
310,600,0.117252,70020,ASIA
315,600,0.109669,70020,ASIA
320,600,0.103356,70020,ASIA
325,600,0.09633,70020,ASIA
330,600,0.090845,70020,ASIA
335,600,0.085261,70020,ASIA
340,600,0.079977,70020,ASIA
345,600,0.074907,70020,ASIA
350,600,0.07028,70020,ASIA
355,600,0.065981,70020,ASIA
360,600,0.061854,70020,ASIA
365,600,0.057641,70020,ASIA
370,600,0.053756,70020,ASIA
375,600,0.050229,70020,ASIA
380,600,0.046758,70020,ASIA
385,600,0.04383,70020,ASIA
390,600,0.041331,70020,ASIA
395,600,0.038303,70020,ASIA
400,600,0.035775,70020,ASIA
405,600,0.03349,70020,ASIA
410,600,0.031234,70020,ASIA
415,600,0.029349,70020,ASIA
420,600,0.027478,70020,ASIA
425,600,0.02575,70020,ASIA
430,600,0.024165,70020,ASIA
435,600,0.022636,70020,ASIA
440,600,0.021151,70020,ASIA
445,600,0.019823,70020,ASIA
450,600,0.018523,70020,ASIA
455,600,0.017109,70020,ASIA
460,600,0.01631,70020,ASIA
465,600,0.015067,70020,ASIA
470,600,0.014039,70020,ASIA
475,600,0.013082,70020,ASIA
480,600,0.012197,70020,ASIA
485,600,0.011354,70020,ASIA
490,600,0.010711,70020,ASIA
495,600,0.010011,70020,ASIA
500,600,0.009283,70020,ASIA
505,600,0.008626,70020,ASIA
510,600,0.008083,70020,ASIA
515,600,0.007669,70020,ASIA
520,600,0.006941,70020,ASIA
525,600,0.006441,70020,ASIA
530,600,0.00607,70020,ASIA
535,600,0.00567,70020,ASIA
540,600,0.005199,70020,ASIA
545,600,0.004841,70020,ASIA
550,600,0.004599,70020,ASIA
555,600,0.004284,70020,ASIA
560,600,0.004027,70020,ASIA
565,600,0.003728,70020,ASIA
570,600,0.003499,70020,ASIA
575,600,0.003228,70020,ASIA
580,600,0.002985,70020,ASIA
585,600,0.002756,70020,ASIA
590,600,0.002542,70020,ASIA
595,600,0.002242,70020,ASIA
600,600,0.002099,70020,ASIA
605,600,0.001942,70020,ASIA
610,600,0.001814,70020,ASIA
615,600,0.001714,70020,ASIA
620,600,0.001571,70020,ASIA
625,600,0.001442,70020,ASIA
630,600,0.001357,70020,ASIA
635,600,0.001214,70020,ASIA
640,600,0.001085,70020,ASIA
645,600,0.001014,70020,ASIA
650,600,0.0009,70020,ASIA
655,600,0.000843,70020,ASIA
660,600,0.000771,70020,ASIA
665,600,0.000728,70020,ASIA
670,600,0.000657,70020,ASIA
675,600,0.0006,70020,ASIA
680,600,0.000543,70020,ASIA
685,600,0.000514,70020,ASIA
690,600,0.000443,70020,ASIA
695,600,0.000414,70020,ASIA
700,600,0.000386,70020,ASIA
705,600,0.000328,70020,ASIA
710,600,0.000328,70020,ASIA
715,600,0.0003,70020,ASIA
720,600,0.0003,70020,ASIA
725,600,0.000271,70020,ASIA
730,600,0.000257,70020,ASIA
735,600,0.000243,70020,ASIA
740,600,0.0002,70020,ASIA
745,600,0.000186,70020,ASIA
750,600,0.000171,70020,ASIA
755,600,0.000114,70020,ASIA
760,600,0.0001,70020,ASIA
765,600,8.6e-05,70020,ASIA
770,600,8.6e-05,70020,ASIA
775,600,8.6e-05,70020,ASIA
780,600,7.1e-05,70020,ASIA
785,600,5.7e-05,70020,ASIA
790,600,5.7e-05,70020,ASIA
795,600,5.7e-05,70020,ASIA
800,600,5.7e-05,70020,ASIA
805,600,5.7e-05,70020,ASIA
810,600,5.7e-05,70020,ASIA
815,600,4.3e-05,70020,ASIA
820,600,4.3e-05,70020,ASIA
825,600,4.3e-05,70020,ASIA
830,600,4.3e-05,70020,ASIA
835,600,1.4e-05,70020,ASIA
840,600,1.4e-05,70020,ASIA
845,600,1.4e-05,70020,ASIA
850,600,1.4e-05,70020,ASIA
855,600,1.4e-05,70020,ASIA
860,600,1.4e-05,70020,ASIA
865,600,1.4e-05,70020,ASIA
870,600,1.4e-05,70020,ASIA
875,600,1.4e-05,70020,ASIA
880,600,0.0,70020,ASIA
885,600,0.0,70020,ASIA
890,600,0.0,70020,ASIA
895,600,0.0,70020,ASIA
900,600,0.0,70020,ASIA
905,600,0.0,70020,ASIA
910,600,0.0,70020,ASIA
915,600,0.0,70020,ASIA
920,600,0.0,70020,ASIA
925,600,0.0,70020,ASIA
930,600,0.0,70020,ASIA
935,600,0.0,70020,ASIA
940,600,0.0,70020,ASIA
945,600,0.0,70020,ASIA
950,600,0.0,70020,ASIA
955,600,0.0,70020,ASIA
960,600,0.0,70020,ASIA
965,600,0.0,70020,ASIA
970,600,0.0,70020,ASIA
975,600,0.0,70020,ASIA
980,600,0.0,70020,ASIA
985,600,0.0,70020,ASIA
990,600,0.0,70020,ASIA
995,600,0.0,70020,ASIA
1000,600,0.0,70020,ASIA
1005,600,0.0,70020,ASIA
1010,600,0.0,70020,ASIA
1015,600,0.0,70020,ASIA
1020,600,0.0,70020,ASIA
1025,600,0.0,70020,ASIA
1030,600,0.0,70020,ASIA
1035,600,0.0,70020,ASIA
1040,600,0.0,70020,ASIA
1045,600,0.0,70020,ASIA
1050,600,0.0,70020,ASIA
1055,600,0.0,70020,ASIA
1060,600,0.0,70020,ASIA
1065,600,0.0,70020,ASIA
1070,600,0.0,70020,ASIA
1075,600,0.0,70020,ASIA
1080,600,0.0,70020,ASIA
1085,600,0.0,70020,ASIA
1090,600,0.0,70020,ASIA
1095,600,0.0,70020,ASIA
1100,600,0.0,70020,ASIA
1105,600,0.0,70020,ASIA
1110,600,0.0,70020,ASIA
1115,600,0.0,70020,ASIA
1120,600,0.0,70020,ASIA
1125,600,0.0,70020,ASIA
1130,600,0.0,70020,ASIA
1135,600,0.0,70020,ASIA
1140,600,0.0,70020,ASIA
1145,600,0.0,70020,ASIA
1150,600,0.0,70020,ASIA
1155,600,0.0,70020,ASIA
1160,600,0.0,70020,ASIA
1165,600,0.0,70020,ASIA
1170,600,0.0,70020,ASIA
1175,600,0.0,70020,ASIA
1180,600,0.0,70020,ASIA
1185,600,0.0,70020,ASIA
1190,600,0.0,70020,ASIA
1195,600,0.0,70020,ASIA
1200,600,0.0,70020,ASIA
1205,600,0.0,70020,ASIA
1210,600,0.0,70020,ASIA
1215,600,0.0,70020,ASIA
1220,600,0.0,70020,ASIA
1225,600,0.0,70020,ASIA
1230,600,0.0,70020,ASIA
1235,600,0.0,70020,ASIA
1240,600,0.0,70020,ASIA
1245,600,0.0,70020,ASIA
1250,600,0.0,70020,ASIA
1255,600,0.0,70020,ASIA
1260,600,0.0,70020,ASIA
1265,600,0.0,70020,ASIA
1270,600,0.0,70020,ASIA
1275,600,0.0,70020,ASIA
1280,600,0.0,70020,ASIA
1285,600,0.0,70020,ASIA
1290,600,0.0,70020,ASIA
1295,600,0.0,70020,ASIA
1300,600,0.0,70020,ASIA
1305,600,0.0,70020,ASIA
1310,600,0.0,70020,ASIA
1315,600,0.0,70020,ASIA
1320,600,0.0,70020,ASIA
1325,600,0.0,70020,ASIA
1330,600,0.0,70020,ASIA
1335,600,0.0,70020,ASIA
1340,600,0.0,70020,ASIA
1345,600,0.0,70020,ASIA
1350,600,0.0,70020,ASIA
1355,600,0.0,70020,ASIA
1360,600,0.0,70020,ASIA
1365,600,0.0,70020,ASIA
1370,600,0.0,70020,ASIA
1375,600,0.0,70020,ASIA
1380,600,0.0,70020,ASIA
1385,600,0.0,70020,ASIA
1390,600,0.0,70020,ASIA
1395,600,0.0,70020,ASIA
1400,600,0.0,70020,ASIA
1405,600,0.0,70020,ASIA
1410,600,0.0,70020,ASIA
1415,600,0.0,70020,ASIA
1420,600,0.0,70020,ASIA
1425,600,0.0,70020,ASIA
1430,600,0.0,70020,ASIA
1435,600,0.0,70020,ASIA
1440,600,0.0,70020,ASIA
1445,600,0.0,70020,ASIA
1450,600,0.0,70020,ASIA
1455,600,0.0,70020,ASIA
1460,600,0.0,70020,ASIA
1465,600,0.0,70020,ASIA
1470,600,0.0,70020,ASIA
1475,600,0.0,70020,ASIA
1480,600,0.0,70020,ASIA
1485,600,0.0,70020,ASIA
1490,600,0.0,70020,ASIA
1495,600,0.0,70020,ASIA
1500,600,0.0,70020,ASIA
1505,600,0.0,70020,ASIA
1510,600,0.0,70020,ASIA
1515,600,0.0,70020,ASIA
1520,600,0.0,70020,ASIA
1525,600,0.0,70020,ASIA
1530,600,0.0,70020,ASIA
1535,600,0.0,70020,ASIA
1540,600,0.0,70020,ASIA
1545,600,0.0,70020,ASIA
1550,600,0.0,70020,ASIA
1555,600,0.0,70020,ASIA
1560,600,0.0,70020,ASIA
1565,600,0.0,70020,ASIA
1570,600,0.0,70020,ASIA
1575,600,0.0,70020,ASIA
1580,600,0.0,70020,ASIA
1585,600,0.0,70020,ASIA
1590,600,0.0,70020,ASIA
1595,600,0.0,70020,ASIA
1600,600,0.0,70020,ASIA
1605,600,0.0,70020,ASIA
1610,600,0.0,70020,ASIA
1615,600,0.0,70020,ASIA
1620,600,0.0,70020,ASIA
1625,600,0.0,70020,ASIA
1630,600,0.0,70020,ASIA
1635,600,0.0,70020,ASIA
1640,600,0.0,70020,ASIA
1645,600,0.0,70020,ASIA
1650,600,0.0,70020,ASIA
1655,600,0.0,70020,ASIA
1660,600,0.0,70020,ASIA
1665,600,0.0,70020,ASIA
1670,600,0.0,70020,ASIA
1675,600,0.0,70020,ASIA
1680,600,0.0,70020,ASIA
1685,600,0.0,70020,ASIA
1690,600,0.0,70020,ASIA
1695,600,0.0,70020,ASIA
1700,600,0.0,70020,ASIA
1705,600,0.0,70020,ASIA
1710,600,0.0,70020,ASIA
1715,600,0.0,70020,ASIA
1720,600,0.0,70020,ASIA
1725,600,0.0,70020,ASIA
1730,600,0.0,70020,ASIA
1735,600,0.0,70020,ASIA
1740,600,0.0,70020,ASIA
1745,600,0.0,70020,ASIA
1750,600,0.0,70020,ASIA
1755,600,0.0,70020,ASIA
1760,600,0.0,70020,ASIA
1765,600,0.0,70020,ASIA
1770,600,0.0,70020,ASIA
1775,600,0.0,70020,ASIA
1780,600,0.0,70020,ASIA
1785,600,0.0,70020,ASIA
1790,600,0.0,70020,ASIA
1795,600,0.0,70020,ASIA
1800,600,0.0,70020,ASIA
1805,600,0.0,70020,ASIA
1810,600,0.0,70020,ASIA
1815,600,0.0,70020,ASIA
1820,600,0.0,70020,ASIA
1825,600,0.0,70020,ASIA
1830,600,0.0,70020,ASIA
1835,600,0.0,70020,ASIA
1840,600,0.0,70020,ASIA
1845,600,0.0,70020,ASIA
1850,600,0.0,70020,ASIA
1855,600,0.0,70020,ASIA
1860,600,0.0,70020,ASIA
1865,600,0.0,70020,ASIA
1870,600,0.0,70020,ASIA
1875,600,0.0,70020,ASIA
1880,600,0.0,70020,ASIA
1885,600,0.0,70020,ASIA
1890,600,0.0,70020,ASIA
1895,600,0.0,70020,ASIA
1900,600,0.0,70020,ASIA
1905,600,0.0,70020,ASIA
1910,600,0.0,70020,ASIA
1915,600,0.0,70020,ASIA
1920,600,0.0,70020,ASIA
1925,600,0.0,70020,ASIA
1930,600,0.0,70020,ASIA
1935,600,0.0,70020,ASIA
1940,600,0.0,70020,ASIA
1945,600,0.0,70020,ASIA
1950,600,0.0,70020,ASIA
1955,600,0.0,70020,ASIA
1960,600,0.0,70020,ASIA
1965,600,0.0,70020,ASIA
1970,600,0.0,70020,ASIA
1975,600,0.0,70020,ASIA
1980,600,0.0,70020,ASIA
1985,600,0.0,70020,ASIA
1990,600,0.0,70020,ASIA
1995,600,0.0,70020,ASIA
2000,600,0.0,70020,ASIA
50,600,0.999977,43200,EU
55,600,0.999884,43200,EU
60,600,0.999375,43200,EU
65,600,0.99838,43200,EU
70,600,0.997014,43200,EU
75,600,0.994491,43200,EU
80,600,0.991065,43200,EU
85,600,0.985532,43200,EU
90,600,0.97875,43200,EU
95,600,0.970278,43200,EU
100,600,0.959653,43200,EU
105,600,0.947384,43200,EU
110,600,0.933727,43200,EU
115,600,0.919259,43200,EU
120,600,0.90331,43200,EU
125,600,0.884931,43200,EU
130,600,0.865556,43200,EU
135,600,0.844792,43200,EU
140,600,0.82331,43200,EU
145,600,0.802778,43200,EU
150,600,0.781713,43200,EU
155,600,0.75912,43200,EU
160,600,0.735556,43200,EU
165,600,0.713426,43200,EU
170,600,0.690995,43200,EU
175,600,0.669491,43200,EU
180,600,0.647894,43200,EU
185,600,0.624861,43200,EU
190,600,0.601829,43200,EU
195,600,0.58037,43200,EU
200,600,0.558681,43200,EU
205,600,0.537338,43200,EU
210,600,0.518125,43200,EU
215,600,0.497894,43200,EU
220,600,0.479444,43200,EU
225,600,0.460023,43200,EU
230,600,0.441505,43200,EU
235,600,0.423449,43200,EU
240,600,0.406319,43200,EU
245,600,0.390023,43200,EU
250,600,0.374838,43200,EU
255,600,0.358704,43200,EU
260,600,0.343727,43200,EU
265,600,0.328727,43200,EU
270,600,0.314005,43200,EU
275,600,0.299653,43200,EU
280,600,0.285856,43200,EU
285,600,0.273032,43200,EU
290,600,0.259722,43200,EU
295,600,0.247847,43200,EU
300,600,0.23706,43200,EU
305,600,0.22625,43200,EU
310,600,0.21588,43200,EU
315,600,0.205926,43200,EU
320,600,0.196736,43200,EU
325,600,0.188125,43200,EU
330,600,0.180208,43200,EU
335,600,0.171481,43200,EU
340,600,0.163472,43200,EU
345,600,0.155972,43200,EU
350,600,0.147824,43200,EU
355,600,0.140116,43200,EU
360,600,0.134375,43200,EU
365,600,0.127685,43200,EU
370,600,0.121181,43200,EU
375,600,0.114977,43200,EU
380,600,0.109444,43200,EU
385,600,0.104352,43200,EU
390,600,0.098356,43200,EU
395,600,0.093495,43200,EU
400,600,0.088079,43200,EU
405,600,0.084051,43200,EU
410,600,0.079491,43200,EU
415,600,0.075463,43200,EU
420,600,0.07169,43200,EU
425,600,0.067685,43200,EU
430,600,0.064028,43200,EU
435,600,0.060463,43200,EU
440,600,0.056921,43200,EU
445,600,0.053889,43200,EU
450,600,0.05125,43200,EU
455,600,0.048148,43200,EU
460,600,0.045463,43200,EU
465,600,0.042894,43200,EU
470,600,0.040463,43200,EU
475,600,0.038356,43200,EU
480,600,0.036481,43200,EU
485,600,0.03456,43200,EU
490,600,0.032801,43200,EU
495,600,0.031019,43200,EU
500,600,0.029236,43200,EU
505,600,0.0275,43200,EU
510,600,0.026111,43200,EU
515,600,0.024884,43200,EU
520,600,0.02375,43200,EU
525,600,0.022269,43200,EU
530,600,0.021042,43200,EU
535,600,0.020023,43200,EU
540,600,0.01912,43200,EU
545,600,0.018218,43200,EU
550,600,0.017176,43200,EU
555,600,0.016204,43200,EU
560,600,0.014977,43200,EU
565,600,0.014398,43200,EU
570,600,0.013565,43200,EU
575,600,0.012801,43200,EU
580,600,0.01213,43200,EU
585,600,0.011597,43200,EU
590,600,0.010972,43200,EU
595,600,0.010463,43200,EU
600,600,0.009653,43200,EU
605,600,0.009074,43200,EU
610,600,0.008704,43200,EU
615,600,0.008264,43200,EU
620,600,0.007755,43200,EU
625,600,0.007176,43200,EU
630,600,0.006713,43200,EU
635,600,0.006134,43200,EU
640,600,0.005787,43200,EU
645,600,0.005532,43200,EU
650,600,0.005023,43200,EU
655,600,0.004884,43200,EU
660,600,0.004606,43200,EU
665,600,0.004236,43200,EU
670,600,0.003981,43200,EU
675,600,0.003843,43200,EU
680,600,0.003657,43200,EU
685,600,0.003449,43200,EU
690,600,0.003218,43200,EU
695,600,0.003102,43200,EU
700,600,0.002963,43200,EU
705,600,0.002639,43200,EU
710,600,0.002477,43200,EU
715,600,0.002269,43200,EU
720,600,0.00213,43200,EU
725,600,0.00206,43200,EU
730,600,0.001944,43200,EU
735,600,0.001782,43200,EU
740,600,0.001667,43200,EU
745,600,0.001551,43200,EU
750,600,0.001412,43200,EU
755,600,0.001319,43200,EU
760,600,0.001204,43200,EU
765,600,0.001181,43200,EU
770,600,0.001157,43200,EU
775,600,0.001065,43200,EU
780,600,0.000995,43200,EU
785,600,0.000949,43200,EU
790,600,0.00088,43200,EU
795,600,0.00088,43200,EU
800,600,0.00088,43200,EU
805,600,0.000764,43200,EU
810,600,0.000718,43200,EU
815,600,0.000648,43200,EU
820,600,0.000625,43200,EU
825,600,0.000602,43200,EU
830,600,0.000556,43200,EU
835,600,0.000509,43200,EU
840,600,0.000486,43200,EU
845,600,0.00044,43200,EU
850,600,0.00037,43200,EU
855,600,0.00037,43200,EU
860,600,0.000347,43200,EU
865,600,0.000324,43200,EU
870,600,0.000301,43200,EU
875,600,0.000301,43200,EU
880,600,0.000278,43200,EU
885,600,0.000278,43200,EU
890,600,0.000278,43200,EU
895,600,0.000255,43200,EU
900,600,0.000231,43200,EU
905,600,0.000231,43200,EU
910,600,0.000231,43200,EU
915,600,0.000208,43200,EU
920,600,0.000208,43200,EU
925,600,0.000185,43200,EU
930,600,0.000162,43200,EU
935,600,0.000139,43200,EU
940,600,0.000139,43200,EU
945,600,0.000139,43200,EU
950,600,0.000116,43200,EU
955,600,0.000116,43200,EU
960,600,0.000116,43200,EU
965,600,0.000116,43200,EU
970,600,9.3e-05,43200,EU
975,600,9.3e-05,43200,EU
980,600,9.3e-05,43200,EU
985,600,9.3e-05,43200,EU
990,600,9.3e-05,43200,EU
995,600,9.3e-05,43200,EU
1000,600,9.3e-05,43200,EU
1005,600,9.3e-05,43200,EU
1010,600,6.9e-05,43200,EU
1015,600,6.9e-05,43200,EU
1020,600,4.6e-05,43200,EU
1025,600,2.3e-05,43200,EU
1030,600,2.3e-05,43200,EU
1035,600,2.3e-05,43200,EU
1040,600,2.3e-05,43200,EU
1045,600,2.3e-05,43200,EU
1050,600,2.3e-05,43200,EU
1055,600,2.3e-05,43200,EU
1060,600,2.3e-05,43200,EU
1065,600,2.3e-05,43200,EU
1070,600,2.3e-05,43200,EU
1075,600,2.3e-05,43200,EU
1080,600,2.3e-05,43200,EU
1085,600,2.3e-05,43200,EU
1090,600,2.3e-05,43200,EU
1095,600,2.3e-05,43200,EU
1100,600,2.3e-05,43200,EU
1105,600,2.3e-05,43200,EU
1110,600,2.3e-05,43200,EU
1115,600,2.3e-05,43200,EU
1120,600,2.3e-05,43200,EU
1125,600,2.3e-05,43200,EU
1130,600,2.3e-05,43200,EU
1135,600,2.3e-05,43200,EU
1140,600,0.0,43200,EU
1145,600,0.0,43200,EU
1150,600,0.0,43200,EU
1155,600,0.0,43200,EU
1160,600,0.0,43200,EU
1165,600,0.0,43200,EU
1170,600,0.0,43200,EU
1175,600,0.0,43200,EU
1180,600,0.0,43200,EU
1185,600,0.0,43200,EU
1190,600,0.0,43200,EU
1195,600,0.0,43200,EU
1200,600,0.0,43200,EU
1205,600,0.0,43200,EU
1210,600,0.0,43200,EU
1215,600,0.0,43200,EU
1220,600,0.0,43200,EU
1225,600,0.0,43200,EU
1230,600,0.0,43200,EU
1235,600,0.0,43200,EU
1240,600,0.0,43200,EU
1245,600,0.0,43200,EU
1250,600,0.0,43200,EU
1255,600,0.0,43200,EU
1260,600,0.0,43200,EU
1265,600,0.0,43200,EU
1270,600,0.0,43200,EU
1275,600,0.0,43200,EU
1280,600,0.0,43200,EU
1285,600,0.0,43200,EU
1290,600,0.0,43200,EU
1295,600,0.0,43200,EU
1300,600,0.0,43200,EU
1305,600,0.0,43200,EU
1310,600,0.0,43200,EU
1315,600,0.0,43200,EU
1320,600,0.0,43200,EU
1325,600,0.0,43200,EU
1330,600,0.0,43200,EU
1335,600,0.0,43200,EU
1340,600,0.0,43200,EU
1345,600,0.0,43200,EU
1350,600,0.0,43200,EU
1355,600,0.0,43200,EU
1360,600,0.0,43200,EU
1365,600,0.0,43200,EU
1370,600,0.0,43200,EU
1375,600,0.0,43200,EU
1380,600,0.0,43200,EU
1385,600,0.0,43200,EU
1390,600,0.0,43200,EU
1395,600,0.0,43200,EU
1400,600,0.0,43200,EU
1405,600,0.0,43200,EU
1410,600,0.0,43200,EU
1415,600,0.0,43200,EU
1420,600,0.0,43200,EU
1425,600,0.0,43200,EU
1430,600,0.0,43200,EU
1435,600,0.0,43200,EU
1440,600,0.0,43200,EU
1445,600,0.0,43200,EU
1450,600,0.0,43200,EU
1455,600,0.0,43200,EU
1460,600,0.0,43200,EU
1465,600,0.0,43200,EU
1470,600,0.0,43200,EU
1475,600,0.0,43200,EU
1480,600,0.0,43200,EU
1485,600,0.0,43200,EU
1490,600,0.0,43200,EU
1495,600,0.0,43200,EU
1500,600,0.0,43200,EU
1505,600,0.0,43200,EU
1510,600,0.0,43200,EU
1515,600,0.0,43200,EU
1520,600,0.0,43200,EU
1525,600,0.0,43200,EU
1530,600,0.0,43200,EU
1535,600,0.0,43200,EU
1540,600,0.0,43200,EU
1545,600,0.0,43200,EU
1550,600,0.0,43200,EU
1555,600,0.0,43200,EU
1560,600,0.0,43200,EU
1565,600,0.0,43200,EU
1570,600,0.0,43200,EU
1575,600,0.0,43200,EU
1580,600,0.0,43200,EU
1585,600,0.0,43200,EU
1590,600,0.0,43200,EU
1595,600,0.0,43200,EU
1600,600,0.0,43200,EU
1605,600,0.0,43200,EU
1610,600,0.0,43200,EU
1615,600,0.0,43200,EU
1620,600,0.0,43200,EU
1625,600,0.0,43200,EU
1630,600,0.0,43200,EU
1635,600,0.0,43200,EU
1640,600,0.0,43200,EU
1645,600,0.0,43200,EU
1650,600,0.0,43200,EU
1655,600,0.0,43200,EU
1660,600,0.0,43200,EU
1665,600,0.0,43200,EU
1670,600,0.0,43200,EU
1675,600,0.0,43200,EU
1680,600,0.0,43200,EU
1685,600,0.0,43200,EU
1690,600,0.0,43200,EU
1695,600,0.0,43200,EU
1700,600,0.0,43200,EU
1705,600,0.0,43200,EU
1710,600,0.0,43200,EU
1715,600,0.0,43200,EU
1720,600,0.0,43200,EU
1725,600,0.0,43200,EU
1730,600,0.0,43200,EU
1735,600,0.0,43200,EU
1740,600,0.0,43200,EU
1745,600,0.0,43200,EU
1750,600,0.0,43200,EU
1755,600,0.0,43200,EU
1760,600,0.0,43200,EU
1765,600,0.0,43200,EU
1770,600,0.0,43200,EU
1775,600,0.0,43200,EU
1780,600,0.0,43200,EU
1785,600,0.0,43200,EU
1790,600,0.0,43200,EU
1795,600,0.0,43200,EU
1800,600,0.0,43200,EU
1805,600,0.0,43200,EU
1810,600,0.0,43200,EU
1815,600,0.0,43200,EU
1820,600,0.0,43200,EU
1825,600,0.0,43200,EU
1830,600,0.0,43200,EU
1835,600,0.0,43200,EU
1840,600,0.0,43200,EU
1845,600,0.0,43200,EU
1850,600,0.0,43200,EU
1855,600,0.0,43200,EU
1860,600,0.0,43200,EU
1865,600,0.0,43200,EU
1870,600,0.0,43200,EU
1875,600,0.0,43200,EU
1880,600,0.0,43200,EU
1885,600,0.0,43200,EU
1890,600,0.0,43200,EU
1895,600,0.0,43200,EU
1900,600,0.0,43200,EU
1905,600,0.0,43200,EU
1910,600,0.0,43200,EU
1915,600,0.0,43200,EU
1920,600,0.0,43200,EU
1925,600,0.0,43200,EU
1930,600,0.0,43200,EU
1935,600,0.0,43200,EU
1940,600,0.0,43200,EU
1945,600,0.0,43200,EU
1950,600,0.0,43200,EU
1955,600,0.0,43200,EU
1960,600,0.0,43200,EU
1965,600,0.0,43200,EU
1970,600,0.0,43200,EU
1975,600,0.0,43200,EU
1980,600,0.0,43200,EU
1985,600,0.0,43200,EU
1990,600,0.0,43200,EU
1995,600,0.0,43200,EU
2000,600,0.0,43200,EU
50,600,0.999788,37790,EVENING
55,600,0.999286,37790,EVENING
60,600,0.998042,37790,EVENING
65,600,0.995449,37790,EVENING
70,600,0.991982,37790,EVENING
75,600,0.987113,37790,EVENING
80,600,0.980206,37790,EVENING
85,600,0.970495,37790,EVENING
90,600,0.958455,37790,EVENING
95,600,0.943451,37790,EVENING
100,600,0.926303,37790,EVENING
105,600,0.908918,37790,EVENING
110,600,0.888224,37790,EVENING
115,600,0.865679,37790,EVENING
120,600,0.84308,37790,EVENING
125,600,0.818206,37790,EVENING
130,600,0.790421,37790,EVENING
135,600,0.764461,37790,EVENING
140,600,0.739243,37790,EVENING
145,600,0.713575,37790,EVENING
150,600,0.687007,37790,EVENING
155,600,0.662001,37790,EVENING
160,600,0.636782,37790,EVENING
165,600,0.611405,37790,EVENING
170,600,0.587087,37790,EVENING
175,600,0.563059,37790,EVENING
180,600,0.53882,37790,EVENING
185,600,0.514951,37790,EVENING
190,600,0.492564,37790,EVENING
195,600,0.470601,37790,EVENING
200,600,0.449299,37790,EVENING
205,600,0.429505,37790,EVENING
210,600,0.409368,37790,EVENING
215,600,0.390341,37790,EVENING
220,600,0.371315,37790,EVENING
225,600,0.354671,37790,EVENING
230,600,0.337391,37790,EVENING
235,600,0.319635,37790,EVENING
240,600,0.303308,37790,EVENING
245,600,0.28751,37790,EVENING
250,600,0.273194,37790,EVENING
255,600,0.25991,37790,EVENING
260,600,0.246785,37790,EVENING
265,600,0.234057,37790,EVENING
270,600,0.221143,37790,EVENING
275,600,0.210505,37790,EVENING
280,600,0.199497,37790,EVENING
285,600,0.18833,37790,EVENING
290,600,0.178936,37790,EVENING
295,600,0.169013,37790,EVENING
300,600,0.15954,37790,EVENING
305,600,0.149669,37790,EVENING
310,600,0.14091,37790,EVENING
315,600,0.132972,37790,EVENING
320,600,0.125007,37790,EVENING
325,600,0.117544,37790,EVENING
330,600,0.111696,37790,EVENING
335,600,0.104843,37790,EVENING
340,600,0.0991,37790,EVENING
345,600,0.093437,37790,EVENING
350,600,0.088568,37790,EVENING
355,600,0.083488,37790,EVENING
360,600,0.079069,37790,EVENING
365,600,0.074914,37790,EVENING
370,600,0.070442,37790,EVENING
375,600,0.066234,37790,EVENING
380,600,0.062318,37790,EVENING
385,600,0.058296,37790,EVENING
390,600,0.054274,37790,EVENING
395,600,0.050966,37790,EVENING
400,600,0.048187,37790,EVENING
405,600,0.045594,37790,EVENING
410,600,0.043239,37790,EVENING
415,600,0.04054,37790,EVENING
420,600,0.038211,37790,EVENING
425,600,0.035803,37790,EVENING
430,600,0.033686,37790,EVENING
435,600,0.031596,37790,EVENING
440,600,0.029743,37790,EVENING
445,600,0.028076,37790,EVENING
450,600,0.026224,37790,EVENING
455,600,0.024742,37790,EVENING
460,600,0.022969,37790,EVENING
465,600,0.021619,37790,EVENING
470,600,0.020296,37790,EVENING
475,600,0.01892,37790,EVENING
480,600,0.018074,37790,EVENING
485,600,0.016724,37790,EVENING
490,600,0.015401,37790,EVENING
495,600,0.01421,37790,EVENING
500,600,0.01331,37790,EVENING
505,600,0.012358,37790,EVENING
510,600,0.011537,37790,EVENING
515,600,0.010797,37790,EVENING
520,600,0.009844,37790,EVENING
525,600,0.009368,37790,EVENING
530,600,0.008627,37790,EVENING
535,600,0.007859,37790,EVENING
540,600,0.007198,37790,EVENING
545,600,0.006642,37790,EVENING
550,600,0.00606,37790,EVENING
555,600,0.005663,37790,EVENING
560,600,0.005292,37790,EVENING
565,600,0.004895,37790,EVENING
570,600,0.004525,37790,EVENING
575,600,0.004075,37790,EVENING
580,600,0.003652,37790,EVENING
585,600,0.003334,37790,EVENING
590,600,0.00307,37790,EVENING
595,600,0.002805,37790,EVENING
600,600,0.002487,37790,EVENING
605,600,0.002329,37790,EVENING
610,600,0.002143,37790,EVENING
615,600,0.001932,37790,EVENING
620,600,0.00172,37790,EVENING
625,600,0.001614,37790,EVENING
630,600,0.001455,37790,EVENING
635,600,0.001244,37790,EVENING
640,600,0.001191,37790,EVENING
645,600,0.001085,37790,EVENING
650,600,0.000979,37790,EVENING
655,600,0.0009,37790,EVENING
660,600,0.000794,37790,EVENING
665,600,0.000688,37790,EVENING
670,600,0.000662,37790,EVENING
675,600,0.000503,37790,EVENING
680,600,0.00045,37790,EVENING
685,600,0.000344,37790,EVENING
690,600,0.000344,37790,EVENING
695,600,0.000344,37790,EVENING
700,600,0.000344,37790,EVENING
705,600,0.000318,37790,EVENING
710,600,0.000291,37790,EVENING
715,600,0.000265,37790,EVENING
720,600,0.000265,37790,EVENING
725,600,0.000265,37790,EVENING
730,600,0.000185,37790,EVENING
735,600,0.000159,37790,EVENING
740,600,0.000159,37790,EVENING
745,600,0.000132,37790,EVENING
750,600,0.000106,37790,EVENING
755,600,0.000106,37790,EVENING
760,600,0.000106,37790,EVENING
765,600,5.3e-05,37790,EVENING
770,600,5.3e-05,37790,EVENING
775,600,2.6e-05,37790,EVENING
780,600,2.6e-05,37790,EVENING
785,600,0.0,37790,EVENING
790,600,0.0,37790,EVENING
795,600,0.0,37790,EVENING
800,600,0.0,37790,EVENING
805,600,0.0,37790,EVENING
810,600,0.0,37790,EVENING
815,600,0.0,37790,EVENING
820,600,0.0,37790,EVENING
825,600,0.0,37790,EVENING
830,600,0.0,37790,EVENING
835,600,0.0,37790,EVENING
840,600,0.0,37790,EVENING
845,600,0.0,37790,EVENING
850,600,0.0,37790,EVENING
855,600,0.0,37790,EVENING
860,600,0.0,37790,EVENING
865,600,0.0,37790,EVENING
870,600,0.0,37790,EVENING
875,600,0.0,37790,EVENING
880,600,0.0,37790,EVENING
885,600,0.0,37790,EVENING
890,600,0.0,37790,EVENING
895,600,0.0,37790,EVENING
900,600,0.0,37790,EVENING
905,600,0.0,37790,EVENING
910,600,0.0,37790,EVENING
915,600,0.0,37790,EVENING
920,600,0.0,37790,EVENING
925,600,0.0,37790,EVENING
930,600,0.0,37790,EVENING
935,600,0.0,37790,EVENING
940,600,0.0,37790,EVENING
945,600,0.0,37790,EVENING
950,600,0.0,37790,EVENING
955,600,0.0,37790,EVENING
960,600,0.0,37790,EVENING
965,600,0.0,37790,EVENING
970,600,0.0,37790,EVENING
975,600,0.0,37790,EVENING
980,600,0.0,37790,EVENING
985,600,0.0,37790,EVENING
990,600,0.0,37790,EVENING
995,600,0.0,37790,EVENING
1000,600,0.0,37790,EVENING
1005,600,0.0,37790,EVENING
1010,600,0.0,37790,EVENING
1015,600,0.0,37790,EVENING
1020,600,0.0,37790,EVENING
1025,600,0.0,37790,EVENING
1030,600,0.0,37790,EVENING
1035,600,0.0,37790,EVENING
1040,600,0.0,37790,EVENING
1045,600,0.0,37790,EVENING
1050,600,0.0,37790,EVENING
1055,600,0.0,37790,EVENING
1060,600,0.0,37790,EVENING
1065,600,0.0,37790,EVENING
1070,600,0.0,37790,EVENING
1075,600,0.0,37790,EVENING
1080,600,0.0,37790,EVENING
1085,600,0.0,37790,EVENING
1090,600,0.0,37790,EVENING
1095,600,0.0,37790,EVENING
1100,600,0.0,37790,EVENING
1105,600,0.0,37790,EVENING
1110,600,0.0,37790,EVENING
1115,600,0.0,37790,EVENING
1120,600,0.0,37790,EVENING
1125,600,0.0,37790,EVENING
1130,600,0.0,37790,EVENING
1135,600,0.0,37790,EVENING
1140,600,0.0,37790,EVENING
1145,600,0.0,37790,EVENING
1150,600,0.0,37790,EVENING
1155,600,0.0,37790,EVENING
1160,600,0.0,37790,EVENING
1165,600,0.0,37790,EVENING
1170,600,0.0,37790,EVENING
1175,600,0.0,37790,EVENING
1180,600,0.0,37790,EVENING
1185,600,0.0,37790,EVENING
1190,600,0.0,37790,EVENING
1195,600,0.0,37790,EVENING
1200,600,0.0,37790,EVENING
1205,600,0.0,37790,EVENING
1210,600,0.0,37790,EVENING
1215,600,0.0,37790,EVENING
1220,600,0.0,37790,EVENING
1225,600,0.0,37790,EVENING
1230,600,0.0,37790,EVENING
1235,600,0.0,37790,EVENING
1240,600,0.0,37790,EVENING
1245,600,0.0,37790,EVENING
1250,600,0.0,37790,EVENING
1255,600,0.0,37790,EVENING
1260,600,0.0,37790,EVENING
1265,600,0.0,37790,EVENING
1270,600,0.0,37790,EVENING
1275,600,0.0,37790,EVENING
1280,600,0.0,37790,EVENING
1285,600,0.0,37790,EVENING
1290,600,0.0,37790,EVENING
1295,600,0.0,37790,EVENING
1300,600,0.0,37790,EVENING
1305,600,0.0,37790,EVENING
1310,600,0.0,37790,EVENING
1315,600,0.0,37790,EVENING
1320,600,0.0,37790,EVENING
1325,600,0.0,37790,EVENING
1330,600,0.0,37790,EVENING
1335,600,0.0,37790,EVENING
1340,600,0.0,37790,EVENING
1345,600,0.0,37790,EVENING
1350,600,0.0,37790,EVENING
1355,600,0.0,37790,EVENING
1360,600,0.0,37790,EVENING
1365,600,0.0,37790,EVENING
1370,600,0.0,37790,EVENING
1375,600,0.0,37790,EVENING
1380,600,0.0,37790,EVENING
1385,600,0.0,37790,EVENING
1390,600,0.0,37790,EVENING
1395,600,0.0,37790,EVENING
1400,600,0.0,37790,EVENING
1405,600,0.0,37790,EVENING
1410,600,0.0,37790,EVENING
1415,600,0.0,37790,EVENING
1420,600,0.0,37790,EVENING
1425,600,0.0,37790,EVENING
1430,600,0.0,37790,EVENING
1435,600,0.0,37790,EVENING
1440,600,0.0,37790,EVENING
1445,600,0.0,37790,EVENING
1450,600,0.0,37790,EVENING
1455,600,0.0,37790,EVENING
1460,600,0.0,37790,EVENING
1465,600,0.0,37790,EVENING
1470,600,0.0,37790,EVENING
1475,600,0.0,37790,EVENING
1480,600,0.0,37790,EVENING
1485,600,0.0,37790,EVENING
1490,600,0.0,37790,EVENING
1495,600,0.0,37790,EVENING
1500,600,0.0,37790,EVENING
1505,600,0.0,37790,EVENING
1510,600,0.0,37790,EVENING
1515,600,0.0,37790,EVENING
1520,600,0.0,37790,EVENING
1525,600,0.0,37790,EVENING
1530,600,0.0,37790,EVENING
1535,600,0.0,37790,EVENING
1540,600,0.0,37790,EVENING
1545,600,0.0,37790,EVENING
1550,600,0.0,37790,EVENING
1555,600,0.0,37790,EVENING
1560,600,0.0,37790,EVENING
1565,600,0.0,37790,EVENING
1570,600,0.0,37790,EVENING
1575,600,0.0,37790,EVENING
1580,600,0.0,37790,EVENING
1585,600,0.0,37790,EVENING
1590,600,0.0,37790,EVENING
1595,600,0.0,37790,EVENING
1600,600,0.0,37790,EVENING
1605,600,0.0,37790,EVENING
1610,600,0.0,37790,EVENING
1615,600,0.0,37790,EVENING
1620,600,0.0,37790,EVENING
1625,600,0.0,37790,EVENING
1630,600,0.0,37790,EVENING
1635,600,0.0,37790,EVENING
1640,600,0.0,37790,EVENING
1645,600,0.0,37790,EVENING
1650,600,0.0,37790,EVENING
1655,600,0.0,37790,EVENING
1660,600,0.0,37790,EVENING
1665,600,0.0,37790,EVENING
1670,600,0.0,37790,EVENING
1675,600,0.0,37790,EVENING
1680,600,0.0,37790,EVENING
1685,600,0.0,37790,EVENING
1690,600,0.0,37790,EVENING
1695,600,0.0,37790,EVENING
1700,600,0.0,37790,EVENING
1705,600,0.0,37790,EVENING
1710,600,0.0,37790,EVENING
1715,600,0.0,37790,EVENING
1720,600,0.0,37790,EVENING
1725,600,0.0,37790,EVENING
1730,600,0.0,37790,EVENING
1735,600,0.0,37790,EVENING
1740,600,0.0,37790,EVENING
1745,600,0.0,37790,EVENING
1750,600,0.0,37790,EVENING
1755,600,0.0,37790,EVENING
1760,600,0.0,37790,EVENING
1765,600,0.0,37790,EVENING
1770,600,0.0,37790,EVENING
1775,600,0.0,37790,EVENING
1780,600,0.0,37790,EVENING
1785,600,0.0,37790,EVENING
1790,600,0.0,37790,EVENING
1795,600,0.0,37790,EVENING
1800,600,0.0,37790,EVENING
1805,600,0.0,37790,EVENING
1810,600,0.0,37790,EVENING
1815,600,0.0,37790,EVENING
1820,600,0.0,37790,EVENING
1825,600,0.0,37790,EVENING
1830,600,0.0,37790,EVENING
1835,600,0.0,37790,EVENING
1840,600,0.0,37790,EVENING
1845,600,0.0,37790,EVENING
1850,600,0.0,37790,EVENING
1855,600,0.0,37790,EVENING
1860,600,0.0,37790,EVENING
1865,600,0.0,37790,EVENING
1870,600,0.0,37790,EVENING
1875,600,0.0,37790,EVENING
1880,600,0.0,37790,EVENING
1885,600,0.0,37790,EVENING
1890,600,0.0,37790,EVENING
1895,600,0.0,37790,EVENING
1900,600,0.0,37790,EVENING
1905,600,0.0,37790,EVENING
1910,600,0.0,37790,EVENING
1915,600,0.0,37790,EVENING
1920,600,0.0,37790,EVENING
1925,600,0.0,37790,EVENING
1930,600,0.0,37790,EVENING
1935,600,0.0,37790,EVENING
1940,600,0.0,37790,EVENING
1945,600,0.0,37790,EVENING
1950,600,0.0,37790,EVENING
1955,600,0.0,37790,EVENING
1960,600,0.0,37790,EVENING
1965,600,0.0,37790,EVENING
1970,600,0.0,37790,EVENING
1975,600,0.0,37790,EVENING
1980,600,0.0,37790,EVENING
1985,600,0.0,37790,EVENING
1990,600,0.0,37790,EVENING
1995,600,0.0,37790,EVENING
2000,600,0.0,37790,EVENING
50,600,1.0,16200,LONDON_OPEN
55,600,1.0,16200,LONDON_OPEN
60,600,0.999877,16200,LONDON_OPEN
65,600,0.999815,16200,LONDON_OPEN
70,600,0.999259,16200,LONDON_OPEN
75,600,0.99858,16200,LONDON_OPEN
80,600,0.997778,16200,LONDON_OPEN
85,600,0.996358,16200,LONDON_OPEN
90,600,0.993889,16200,LONDON_OPEN
95,600,0.989568,16200,LONDON_OPEN
100,600,0.983519,16200,LONDON_OPEN
105,600,0.977037,16200,LONDON_OPEN
110,600,0.967901,16200,LONDON_OPEN
115,600,0.95821,16200,LONDON_OPEN
120,600,0.946914,16200,LONDON_OPEN
125,600,0.934321,16200,LONDON_OPEN
130,600,0.921049,16200,LONDON_OPEN
135,600,0.906235,16200,LONDON_OPEN
140,600,0.891173,16200,LONDON_OPEN
145,600,0.875802,16200,LONDON_OPEN
150,600,0.857099,16200,LONDON_OPEN
155,600,0.840247,16200,LONDON_OPEN
160,600,0.821543,16200,LONDON_OPEN
165,600,0.802778,16200,LONDON_OPEN
170,600,0.782531,16200,LONDON_OPEN
175,600,0.761543,16200,LONDON_OPEN
180,600,0.741543,16200,LONDON_OPEN
185,600,0.723765,16200,LONDON_OPEN
190,600,0.703765,16200,LONDON_OPEN
195,600,0.684753,16200,LONDON_OPEN
200,600,0.664938,16200,LONDON_OPEN
205,600,0.643519,16200,LONDON_OPEN
210,600,0.623704,16200,LONDON_OPEN
215,600,0.602593,16200,LONDON_OPEN
220,600,0.581296,16200,LONDON_OPEN
225,600,0.563765,16200,LONDON_OPEN
230,600,0.544136,16200,LONDON_OPEN
235,600,0.528642,16200,LONDON_OPEN
240,600,0.511173,16200,LONDON_OPEN
245,600,0.494753,16200,LONDON_OPEN
250,600,0.478086,16200,LONDON_OPEN
255,600,0.459938,16200,LONDON_OPEN
260,600,0.444074,16200,LONDON_OPEN
265,600,0.427593,16200,LONDON_OPEN
270,600,0.411049,16200,LONDON_OPEN
275,600,0.396481,16200,LONDON_OPEN
280,600,0.383704,16200,LONDON_OPEN
285,600,0.369321,16200,LONDON_OPEN
290,600,0.35321,16200,LONDON_OPEN
295,600,0.341049,16200,LONDON_OPEN
300,600,0.330062,16200,LONDON_OPEN
305,600,0.317654,16200,LONDON_OPEN
310,600,0.306914,16200,LONDON_OPEN
315,600,0.296728,16200,LONDON_OPEN
320,600,0.285802,16200,LONDON_OPEN
325,600,0.273457,16200,LONDON_OPEN
330,600,0.262284,16200,LONDON_OPEN
335,600,0.252716,16200,LONDON_OPEN
340,600,0.242716,16200,LONDON_OPEN
345,600,0.234568,16200,LONDON_OPEN
350,600,0.225062,16200,LONDON_OPEN
355,600,0.21537,16200,LONDON_OPEN
360,600,0.207407,16200,LONDON_OPEN
365,600,0.198951,16200,LONDON_OPEN
370,600,0.190679,16200,LONDON_OPEN
375,600,0.182716,16200,LONDON_OPEN
380,600,0.174259,16200,LONDON_OPEN
385,600,0.167222,16200,LONDON_OPEN
390,600,0.161728,16200,LONDON_OPEN
395,600,0.154383,16200,LONDON_OPEN
400,600,0.147346,16200,LONDON_OPEN
405,600,0.141296,16200,LONDON_OPEN
410,600,0.135617,16200,LONDON_OPEN
415,600,0.130432,16200,LONDON_OPEN
420,600,0.124753,16200,LONDON_OPEN
425,600,0.119198,16200,LONDON_OPEN
430,600,0.113642,16200,LONDON_OPEN
435,600,0.10858,16200,LONDON_OPEN
440,600,0.104383,16200,LONDON_OPEN
445,600,0.098889,16200,LONDON_OPEN
450,600,0.094198,16200,LONDON_OPEN
455,600,0.090123,16200,LONDON_OPEN
460,600,0.086049,16200,LONDON_OPEN
465,600,0.082037,16200,LONDON_OPEN
470,600,0.07784,16200,LONDON_OPEN
475,600,0.073519,16200,LONDON_OPEN
480,600,0.070185,16200,LONDON_OPEN
485,600,0.066605,16200,LONDON_OPEN
490,600,0.063086,16200,LONDON_OPEN
495,600,0.060185,16200,LONDON_OPEN
500,600,0.057531,16200,LONDON_OPEN
505,600,0.054815,16200,LONDON_OPEN
510,600,0.051852,16200,LONDON_OPEN
515,600,0.049321,16200,LONDON_OPEN
520,600,0.047407,16200,LONDON_OPEN
525,600,0.045432,16200,LONDON_OPEN
530,600,0.043148,16200,LONDON_OPEN
535,600,0.041543,16200,LONDON_OPEN
540,600,0.039012,16200,LONDON_OPEN
545,600,0.037407,16200,LONDON_OPEN
550,600,0.035494,16200,LONDON_OPEN
555,600,0.033951,16200,LONDON_OPEN
560,600,0.032346,16200,LONDON_OPEN
565,600,0.030494,16200,LONDON_OPEN
570,600,0.029259,16200,LONDON_OPEN
575,600,0.028148,16200,LONDON_OPEN
580,600,0.026543,16200,LONDON_OPEN
585,600,0.025185,16200,LONDON_OPEN
590,600,0.023457,16200,LONDON_OPEN
595,600,0.02284,16200,LONDON_OPEN
600,600,0.021296,16200,LONDON_OPEN
605,600,0.020494,16200,LONDON_OPEN
610,600,0.019321,16200,LONDON_OPEN
615,600,0.017901,16200,LONDON_OPEN
620,600,0.016605,16200,LONDON_OPEN
625,600,0.015864,16200,LONDON_OPEN
630,600,0.014938,16200,LONDON_OPEN
635,600,0.014136,16200,LONDON_OPEN
640,600,0.01358,16200,LONDON_OPEN
645,600,0.013148,16200,LONDON_OPEN
650,600,0.012654,16200,LONDON_OPEN
655,600,0.011852,16200,LONDON_OPEN
660,600,0.011049,16200,LONDON_OPEN
665,600,0.010432,16200,LONDON_OPEN
670,600,0.009877,16200,LONDON_OPEN
675,600,0.009136,16200,LONDON_OPEN
680,600,0.008457,16200,LONDON_OPEN
685,600,0.007901,16200,LONDON_OPEN
690,600,0.007346,16200,LONDON_OPEN
695,600,0.006975,16200,LONDON_OPEN
700,600,0.006481,16200,LONDON_OPEN
705,600,0.006296,16200,LONDON_OPEN
710,600,0.006049,16200,LONDON_OPEN
715,600,0.005556,16200,LONDON_OPEN
720,600,0.005247,16200,LONDON_OPEN
725,600,0.004938,16200,LONDON_OPEN
730,600,0.004753,16200,LONDON_OPEN
735,600,0.004568,16200,LONDON_OPEN
740,600,0.004444,16200,LONDON_OPEN
745,600,0.004321,16200,LONDON_OPEN
750,600,0.004074,16200,LONDON_OPEN
755,600,0.003951,16200,LONDON_OPEN
760,600,0.003765,16200,LONDON_OPEN
765,600,0.003704,16200,LONDON_OPEN
770,600,0.003457,16200,LONDON_OPEN
775,600,0.003272,16200,LONDON_OPEN
780,600,0.003086,16200,LONDON_OPEN
785,600,0.002716,16200,LONDON_OPEN
790,600,0.002407,16200,LONDON_OPEN
795,600,0.002346,16200,LONDON_OPEN
800,600,0.00216,16200,LONDON_OPEN
805,600,0.001975,16200,LONDON_OPEN
810,600,0.001852,16200,LONDON_OPEN
815,600,0.00179,16200,LONDON_OPEN
820,600,0.001728,16200,LONDON_OPEN
825,600,0.001543,16200,LONDON_OPEN
830,600,0.00142,16200,LONDON_OPEN
835,600,0.001235,16200,LONDON_OPEN
840,600,0.001173,16200,LONDON_OPEN
845,600,0.001111,16200,LONDON_OPEN
850,600,0.001049,16200,LONDON_OPEN
855,600,0.001049,16200,LONDON_OPEN
860,600,0.000988,16200,LONDON_OPEN
865,600,0.000926,16200,LONDON_OPEN
870,600,0.000926,16200,LONDON_OPEN
875,600,0.000864,16200,LONDON_OPEN
880,600,0.000864,16200,LONDON_OPEN
885,600,0.000864,16200,LONDON_OPEN
890,600,0.000802,16200,LONDON_OPEN
895,600,0.000617,16200,LONDON_OPEN
900,600,0.000617,16200,LONDON_OPEN
905,600,0.000617,16200,LONDON_OPEN
910,600,0.000617,16200,LONDON_OPEN
915,600,0.000617,16200,LONDON_OPEN
920,600,0.000617,16200,LONDON_OPEN
925,600,0.000556,16200,LONDON_OPEN
930,600,0.000494,16200,LONDON_OPEN
935,600,0.000494,16200,LONDON_OPEN
940,600,0.000494,16200,LONDON_OPEN
945,600,0.000494,16200,LONDON_OPEN
950,600,0.000494,16200,LONDON_OPEN
955,600,0.000494,16200,LONDON_OPEN
960,600,0.000494,16200,LONDON_OPEN
965,600,0.000494,16200,LONDON_OPEN
970,600,0.000494,16200,LONDON_OPEN
975,600,0.000494,16200,LONDON_OPEN
980,600,0.000494,16200,LONDON_OPEN
985,600,0.000494,16200,LONDON_OPEN
990,600,0.000494,16200,LONDON_OPEN
995,600,0.000494,16200,LONDON_OPEN
1000,600,0.000494,16200,LONDON_OPEN
1005,600,0.000432,16200,LONDON_OPEN
1010,600,0.000432,16200,LONDON_OPEN
1015,600,0.000432,16200,LONDON_OPEN
1020,600,0.000432,16200,LONDON_OPEN
1025,600,0.000432,16200,LONDON_OPEN
1030,600,0.000432,16200,LONDON_OPEN
1035,600,0.000432,16200,LONDON_OPEN
1040,600,0.000432,16200,LONDON_OPEN
1045,600,0.000247,16200,LONDON_OPEN
1050,600,0.000247,16200,LONDON_OPEN
1055,600,0.000247,16200,LONDON_OPEN
1060,600,0.000247,16200,LONDON_OPEN
1065,600,0.000185,16200,LONDON_OPEN
1070,600,0.000185,16200,LONDON_OPEN
1075,600,0.000185,16200,LONDON_OPEN
1080,600,0.000185,16200,LONDON_OPEN
1085,600,0.000185,16200,LONDON_OPEN
1090,600,0.000185,16200,LONDON_OPEN
1095,600,0.000185,16200,LONDON_OPEN
1100,600,0.000185,16200,LONDON_OPEN
1105,600,0.000185,16200,LONDON_OPEN
1110,600,0.000185,16200,LONDON_OPEN
1115,600,0.000185,16200,LONDON_OPEN
1120,600,0.000123,16200,LONDON_OPEN
1125,600,0.000123,16200,LONDON_OPEN
1130,600,0.000123,16200,LONDON_OPEN
1135,600,0.000123,16200,LONDON_OPEN
1140,600,0.000123,16200,LONDON_OPEN
1145,600,0.000123,16200,LONDON_OPEN
1150,600,0.000123,16200,LONDON_OPEN
1155,600,0.000123,16200,LONDON_OPEN
1160,600,6.2e-05,16200,LONDON_OPEN
1165,600,6.2e-05,16200,LONDON_OPEN
1170,600,0.0,16200,LONDON_OPEN
1175,600,0.0,16200,LONDON_OPEN
1180,600,0.0,16200,LONDON_OPEN
1185,600,0.0,16200,LONDON_OPEN
1190,600,0.0,16200,LONDON_OPEN
1195,600,0.0,16200,LONDON_OPEN
1200,600,0.0,16200,LONDON_OPEN
1205,600,0.0,16200,LONDON_OPEN
1210,600,0.0,16200,LONDON_OPEN
1215,600,0.0,16200,LONDON_OPEN
1220,600,0.0,16200,LONDON_OPEN
1225,600,0.0,16200,LONDON_OPEN
1230,600,0.0,16200,LONDON_OPEN
1235,600,0.0,16200,LONDON_OPEN
1240,600,0.0,16200,LONDON_OPEN
1245,600,0.0,16200,LONDON_OPEN
1250,600,0.0,16200,LONDON_OPEN
1255,600,0.0,16200,LONDON_OPEN
1260,600,0.0,16200,LONDON_OPEN
1265,600,0.0,16200,LONDON_OPEN
1270,600,0.0,16200,LONDON_OPEN
1275,600,0.0,16200,LONDON_OPEN
1280,600,0.0,16200,LONDON_OPEN
1285,600,0.0,16200,LONDON_OPEN
1290,600,0.0,16200,LONDON_OPEN
1295,600,0.0,16200,LONDON_OPEN
1300,600,0.0,16200,LONDON_OPEN
1305,600,0.0,16200,LONDON_OPEN
1310,600,0.0,16200,LONDON_OPEN
1315,600,0.0,16200,LONDON_OPEN
1320,600,0.0,16200,LONDON_OPEN
1325,600,0.0,16200,LONDON_OPEN
1330,600,0.0,16200,LONDON_OPEN
1335,600,0.0,16200,LONDON_OPEN
1340,600,0.0,16200,LONDON_OPEN
1345,600,0.0,16200,LONDON_OPEN
1350,600,0.0,16200,LONDON_OPEN
1355,600,0.0,16200,LONDON_OPEN
1360,600,0.0,16200,LONDON_OPEN
1365,600,0.0,16200,LONDON_OPEN
1370,600,0.0,16200,LONDON_OPEN
1375,600,0.0,16200,LONDON_OPEN
1380,600,0.0,16200,LONDON_OPEN
1385,600,0.0,16200,LONDON_OPEN
1390,600,0.0,16200,LONDON_OPEN
1395,600,0.0,16200,LONDON_OPEN
1400,600,0.0,16200,LONDON_OPEN
1405,600,0.0,16200,LONDON_OPEN
1410,600,0.0,16200,LONDON_OPEN
1415,600,0.0,16200,LONDON_OPEN
1420,600,0.0,16200,LONDON_OPEN
1425,600,0.0,16200,LONDON_OPEN
1430,600,0.0,16200,LONDON_OPEN
1435,600,0.0,16200,LONDON_OPEN
1440,600,0.0,16200,LONDON_OPEN
1445,600,0.0,16200,LONDON_OPEN
1450,600,0.0,16200,LONDON_OPEN
1455,600,0.0,16200,LONDON_OPEN
1460,600,0.0,16200,LONDON_OPEN
1465,600,0.0,16200,LONDON_OPEN
1470,600,0.0,16200,LONDON_OPEN
1475,600,0.0,16200,LONDON_OPEN
1480,600,0.0,16200,LONDON_OPEN
1485,600,0.0,16200,LONDON_OPEN
1490,600,0.0,16200,LONDON_OPEN
1495,600,0.0,16200,LONDON_OPEN
1500,600,0.0,16200,LONDON_OPEN
1505,600,0.0,16200,LONDON_OPEN
1510,600,0.0,16200,LONDON_OPEN
1515,600,0.0,16200,LONDON_OPEN
1520,600,0.0,16200,LONDON_OPEN
1525,600,0.0,16200,LONDON_OPEN
1530,600,0.0,16200,LONDON_OPEN
1535,600,0.0,16200,LONDON_OPEN
1540,600,0.0,16200,LONDON_OPEN
1545,600,0.0,16200,LONDON_OPEN
1550,600,0.0,16200,LONDON_OPEN
1555,600,0.0,16200,LONDON_OPEN
1560,600,0.0,16200,LONDON_OPEN
1565,600,0.0,16200,LONDON_OPEN
1570,600,0.0,16200,LONDON_OPEN
1575,600,0.0,16200,LONDON_OPEN
1580,600,0.0,16200,LONDON_OPEN
1585,600,0.0,16200,LONDON_OPEN
1590,600,0.0,16200,LONDON_OPEN
1595,600,0.0,16200,LONDON_OPEN
1600,600,0.0,16200,LONDON_OPEN
1605,600,0.0,16200,LONDON_OPEN
1610,600,0.0,16200,LONDON_OPEN
1615,600,0.0,16200,LONDON_OPEN
1620,600,0.0,16200,LONDON_OPEN
1625,600,0.0,16200,LONDON_OPEN
1630,600,0.0,16200,LONDON_OPEN
1635,600,0.0,16200,LONDON_OPEN
1640,600,0.0,16200,LONDON_OPEN
1645,600,0.0,16200,LONDON_OPEN
1650,600,0.0,16200,LONDON_OPEN
1655,600,0.0,16200,LONDON_OPEN
1660,600,0.0,16200,LONDON_OPEN
1665,600,0.0,16200,LONDON_OPEN
1670,600,0.0,16200,LONDON_OPEN
1675,600,0.0,16200,LONDON_OPEN
1680,600,0.0,16200,LONDON_OPEN
1685,600,0.0,16200,LONDON_OPEN
1690,600,0.0,16200,LONDON_OPEN
1695,600,0.0,16200,LONDON_OPEN
1700,600,0.0,16200,LONDON_OPEN
1705,600,0.0,16200,LONDON_OPEN
1710,600,0.0,16200,LONDON_OPEN
1715,600,0.0,16200,LONDON_OPEN
1720,600,0.0,16200,LONDON_OPEN
1725,600,0.0,16200,LONDON_OPEN
1730,600,0.0,16200,LONDON_OPEN
1735,600,0.0,16200,LONDON_OPEN
1740,600,0.0,16200,LONDON_OPEN
1745,600,0.0,16200,LONDON_OPEN
1750,600,0.0,16200,LONDON_OPEN
1755,600,0.0,16200,LONDON_OPEN
1760,600,0.0,16200,LONDON_OPEN
1765,600,0.0,16200,LONDON_OPEN
1770,600,0.0,16200,LONDON_OPEN
1775,600,0.0,16200,LONDON_OPEN
1780,600,0.0,16200,LONDON_OPEN
1785,600,0.0,16200,LONDON_OPEN
1790,600,0.0,16200,LONDON_OPEN
1795,600,0.0,16200,LONDON_OPEN
1800,600,0.0,16200,LONDON_OPEN
1805,600,0.0,16200,LONDON_OPEN
1810,600,0.0,16200,LONDON_OPEN
1815,600,0.0,16200,LONDON_OPEN
1820,600,0.0,16200,LONDON_OPEN
1825,600,0.0,16200,LONDON_OPEN
1830,600,0.0,16200,LONDON_OPEN
1835,600,0.0,16200,LONDON_OPEN
1840,600,0.0,16200,LONDON_OPEN
1845,600,0.0,16200,LONDON_OPEN
1850,600,0.0,16200,LONDON_OPEN
1855,600,0.0,16200,LONDON_OPEN
1860,600,0.0,16200,LONDON_OPEN
1865,600,0.0,16200,LONDON_OPEN
1870,600,0.0,16200,LONDON_OPEN
1875,600,0.0,16200,LONDON_OPEN
1880,600,0.0,16200,LONDON_OPEN
1885,600,0.0,16200,LONDON_OPEN
1890,600,0.0,16200,LONDON_OPEN
1895,600,0.0,16200,LONDON_OPEN
1900,600,0.0,16200,LONDON_OPEN
1905,600,0.0,16200,LONDON_OPEN
1910,600,0.0,16200,LONDON_OPEN
1915,600,0.0,16200,LONDON_OPEN
1920,600,0.0,16200,LONDON_OPEN
1925,600,0.0,16200,LONDON_OPEN
1930,600,0.0,16200,LONDON_OPEN
1935,600,0.0,16200,LONDON_OPEN
1940,600,0.0,16200,LONDON_OPEN
1945,600,0.0,16200,LONDON_OPEN
1950,600,0.0,16200,LONDON_OPEN
1955,600,0.0,16200,LONDON_OPEN
1960,600,0.0,16200,LONDON_OPEN
1965,600,0.0,16200,LONDON_OPEN
1970,600,0.0,16200,LONDON_OPEN
1975,600,0.0,16200,LONDON_OPEN
1980,600,0.0,16200,LONDON_OPEN
1985,600,0.0,16200,LONDON_OPEN
1990,600,0.0,16200,LONDON_OPEN
1995,600,0.0,16200,LONDON_OPEN
2000,600,0.0,16200,LONDON_OPEN
50,600,1.0,53820,NY
55,600,1.0,53820,NY
60,600,0.999926,53820,NY
65,600,0.999703,53820,NY
70,600,0.999405,53820,NY
75,600,0.998811,53820,NY
80,600,0.997808,53820,NY
85,600,0.995764,53820,NY
90,600,0.993014,53820,NY
95,600,0.989223,53820,NY
100,600,0.984448,53820,NY
105,600,0.978447,53820,NY
110,600,0.970606,53820,NY
115,600,0.961706,53820,NY
120,600,0.951431,53820,NY
125,600,0.939298,53820,NY
130,600,0.926496,53820,NY
135,600,0.911594,53820,NY
140,600,0.896135,53820,NY
145,600,0.8801,53820,NY
150,600,0.863991,53820,NY
155,600,0.846823,53820,NY
160,600,0.82971,53820,NY
165,600,0.810702,53820,NY
170,600,0.791397,53820,NY
175,600,0.773151,53820,NY
180,600,0.753233,53820,NY
185,600,0.733631,53820,NY
190,600,0.713917,53820,NY
195,600,0.694463,53820,NY
200,600,0.674656,53820,NY
205,600,0.654738,53820,NY
210,600,0.635656,53820,NY
215,600,0.61676,53820,NY
220,600,0.597882,53820,NY
225,600,0.579208,53820,NY
230,600,0.560052,53820,NY
235,600,0.541416,53820,NY
240,600,0.523318,53820,NY
245,600,0.50537,53820,NY
250,600,0.48783,53820,NY
255,600,0.47055,53820,NY
260,600,0.455054,53820,NY
265,600,0.438833,53820,NY
270,600,0.423579,53820,NY
275,600,0.408045,53820,NY
280,600,0.393497,53820,NY
285,600,0.378855,53820,NY
290,600,0.363973,53820,NY
295,600,0.35039,53820,NY
300,600,0.337124,53820,NY
305,600,0.324415,53820,NY
310,600,0.312152,53820,NY
315,600,0.299591,53820,NY
320,600,0.288239,53820,NY
325,600,0.276403,53820,NY
330,600,0.265478,53820,NY
335,600,0.25511,53820,NY
340,600,0.245281,53820,NY
345,600,0.234894,53820,NY
350,600,0.225158,53820,NY
355,600,0.215087,53820,NY
360,600,0.206633,53820,NY
365,600,0.198328,53820,NY
370,600,0.189985,53820,NY
375,600,0.182088,53820,NY
380,600,0.174359,53820,NY
385,600,0.166537,53820,NY
390,600,0.158956,53820,NY
395,600,0.151914,53820,NY
400,600,0.145373,53820,NY
405,600,0.139223,53820,NY
410,600,0.132702,53820,NY
415,600,0.126904,53820,NY
420,600,0.121145,53820,NY
425,600,0.115292,53820,NY
430,600,0.109755,53820,NY
435,600,0.10511,53820,NY
440,600,0.100725,53820,NY
445,600,0.096154,53820,NY
450,600,0.091081,53820,NY
455,600,0.086957,53820,NY
460,600,0.083166,53820,NY
465,600,0.079171,53820,NY
470,600,0.075381,53820,NY
475,600,0.071739,53820,NY
480,600,0.068153,53820,NY
485,600,0.064753,53820,NY
490,600,0.06126,53820,NY
495,600,0.058213,53820,NY
500,600,0.055425,53820,NY
505,600,0.05275,53820,NY
510,600,0.050167,53820,NY
515,600,0.047938,53820,NY
520,600,0.045615,53820,NY
525,600,0.04359,53820,NY
530,600,0.04136,53820,NY
535,600,0.039483,53820,NY
540,600,0.037551,53820,NY
545,600,0.035619,53820,NY
550,600,0.033872,53820,NY
555,600,0.0322,53820,NY
560,600,0.031122,53820,NY
565,600,0.029654,53820,NY
570,600,0.028224,53820,NY
575,600,0.02683,53820,NY
580,600,0.025214,53820,NY
585,600,0.02382,53820,NY
590,600,0.022445,53820,NY
595,600,0.021219,53820,NY
600,600,0.020271,53820,NY
605,600,0.019138,53820,NY
610,600,0.018283,53820,NY
615,600,0.017094,53820,NY
620,600,0.016109,53820,NY
625,600,0.015217,53820,NY
630,600,0.014381,53820,NY
635,600,0.013564,53820,NY
640,600,0.012913,53820,NY
645,600,0.012152,53820,NY
650,600,0.011669,53820,NY
655,600,0.010795,53820,NY
660,600,0.010201,53820,NY
665,600,0.009773,53820,NY
670,600,0.00916,53820,NY
675,600,0.008473,53820,NY
680,600,0.007915,53820,NY
685,600,0.007488,53820,NY
690,600,0.007191,53820,NY
695,600,0.006856,53820,NY
700,600,0.006429,53820,NY
705,600,0.005909,53820,NY
710,600,0.005611,53820,NY
715,600,0.005351,53820,NY
720,600,0.005035,53820,NY
725,600,0.004757,53820,NY
730,600,0.004478,53820,NY
735,600,0.004199,53820,NY
740,600,0.003883,53820,NY
745,600,0.003679,53820,NY
750,600,0.003493,53820,NY
755,600,0.003307,53820,NY
760,600,0.003122,53820,NY
765,600,0.002917,53820,NY
770,600,0.002713,53820,NY
775,600,0.00262,53820,NY
780,600,0.002471,53820,NY
785,600,0.002211,53820,NY
790,600,0.002025,53820,NY
795,600,0.001932,53820,NY
800,600,0.001691,53820,NY
805,600,0.001635,53820,NY
810,600,0.001542,53820,NY
815,600,0.001431,53820,NY
820,600,0.001338,53820,NY
825,600,0.001319,53820,NY
830,600,0.001226,53820,NY
835,600,0.001152,53820,NY
840,600,0.001096,53820,NY
845,600,0.001003,53820,NY
850,600,0.000985,53820,NY
855,600,0.000966,53820,NY
860,600,0.000855,53820,NY
865,600,0.00078,53820,NY
870,600,0.00078,53820,NY
875,600,0.00078,53820,NY
880,600,0.000706,53820,NY
885,600,0.000669,53820,NY
890,600,0.00065,53820,NY
895,600,0.000595,53820,NY
900,600,0.000557,53820,NY
905,600,0.000557,53820,NY
910,600,0.000557,53820,NY
915,600,0.000557,53820,NY
920,600,0.00052,53820,NY
925,600,0.000446,53820,NY
930,600,0.000409,53820,NY
935,600,0.000409,53820,NY
940,600,0.000372,53820,NY
945,600,0.000353,53820,NY
950,600,0.000334,53820,NY
955,600,0.000316,53820,NY
960,600,0.000279,53820,NY
965,600,0.000242,53820,NY
970,600,0.000223,53820,NY
975,600,0.000204,53820,NY
980,600,0.000204,53820,NY
985,600,0.000186,53820,NY
990,600,0.000167,53820,NY
995,600,0.000167,53820,NY
1000,600,0.000167,53820,NY
1005,600,0.000149,53820,NY
1010,600,0.000149,53820,NY
1015,600,0.00013,53820,NY
1020,600,0.000111,53820,NY
1025,600,0.000111,53820,NY
1030,600,9.3e-05,53820,NY
1035,600,7.4e-05,53820,NY
1040,600,7.4e-05,53820,NY
1045,600,7.4e-05,53820,NY
1050,600,7.4e-05,53820,NY
1055,600,7.4e-05,53820,NY
1060,600,5.6e-05,53820,NY
1065,600,5.6e-05,53820,NY
1070,600,5.6e-05,53820,NY
1075,600,5.6e-05,53820,NY
1080,600,5.6e-05,53820,NY
1085,600,5.6e-05,53820,NY
1090,600,5.6e-05,53820,NY
1095,600,5.6e-05,53820,NY
1100,600,5.6e-05,53820,NY
1105,600,5.6e-05,53820,NY
1110,600,3.7e-05,53820,NY
1115,600,3.7e-05,53820,NY
1120,600,3.7e-05,53820,NY
1125,600,3.7e-05,53820,NY
1130,600,3.7e-05,53820,NY
1135,600,3.7e-05,53820,NY
1140,600,3.7e-05,53820,NY
1145,600,3.7e-05,53820,NY
1150,600,3.7e-05,53820,NY
1155,600,3.7e-05,53820,NY
1160,600,3.7e-05,53820,NY
1165,600,1.9e-05,53820,NY
1170,600,1.9e-05,53820,NY
1175,600,0.0,53820,NY
1180,600,0.0,53820,NY
1185,600,0.0,53820,NY
1190,600,0.0,53820,NY
1195,600,0.0,53820,NY
1200,600,0.0,53820,NY
1205,600,0.0,53820,NY
1210,600,0.0,53820,NY
1215,600,0.0,53820,NY
1220,600,0.0,53820,NY
1225,600,0.0,53820,NY
1230,600,0.0,53820,NY
1235,600,0.0,53820,NY
1240,600,0.0,53820,NY
1245,600,0.0,53820,NY
1250,600,0.0,53820,NY
1255,600,0.0,53820,NY
1260,600,0.0,53820,NY
1265,600,0.0,53820,NY
1270,600,0.0,53820,NY
1275,600,0.0,53820,NY
1280,600,0.0,53820,NY
1285,600,0.0,53820,NY
1290,600,0.0,53820,NY
1295,600,0.0,53820,NY
1300,600,0.0,53820,NY
1305,600,0.0,53820,NY
1310,600,0.0,53820,NY
1315,600,0.0,53820,NY
1320,600,0.0,53820,NY
1325,600,0.0,53820,NY
1330,600,0.0,53820,NY
1335,600,0.0,53820,NY
1340,600,0.0,53820,NY
1345,600,0.0,53820,NY
1350,600,0.0,53820,NY
1355,600,0.0,53820,NY
1360,600,0.0,53820,NY
1365,600,0.0,53820,NY
1370,600,0.0,53820,NY
1375,600,0.0,53820,NY
1380,600,0.0,53820,NY
1385,600,0.0,53820,NY
1390,600,0.0,53820,NY
1395,600,0.0,53820,NY
1400,600,0.0,53820,NY
1405,600,0.0,53820,NY
1410,600,0.0,53820,NY
1415,600,0.0,53820,NY
1420,600,0.0,53820,NY
1425,600,0.0,53820,NY
1430,600,0.0,53820,NY
1435,600,0.0,53820,NY
1440,600,0.0,53820,NY
1445,600,0.0,53820,NY
1450,600,0.0,53820,NY
1455,600,0.0,53820,NY
1460,600,0.0,53820,NY
1465,600,0.0,53820,NY
1470,600,0.0,53820,NY
1475,600,0.0,53820,NY
1480,600,0.0,53820,NY
1485,600,0.0,53820,NY
1490,600,0.0,53820,NY
1495,600,0.0,53820,NY
1500,600,0.0,53820,NY
1505,600,0.0,53820,NY
1510,600,0.0,53820,NY
1515,600,0.0,53820,NY
1520,600,0.0,53820,NY
1525,600,0.0,53820,NY
1530,600,0.0,53820,NY
1535,600,0.0,53820,NY
1540,600,0.0,53820,NY
1545,600,0.0,53820,NY
1550,600,0.0,53820,NY
1555,600,0.0,53820,NY
1560,600,0.0,53820,NY
1565,600,0.0,53820,NY
1570,600,0.0,53820,NY
1575,600,0.0,53820,NY
1580,600,0.0,53820,NY
1585,600,0.0,53820,NY
1590,600,0.0,53820,NY
1595,600,0.0,53820,NY
1600,600,0.0,53820,NY
1605,600,0.0,53820,NY
1610,600,0.0,53820,NY
1615,600,0.0,53820,NY
1620,600,0.0,53820,NY
1625,600,0.0,53820,NY
1630,600,0.0,53820,NY
1635,600,0.0,53820,NY
1640,600,0.0,53820,NY
1645,600,0.0,53820,NY
1650,600,0.0,53820,NY
1655,600,0.0,53820,NY
1660,600,0.0,53820,NY
1665,600,0.0,53820,NY
1670,600,0.0,53820,NY
1675,600,0.0,53820,NY
1680,600,0.0,53820,NY
1685,600,0.0,53820,NY
1690,600,0.0,53820,NY
1695,600,0.0,53820,NY
1700,600,0.0,53820,NY
1705,600,0.0,53820,NY
1710,600,0.0,53820,NY
1715,600,0.0,53820,NY
1720,600,0.0,53820,NY
1725,600,0.0,53820,NY
1730,600,0.0,53820,NY
1735,600,0.0,53820,NY
1740,600,0.0,53820,NY
1745,600,0.0,53820,NY
1750,600,0.0,53820,NY
1755,600,0.0,53820,NY
1760,600,0.0,53820,NY
1765,600,0.0,53820,NY
1770,600,0.0,53820,NY
1775,600,0.0,53820,NY
1780,600,0.0,53820,NY
1785,600,0.0,53820,NY
1790,600,0.0,53820,NY
1795,600,0.0,53820,NY
1800,600,0.0,53820,NY
1805,600,0.0,53820,NY
1810,600,0.0,53820,NY
1815,600,0.0,53820,NY
1820,600,0.0,53820,NY
1825,600,0.0,53820,NY
1830,600,0.0,53820,NY
1835,600,0.0,53820,NY
1840,600,0.0,53820,NY
1845,600,0.0,53820,NY
1850,600,0.0,53820,NY
1855,600,0.0,53820,NY
1860,600,0.0,53820,NY
1865,600,0.0,53820,NY
1870,600,0.0,53820,NY
1875,600,0.0,53820,NY
1880,600,0.0,53820,NY
1885,600,0.0,53820,NY
1890,600,0.0,53820,NY
1895,600,0.0,53820,NY
1900,600,0.0,53820,NY
1905,600,0.0,53820,NY
1910,600,0.0,53820,NY
1915,600,0.0,53820,NY
1920,600,0.0,53820,NY
1925,600,0.0,53820,NY
1930,600,0.0,53820,NY
1935,600,0.0,53820,NY
1940,600,0.0,53820,NY
1945,600,0.0,53820,NY
1950,600,0.0,53820,NY
1955,600,0.0,53820,NY
1960,600,0.0,53820,NY
1965,600,0.0,53820,NY
1970,600,0.0,53820,NY
1975,600,0.0,53820,NY
1980,600,0.0,53820,NY
1985,600,0.0,53820,NY
1990,600,0.0,53820,NY
1995,600,0.0,53820,NY
2000,600,0.0,53820,NY
50,600,1.0,10800,NY_CLOSE
55,600,1.0,10800,NY_CLOSE
60,600,0.999907,10800,NY_CLOSE
65,600,0.999259,10800,NY_CLOSE
70,600,0.998241,10800,NY_CLOSE
75,600,0.996481,10800,NY_CLOSE
80,600,0.9925,10800,NY_CLOSE
85,600,0.988519,10800,NY_CLOSE
90,600,0.983704,10800,NY_CLOSE
95,600,0.976852,10800,NY_CLOSE
100,600,0.96787,10800,NY_CLOSE
105,600,0.958796,10800,NY_CLOSE
110,600,0.945093,10800,NY_CLOSE
115,600,0.928148,10800,NY_CLOSE
120,600,0.912685,10800,NY_CLOSE
125,600,0.894259,10800,NY_CLOSE
130,600,0.875,10800,NY_CLOSE
135,600,0.855185,10800,NY_CLOSE
140,600,0.834907,10800,NY_CLOSE
145,600,0.814907,10800,NY_CLOSE
150,600,0.795463,10800,NY_CLOSE
155,600,0.774537,10800,NY_CLOSE
160,600,0.753981,10800,NY_CLOSE
165,600,0.731296,10800,NY_CLOSE
170,600,0.710278,10800,NY_CLOSE
175,600,0.686667,10800,NY_CLOSE
180,600,0.666481,10800,NY_CLOSE
185,600,0.641667,10800,NY_CLOSE
190,600,0.622963,10800,NY_CLOSE
195,600,0.601759,10800,NY_CLOSE
200,600,0.579815,10800,NY_CLOSE
205,600,0.56,10800,NY_CLOSE
210,600,0.540463,10800,NY_CLOSE
215,600,0.521944,10800,NY_CLOSE
220,600,0.50037,10800,NY_CLOSE
225,600,0.481111,10800,NY_CLOSE
230,600,0.464259,10800,NY_CLOSE
235,600,0.445926,10800,NY_CLOSE
240,600,0.428241,10800,NY_CLOSE
245,600,0.41,10800,NY_CLOSE
250,600,0.391944,10800,NY_CLOSE
255,600,0.376852,10800,NY_CLOSE
260,600,0.359074,10800,NY_CLOSE
265,600,0.346389,10800,NY_CLOSE
270,600,0.33213,10800,NY_CLOSE
275,600,0.316296,10800,NY_CLOSE
280,600,0.299722,10800,NY_CLOSE
285,600,0.286389,10800,NY_CLOSE
290,600,0.271204,10800,NY_CLOSE
295,600,0.258611,10800,NY_CLOSE
300,600,0.245926,10800,NY_CLOSE
305,600,0.231481,10800,NY_CLOSE
310,600,0.221111,10800,NY_CLOSE
315,600,0.209259,10800,NY_CLOSE
320,600,0.198611,10800,NY_CLOSE
325,600,0.188333,10800,NY_CLOSE
330,600,0.178333,10800,NY_CLOSE
335,600,0.169537,10800,NY_CLOSE
340,600,0.16213,10800,NY_CLOSE
345,600,0.153519,10800,NY_CLOSE
350,600,0.145278,10800,NY_CLOSE
355,600,0.137778,10800,NY_CLOSE
360,600,0.132037,10800,NY_CLOSE
365,600,0.125648,10800,NY_CLOSE
370,600,0.119074,10800,NY_CLOSE
375,600,0.113056,10800,NY_CLOSE
380,600,0.108426,10800,NY_CLOSE
385,600,0.103056,10800,NY_CLOSE
390,600,0.098519,10800,NY_CLOSE
395,600,0.093519,10800,NY_CLOSE
400,600,0.087685,10800,NY_CLOSE
405,600,0.082963,10800,NY_CLOSE
410,600,0.078611,10800,NY_CLOSE
415,600,0.073889,10800,NY_CLOSE
420,600,0.070741,10800,NY_CLOSE
425,600,0.066481,10800,NY_CLOSE
430,600,0.062037,10800,NY_CLOSE
435,600,0.058611,10800,NY_CLOSE
440,600,0.055741,10800,NY_CLOSE
445,600,0.0525,10800,NY_CLOSE
450,600,0.049074,10800,NY_CLOSE
455,600,0.046852,10800,NY_CLOSE
460,600,0.044074,10800,NY_CLOSE
465,600,0.041111,10800,NY_CLOSE
470,600,0.038611,10800,NY_CLOSE
475,600,0.036111,10800,NY_CLOSE
480,600,0.033796,10800,NY_CLOSE
485,600,0.032593,10800,NY_CLOSE
490,600,0.030556,10800,NY_CLOSE
495,600,0.028611,10800,NY_CLOSE
500,600,0.02713,10800,NY_CLOSE
505,600,0.025463,10800,NY_CLOSE
510,600,0.023519,10800,NY_CLOSE
515,600,0.022315,10800,NY_CLOSE
520,600,0.021389,10800,NY_CLOSE
525,600,0.020463,10800,NY_CLOSE
530,600,0.018889,10800,NY_CLOSE
535,600,0.017963,10800,NY_CLOSE
540,600,0.017037,10800,NY_CLOSE
545,600,0.016111,10800,NY_CLOSE
550,600,0.014722,10800,NY_CLOSE
555,600,0.013611,10800,NY_CLOSE
560,600,0.012963,10800,NY_CLOSE
565,600,0.012315,10800,NY_CLOSE
570,600,0.011759,10800,NY_CLOSE
575,600,0.011481,10800,NY_CLOSE
580,600,0.011019,10800,NY_CLOSE
585,600,0.010741,10800,NY_CLOSE
590,600,0.01037,10800,NY_CLOSE
595,600,0.009815,10800,NY_CLOSE
600,600,0.009259,10800,NY_CLOSE
605,600,0.008796,10800,NY_CLOSE
610,600,0.008241,10800,NY_CLOSE
615,600,0.00787,10800,NY_CLOSE
620,600,0.007315,10800,NY_CLOSE
625,600,0.006759,10800,NY_CLOSE
630,600,0.006296,10800,NY_CLOSE
635,600,0.005926,10800,NY_CLOSE
640,600,0.005648,10800,NY_CLOSE
645,600,0.005185,10800,NY_CLOSE
650,600,0.005093,10800,NY_CLOSE
655,600,0.004815,10800,NY_CLOSE
660,600,0.004537,10800,NY_CLOSE
665,600,0.004352,10800,NY_CLOSE
670,600,0.004259,10800,NY_CLOSE
675,600,0.003889,10800,NY_CLOSE
680,600,0.003796,10800,NY_CLOSE
685,600,0.003611,10800,NY_CLOSE
690,600,0.003426,10800,NY_CLOSE
695,600,0.003426,10800,NY_CLOSE
700,600,0.003241,10800,NY_CLOSE
705,600,0.003056,10800,NY_CLOSE
710,600,0.00287,10800,NY_CLOSE
715,600,0.002778,10800,NY_CLOSE
720,600,0.002685,10800,NY_CLOSE
725,600,0.002593,10800,NY_CLOSE
730,600,0.002315,10800,NY_CLOSE
735,600,0.001852,10800,NY_CLOSE
740,600,0.001667,10800,NY_CLOSE
745,600,0.001667,10800,NY_CLOSE
750,600,0.001481,10800,NY_CLOSE
755,600,0.001481,10800,NY_CLOSE
760,600,0.001481,10800,NY_CLOSE
765,600,0.001481,10800,NY_CLOSE
770,600,0.001389,10800,NY_CLOSE
775,600,0.001204,10800,NY_CLOSE
780,600,0.001111,10800,NY_CLOSE
785,600,0.001111,10800,NY_CLOSE
790,600,0.001019,10800,NY_CLOSE
795,600,0.001019,10800,NY_CLOSE
800,600,0.001019,10800,NY_CLOSE
805,600,0.000926,10800,NY_CLOSE
810,600,0.000926,10800,NY_CLOSE
815,600,0.000926,10800,NY_CLOSE
820,600,0.000741,10800,NY_CLOSE
825,600,0.000741,10800,NY_CLOSE
830,600,0.000648,10800,NY_CLOSE
835,600,0.000463,10800,NY_CLOSE
840,600,0.000463,10800,NY_CLOSE
845,600,0.00037,10800,NY_CLOSE
850,600,0.00037,10800,NY_CLOSE
855,600,0.00037,10800,NY_CLOSE
860,600,0.00037,10800,NY_CLOSE
865,600,0.00037,10800,NY_CLOSE
870,600,0.00037,10800,NY_CLOSE
875,600,0.00037,10800,NY_CLOSE
880,600,0.00037,10800,NY_CLOSE
885,600,0.00037,10800,NY_CLOSE
890,600,0.00037,10800,NY_CLOSE
895,600,0.00037,10800,NY_CLOSE
900,600,0.00037,10800,NY_CLOSE
905,600,0.00037,10800,NY_CLOSE
910,600,0.000278,10800,NY_CLOSE
915,600,9.3e-05,10800,NY_CLOSE
920,600,0.0,10800,NY_CLOSE
925,600,0.0,10800,NY_CLOSE
930,600,0.0,10800,NY_CLOSE
935,600,0.0,10800,NY_CLOSE
940,600,0.0,10800,NY_CLOSE
945,600,0.0,10800,NY_CLOSE
950,600,0.0,10800,NY_CLOSE
955,600,0.0,10800,NY_CLOSE
960,600,0.0,10800,NY_CLOSE
965,600,0.0,10800,NY_CLOSE
970,600,0.0,10800,NY_CLOSE
975,600,0.0,10800,NY_CLOSE
980,600,0.0,10800,NY_CLOSE
985,600,0.0,10800,NY_CLOSE
990,600,0.0,10800,NY_CLOSE
995,600,0.0,10800,NY_CLOSE
1000,600,0.0,10800,NY_CLOSE
1005,600,0.0,10800,NY_CLOSE
1010,600,0.0,10800,NY_CLOSE
1015,600,0.0,10800,NY_CLOSE
1020,600,0.0,10800,NY_CLOSE
1025,600,0.0,10800,NY_CLOSE
1030,600,0.0,10800,NY_CLOSE
1035,600,0.0,10800,NY_CLOSE
1040,600,0.0,10800,NY_CLOSE
1045,600,0.0,10800,NY_CLOSE
1050,600,0.0,10800,NY_CLOSE
1055,600,0.0,10800,NY_CLOSE
1060,600,0.0,10800,NY_CLOSE
1065,600,0.0,10800,NY_CLOSE
1070,600,0.0,10800,NY_CLOSE
1075,600,0.0,10800,NY_CLOSE
1080,600,0.0,10800,NY_CLOSE
1085,600,0.0,10800,NY_CLOSE
1090,600,0.0,10800,NY_CLOSE
1095,600,0.0,10800,NY_CLOSE
1100,600,0.0,10800,NY_CLOSE
1105,600,0.0,10800,NY_CLOSE
1110,600,0.0,10800,NY_CLOSE
1115,600,0.0,10800,NY_CLOSE
1120,600,0.0,10800,NY_CLOSE
1125,600,0.0,10800,NY_CLOSE
1130,600,0.0,10800,NY_CLOSE
1135,600,0.0,10800,NY_CLOSE
1140,600,0.0,10800,NY_CLOSE
1145,600,0.0,10800,NY_CLOSE
1150,600,0.0,10800,NY_CLOSE
1155,600,0.0,10800,NY_CLOSE
1160,600,0.0,10800,NY_CLOSE
1165,600,0.0,10800,NY_CLOSE
1170,600,0.0,10800,NY_CLOSE
1175,600,0.0,10800,NY_CLOSE
1180,600,0.0,10800,NY_CLOSE
1185,600,0.0,10800,NY_CLOSE
1190,600,0.0,10800,NY_CLOSE
1195,600,0.0,10800,NY_CLOSE
1200,600,0.0,10800,NY_CLOSE
1205,600,0.0,10800,NY_CLOSE
1210,600,0.0,10800,NY_CLOSE
1215,600,0.0,10800,NY_CLOSE
1220,600,0.0,10800,NY_CLOSE
1225,600,0.0,10800,NY_CLOSE
1230,600,0.0,10800,NY_CLOSE
1235,600,0.0,10800,NY_CLOSE
1240,600,0.0,10800,NY_CLOSE
1245,600,0.0,10800,NY_CLOSE
1250,600,0.0,10800,NY_CLOSE
1255,600,0.0,10800,NY_CLOSE
1260,600,0.0,10800,NY_CLOSE
1265,600,0.0,10800,NY_CLOSE
1270,600,0.0,10800,NY_CLOSE
1275,600,0.0,10800,NY_CLOSE
1280,600,0.0,10800,NY_CLOSE
1285,600,0.0,10800,NY_CLOSE
1290,600,0.0,10800,NY_CLOSE
1295,600,0.0,10800,NY_CLOSE
1300,600,0.0,10800,NY_CLOSE
1305,600,0.0,10800,NY_CLOSE
1310,600,0.0,10800,NY_CLOSE
1315,600,0.0,10800,NY_CLOSE
1320,600,0.0,10800,NY_CLOSE
1325,600,0.0,10800,NY_CLOSE
1330,600,0.0,10800,NY_CLOSE
1335,600,0.0,10800,NY_CLOSE
1340,600,0.0,10800,NY_CLOSE
1345,600,0.0,10800,NY_CLOSE
1350,600,0.0,10800,NY_CLOSE
1355,600,0.0,10800,NY_CLOSE
1360,600,0.0,10800,NY_CLOSE
1365,600,0.0,10800,NY_CLOSE
1370,600,0.0,10800,NY_CLOSE
1375,600,0.0,10800,NY_CLOSE
1380,600,0.0,10800,NY_CLOSE
1385,600,0.0,10800,NY_CLOSE
1390,600,0.0,10800,NY_CLOSE
1395,600,0.0,10800,NY_CLOSE
1400,600,0.0,10800,NY_CLOSE
1405,600,0.0,10800,NY_CLOSE
1410,600,0.0,10800,NY_CLOSE
1415,600,0.0,10800,NY_CLOSE
1420,600,0.0,10800,NY_CLOSE
1425,600,0.0,10800,NY_CLOSE
1430,600,0.0,10800,NY_CLOSE
1435,600,0.0,10800,NY_CLOSE
1440,600,0.0,10800,NY_CLOSE
1445,600,0.0,10800,NY_CLOSE
1450,600,0.0,10800,NY_CLOSE
1455,600,0.0,10800,NY_CLOSE
1460,600,0.0,10800,NY_CLOSE
1465,600,0.0,10800,NY_CLOSE
1470,600,0.0,10800,NY_CLOSE
1475,600,0.0,10800,NY_CLOSE
1480,600,0.0,10800,NY_CLOSE
1485,600,0.0,10800,NY_CLOSE
1490,600,0.0,10800,NY_CLOSE
1495,600,0.0,10800,NY_CLOSE
1500,600,0.0,10800,NY_CLOSE
1505,600,0.0,10800,NY_CLOSE
1510,600,0.0,10800,NY_CLOSE
1515,600,0.0,10800,NY_CLOSE
1520,600,0.0,10800,NY_CLOSE
1525,600,0.0,10800,NY_CLOSE
1530,600,0.0,10800,NY_CLOSE
1535,600,0.0,10800,NY_CLOSE
1540,600,0.0,10800,NY_CLOSE
1545,600,0.0,10800,NY_CLOSE
1550,600,0.0,10800,NY_CLOSE
1555,600,0.0,10800,NY_CLOSE
1560,600,0.0,10800,NY_CLOSE
1565,600,0.0,10800,NY_CLOSE
1570,600,0.0,10800,NY_CLOSE
1575,600,0.0,10800,NY_CLOSE
1580,600,0.0,10800,NY_CLOSE
1585,600,0.0,10800,NY_CLOSE
1590,600,0.0,10800,NY_CLOSE
1595,600,0.0,10800,NY_CLOSE
1600,600,0.0,10800,NY_CLOSE
1605,600,0.0,10800,NY_CLOSE
1610,600,0.0,10800,NY_CLOSE
1615,600,0.0,10800,NY_CLOSE
1620,600,0.0,10800,NY_CLOSE
1625,600,0.0,10800,NY_CLOSE
1630,600,0.0,10800,NY_CLOSE
1635,600,0.0,10800,NY_CLOSE
1640,600,0.0,10800,NY_CLOSE
1645,600,0.0,10800,NY_CLOSE
1650,600,0.0,10800,NY_CLOSE
1655,600,0.0,10800,NY_CLOSE
1660,600,0.0,10800,NY_CLOSE
1665,600,0.0,10800,NY_CLOSE
1670,600,0.0,10800,NY_CLOSE
1675,600,0.0,10800,NY_CLOSE
1680,600,0.0,10800,NY_CLOSE
1685,600,0.0,10800,NY_CLOSE
1690,600,0.0,10800,NY_CLOSE
1695,600,0.0,10800,NY_CLOSE
1700,600,0.0,10800,NY_CLOSE
1705,600,0.0,10800,NY_CLOSE
1710,600,0.0,10800,NY_CLOSE
1715,600,0.0,10800,NY_CLOSE
1720,600,0.0,10800,NY_CLOSE
1725,600,0.0,10800,NY_CLOSE
1730,600,0.0,10800,NY_CLOSE
1735,600,0.0,10800,NY_CLOSE
1740,600,0.0,10800,NY_CLOSE
1745,600,0.0,10800,NY_CLOSE
1750,600,0.0,10800,NY_CLOSE
1755,600,0.0,10800,NY_CLOSE
1760,600,0.0,10800,NY_CLOSE
1765,600,0.0,10800,NY_CLOSE
1770,600,0.0,10800,NY_CLOSE
1775,600,0.0,10800,NY_CLOSE
1780,600,0.0,10800,NY_CLOSE
1785,600,0.0,10800,NY_CLOSE
1790,600,0.0,10800,NY_CLOSE
1795,600,0.0,10800,NY_CLOSE
1800,600,0.0,10800,NY_CLOSE
1805,600,0.0,10800,NY_CLOSE
1810,600,0.0,10800,NY_CLOSE
1815,600,0.0,10800,NY_CLOSE
1820,600,0.0,10800,NY_CLOSE
1825,600,0.0,10800,NY_CLOSE
1830,600,0.0,10800,NY_CLOSE
1835,600,0.0,10800,NY_CLOSE
1840,600,0.0,10800,NY_CLOSE
1845,600,0.0,10800,NY_CLOSE
1850,600,0.0,10800,NY_CLOSE
1855,600,0.0,10800,NY_CLOSE
1860,600,0.0,10800,NY_CLOSE
1865,600,0.0,10800,NY_CLOSE
1870,600,0.0,10800,NY_CLOSE
1875,600,0.0,10800,NY_CLOSE
1880,600,0.0,10800,NY_CLOSE
1885,600,0.0,10800,NY_CLOSE
1890,600,0.0,10800,NY_CLOSE
1895,600,0.0,10800,NY_CLOSE
1900,600,0.0,10800,NY_CLOSE
1905,600,0.0,10800,NY_CLOSE
1910,600,0.0,10800,NY_CLOSE
1915,600,0.0,10800,NY_CLOSE
1920,600,0.0,10800,NY_CLOSE
1925,600,0.0,10800,NY_CLOSE
1930,600,0.0,10800,NY_CLOSE
1935,600,0.0,10800,NY_CLOSE
1940,600,0.0,10800,NY_CLOSE
1945,600,0.0,10800,NY_CLOSE
1950,600,0.0,10800,NY_CLOSE
1955,600,0.0,10800,NY_CLOSE
1960,600,0.0,10800,NY_CLOSE
1965,600,0.0,10800,NY_CLOSE
1970,600,0.0,10800,NY_CLOSE
1975,600,0.0,10800,NY_CLOSE
1980,600,0.0,10800,NY_CLOSE
1985,600,0.0,10800,NY_CLOSE
1990,600,0.0,10800,NY_CLOSE
1995,600,0.0,10800,NY_CLOSE
2000,600,0.0,10800,NY_CLOSE
50,600,1.0,10800,NY_OPEN
55,600,1.0,10800,NY_OPEN
60,600,1.0,10800,NY_OPEN
65,600,1.0,10800,NY_OPEN
70,600,1.0,10800,NY_OPEN
75,600,1.0,10800,NY_OPEN
80,600,0.99963,10800,NY_OPEN
85,600,0.999259,10800,NY_OPEN
90,600,0.998889,10800,NY_OPEN
95,600,0.997685,10800,NY_OPEN
100,600,0.996204,10800,NY_OPEN
105,600,0.99463,10800,NY_OPEN
110,600,0.992315,10800,NY_OPEN
115,600,0.988981,10800,NY_OPEN
120,600,0.984259,10800,NY_OPEN
125,600,0.977778,10800,NY_OPEN
130,600,0.970926,10800,NY_OPEN
135,600,0.963426,10800,NY_OPEN
140,600,0.955185,10800,NY_OPEN
145,600,0.944815,10800,NY_OPEN
150,600,0.934074,10800,NY_OPEN
155,600,0.922222,10800,NY_OPEN
160,600,0.909352,10800,NY_OPEN
165,600,0.894815,10800,NY_OPEN
170,600,0.880093,10800,NY_OPEN
175,600,0.863333,10800,NY_OPEN
180,600,0.848333,10800,NY_OPEN
185,600,0.833148,10800,NY_OPEN
190,600,0.816852,10800,NY_OPEN
195,600,0.79787,10800,NY_OPEN
200,600,0.780556,10800,NY_OPEN
205,600,0.762222,10800,NY_OPEN
210,600,0.743981,10800,NY_OPEN
215,600,0.725741,10800,NY_OPEN
220,600,0.708519,10800,NY_OPEN
225,600,0.689907,10800,NY_OPEN
230,600,0.671667,10800,NY_OPEN
235,600,0.654444,10800,NY_OPEN
240,600,0.637407,10800,NY_OPEN
245,600,0.620648,10800,NY_OPEN
250,600,0.605093,10800,NY_OPEN
255,600,0.587037,10800,NY_OPEN
260,600,0.570278,10800,NY_OPEN
265,600,0.55463,10800,NY_OPEN
270,600,0.538056,10800,NY_OPEN
275,600,0.523519,10800,NY_OPEN
280,600,0.510463,10800,NY_OPEN
285,600,0.497593,10800,NY_OPEN
290,600,0.482315,10800,NY_OPEN
295,600,0.468056,10800,NY_OPEN
300,600,0.454444,10800,NY_OPEN
305,600,0.439815,10800,NY_OPEN
310,600,0.429167,10800,NY_OPEN
315,600,0.415463,10800,NY_OPEN
320,600,0.402222,10800,NY_OPEN
325,600,0.38787,10800,NY_OPEN
330,600,0.376667,10800,NY_OPEN
335,600,0.363333,10800,NY_OPEN
340,600,0.352222,10800,NY_OPEN
345,600,0.341204,10800,NY_OPEN
350,600,0.329444,10800,NY_OPEN
355,600,0.32037,10800,NY_OPEN
360,600,0.31,10800,NY_OPEN
365,600,0.300093,10800,NY_OPEN
370,600,0.290463,10800,NY_OPEN
375,600,0.280463,10800,NY_OPEN
380,600,0.271759,10800,NY_OPEN
385,600,0.261481,10800,NY_OPEN
390,600,0.251944,10800,NY_OPEN
395,600,0.244259,10800,NY_OPEN
400,600,0.23713,10800,NY_OPEN
405,600,0.228611,10800,NY_OPEN
410,600,0.221667,10800,NY_OPEN
415,600,0.213796,10800,NY_OPEN
420,600,0.2075,10800,NY_OPEN
425,600,0.199907,10800,NY_OPEN
430,600,0.193704,10800,NY_OPEN
435,600,0.187315,10800,NY_OPEN
440,600,0.182315,10800,NY_OPEN
445,600,0.176111,10800,NY_OPEN
450,600,0.170278,10800,NY_OPEN
455,600,0.163426,10800,NY_OPEN
460,600,0.158241,10800,NY_OPEN
465,600,0.15287,10800,NY_OPEN
470,600,0.148148,10800,NY_OPEN
475,600,0.142963,10800,NY_OPEN
480,600,0.139074,10800,NY_OPEN
485,600,0.134074,10800,NY_OPEN
490,600,0.129167,10800,NY_OPEN
495,600,0.125093,10800,NY_OPEN
500,600,0.120463,10800,NY_OPEN
505,600,0.115648,10800,NY_OPEN
510,600,0.111759,10800,NY_OPEN
515,600,0.1075,10800,NY_OPEN
520,600,0.103704,10800,NY_OPEN
525,600,0.100093,10800,NY_OPEN
530,600,0.097222,10800,NY_OPEN
535,600,0.093704,10800,NY_OPEN
540,600,0.088981,10800,NY_OPEN
545,600,0.084722,10800,NY_OPEN
550,600,0.081481,10800,NY_OPEN
555,600,0.07787,10800,NY_OPEN
560,600,0.074815,10800,NY_OPEN
565,600,0.072778,10800,NY_OPEN
570,600,0.07037,10800,NY_OPEN
575,600,0.066944,10800,NY_OPEN
580,600,0.065556,10800,NY_OPEN
585,600,0.063796,10800,NY_OPEN
590,600,0.060648,10800,NY_OPEN
595,600,0.058056,10800,NY_OPEN
600,600,0.055463,10800,NY_OPEN
605,600,0.053704,10800,NY_OPEN
610,600,0.050093,10800,NY_OPEN
615,600,0.048519,10800,NY_OPEN
620,600,0.045741,10800,NY_OPEN
625,600,0.043148,10800,NY_OPEN
630,600,0.041204,10800,NY_OPEN
635,600,0.039722,10800,NY_OPEN
640,600,0.038333,10800,NY_OPEN
645,600,0.036944,10800,NY_OPEN
650,600,0.034815,10800,NY_OPEN
655,600,0.032315,10800,NY_OPEN
660,600,0.031481,10800,NY_OPEN
665,600,0.030556,10800,NY_OPEN
670,600,0.029722,10800,NY_OPEN
675,600,0.029074,10800,NY_OPEN
680,600,0.0275,10800,NY_OPEN
685,600,0.026481,10800,NY_OPEN
690,600,0.025185,10800,NY_OPEN
695,600,0.024167,10800,NY_OPEN
700,600,0.023333,10800,NY_OPEN
705,600,0.022593,10800,NY_OPEN
710,600,0.021667,10800,NY_OPEN
715,600,0.020926,10800,NY_OPEN
720,600,0.019815,10800,NY_OPEN
725,600,0.019167,10800,NY_OPEN
730,600,0.018519,10800,NY_OPEN
735,600,0.0175,10800,NY_OPEN
740,600,0.016667,10800,NY_OPEN
745,600,0.016296,10800,NY_OPEN
750,600,0.015463,10800,NY_OPEN
755,600,0.015,10800,NY_OPEN
760,600,0.01463,10800,NY_OPEN
765,600,0.013981,10800,NY_OPEN
770,600,0.013241,10800,NY_OPEN
775,600,0.012963,10800,NY_OPEN
780,600,0.012037,10800,NY_OPEN
785,600,0.011574,10800,NY_OPEN
790,600,0.010741,10800,NY_OPEN
795,600,0.009907,10800,NY_OPEN
800,600,0.009352,10800,NY_OPEN
805,600,0.008889,10800,NY_OPEN
810,600,0.008241,10800,NY_OPEN
815,600,0.007963,10800,NY_OPEN
820,600,0.007222,10800,NY_OPEN
825,600,0.006944,10800,NY_OPEN
830,600,0.006944,10800,NY_OPEN
835,600,0.006667,10800,NY_OPEN
840,600,0.006204,10800,NY_OPEN
845,600,0.005833,10800,NY_OPEN
850,600,0.00537,10800,NY_OPEN
855,600,0.005185,10800,NY_OPEN
860,600,0.005093,10800,NY_OPEN
865,600,0.005093,10800,NY_OPEN
870,600,0.005093,10800,NY_OPEN
875,600,0.004907,10800,NY_OPEN
880,600,0.004537,10800,NY_OPEN
885,600,0.003889,10800,NY_OPEN
890,600,0.003519,10800,NY_OPEN
895,600,0.003333,10800,NY_OPEN
900,600,0.003333,10800,NY_OPEN
905,600,0.003241,10800,NY_OPEN
910,600,0.002778,10800,NY_OPEN
915,600,0.002593,10800,NY_OPEN
920,600,0.0025,10800,NY_OPEN
925,600,0.002222,10800,NY_OPEN
930,600,0.002222,10800,NY_OPEN
935,600,0.00213,10800,NY_OPEN
940,600,0.001852,10800,NY_OPEN
945,600,0.001759,10800,NY_OPEN
950,600,0.001667,10800,NY_OPEN
955,600,0.001667,10800,NY_OPEN
960,600,0.001574,10800,NY_OPEN
965,600,0.001389,10800,NY_OPEN
970,600,0.001389,10800,NY_OPEN
975,600,0.001389,10800,NY_OPEN
980,600,0.001389,10800,NY_OPEN
985,600,0.001296,10800,NY_OPEN
990,600,0.001204,10800,NY_OPEN
995,600,0.001019,10800,NY_OPEN
1000,600,0.001019,10800,NY_OPEN
1005,600,0.000833,10800,NY_OPEN
1010,600,0.000741,10800,NY_OPEN
1015,600,0.000741,10800,NY_OPEN
1020,600,0.000741,10800,NY_OPEN
1025,600,0.000741,10800,NY_OPEN
1030,600,0.000741,10800,NY_OPEN
1035,600,0.000741,10800,NY_OPEN
1040,600,0.000741,10800,NY_OPEN
1045,600,0.000648,10800,NY_OPEN
1050,600,0.000648,10800,NY_OPEN
1055,600,0.000648,10800,NY_OPEN
1060,600,0.000556,10800,NY_OPEN
1065,600,0.000556,10800,NY_OPEN
1070,600,0.000556,10800,NY_OPEN
1075,600,0.000556,10800,NY_OPEN
1080,600,0.000556,10800,NY_OPEN
1085,600,0.000556,10800,NY_OPEN
1090,600,0.000556,10800,NY_OPEN
1095,600,0.000556,10800,NY_OPEN
1100,600,0.000556,10800,NY_OPEN
1105,600,0.00037,10800,NY_OPEN
1110,600,0.00037,10800,NY_OPEN
1115,600,0.00037,10800,NY_OPEN
1120,600,0.00037,10800,NY_OPEN
1125,600,0.00037,10800,NY_OPEN
1130,600,0.00037,10800,NY_OPEN
1135,600,0.00037,10800,NY_OPEN
1140,600,0.00037,10800,NY_OPEN
1145,600,0.00037,10800,NY_OPEN
1150,600,0.00037,10800,NY_OPEN
1155,600,0.00037,10800,NY_OPEN
1160,600,0.00037,10800,NY_OPEN
1165,600,0.00037,10800,NY_OPEN
1170,600,0.00037,10800,NY_OPEN
1175,600,0.00037,10800,NY_OPEN
1180,600,0.00037,10800,NY_OPEN
1185,600,0.00037,10800,NY_OPEN
1190,600,0.00037,10800,NY_OPEN
1195,600,0.000278,10800,NY_OPEN
1200,600,0.000185,10800,NY_OPEN
1205,600,0.000185,10800,NY_OPEN
1210,600,0.000185,10800,NY_OPEN
1215,600,0.000185,10800,NY_OPEN
1220,600,0.000185,10800,NY_OPEN
1225,600,0.000185,10800,NY_OPEN
1230,600,0.000185,10800,NY_OPEN
1235,600,0.000185,10800,NY_OPEN
1240,600,0.000185,10800,NY_OPEN
1245,600,0.000185,10800,NY_OPEN
1250,600,0.000185,10800,NY_OPEN
1255,600,0.000185,10800,NY_OPEN
1260,600,0.000185,10800,NY_OPEN
1265,600,0.000185,10800,NY_OPEN
1270,600,9.3e-05,10800,NY_OPEN
1275,600,9.3e-05,10800,NY_OPEN
1280,600,0.0,10800,NY_OPEN
1285,600,0.0,10800,NY_OPEN
1290,600,0.0,10800,NY_OPEN
1295,600,0.0,10800,NY_OPEN
1300,600,0.0,10800,NY_OPEN
1305,600,0.0,10800,NY_OPEN
1310,600,0.0,10800,NY_OPEN
1315,600,0.0,10800,NY_OPEN
1320,600,0.0,10800,NY_OPEN
1325,600,0.0,10800,NY_OPEN
1330,600,0.0,10800,NY_OPEN
1335,600,0.0,10800,NY_OPEN
1340,600,0.0,10800,NY_OPEN
1345,600,0.0,10800,NY_OPEN
1350,600,0.0,10800,NY_OPEN
1355,600,0.0,10800,NY_OPEN
1360,600,0.0,10800,NY_OPEN
1365,600,0.0,10800,NY_OPEN
1370,600,0.0,10800,NY_OPEN
1375,600,0.0,10800,NY_OPEN
1380,600,0.0,10800,NY_OPEN
1385,600,0.0,10800,NY_OPEN
1390,600,0.0,10800,NY_OPEN
1395,600,0.0,10800,NY_OPEN
1400,600,0.0,10800,NY_OPEN
1405,600,0.0,10800,NY_OPEN
1410,600,0.0,10800,NY_OPEN
1415,600,0.0,10800,NY_OPEN
1420,600,0.0,10800,NY_OPEN
1425,600,0.0,10800,NY_OPEN
1430,600,0.0,10800,NY_OPEN
1435,600,0.0,10800,NY_OPEN
1440,600,0.0,10800,NY_OPEN
1445,600,0.0,10800,NY_OPEN
1450,600,0.0,10800,NY_OPEN
1455,600,0.0,10800,NY_OPEN
1460,600,0.0,10800,NY_OPEN
1465,600,0.0,10800,NY_OPEN
1470,600,0.0,10800,NY_OPEN
1475,600,0.0,10800,NY_OPEN
1480,600,0.0,10800,NY_OPEN
1485,600,0.0,10800,NY_OPEN
1490,600,0.0,10800,NY_OPEN
1495,600,0.0,10800,NY_OPEN
1500,600,0.0,10800,NY_OPEN
1505,600,0.0,10800,NY_OPEN
1510,600,0.0,10800,NY_OPEN
1515,600,0.0,10800,NY_OPEN
1520,600,0.0,10800,NY_OPEN
1525,600,0.0,10800,NY_OPEN
1530,600,0.0,10800,NY_OPEN
1535,600,0.0,10800,NY_OPEN
1540,600,0.0,10800,NY_OPEN
1545,600,0.0,10800,NY_OPEN
1550,600,0.0,10800,NY_OPEN
1555,600,0.0,10800,NY_OPEN
1560,600,0.0,10800,NY_OPEN
1565,600,0.0,10800,NY_OPEN
1570,600,0.0,10800,NY_OPEN
1575,600,0.0,10800,NY_OPEN
1580,600,0.0,10800,NY_OPEN
1585,600,0.0,10800,NY_OPEN
1590,600,0.0,10800,NY_OPEN
1595,600,0.0,10800,NY_OPEN
1600,600,0.0,10800,NY_OPEN
1605,600,0.0,10800,NY_OPEN
1610,600,0.0,10800,NY_OPEN
1615,600,0.0,10800,NY_OPEN
1620,600,0.0,10800,NY_OPEN
1625,600,0.0,10800,NY_OPEN
1630,600,0.0,10800,NY_OPEN
1635,600,0.0,10800,NY_OPEN
1640,600,0.0,10800,NY_OPEN
1645,600,0.0,10800,NY_OPEN
1650,600,0.0,10800,NY_OPEN
1655,600,0.0,10800,NY_OPEN
1660,600,0.0,10800,NY_OPEN
1665,600,0.0,10800,NY_OPEN
1670,600,0.0,10800,NY_OPEN
1675,600,0.0,10800,NY_OPEN
1680,600,0.0,10800,NY_OPEN
1685,600,0.0,10800,NY_OPEN
1690,600,0.0,10800,NY_OPEN
1695,600,0.0,10800,NY_OPEN
1700,600,0.0,10800,NY_OPEN
1705,600,0.0,10800,NY_OPEN
1710,600,0.0,10800,NY_OPEN
1715,600,0.0,10800,NY_OPEN
1720,600,0.0,10800,NY_OPEN
1725,600,0.0,10800,NY_OPEN
1730,600,0.0,10800,NY_OPEN
1735,600,0.0,10800,NY_OPEN
1740,600,0.0,10800,NY_OPEN
1745,600,0.0,10800,NY_OPEN
1750,600,0.0,10800,NY_OPEN
1755,600,0.0,10800,NY_OPEN
1760,600,0.0,10800,NY_OPEN
1765,600,0.0,10800,NY_OPEN
1770,600,0.0,10800,NY_OPEN
1775,600,0.0,10800,NY_OPEN
1780,600,0.0,10800,NY_OPEN
1785,600,0.0,10800,NY_OPEN
1790,600,0.0,10800,NY_OPEN
1795,600,0.0,10800,NY_OPEN
1800,600,0.0,10800,NY_OPEN
1805,600,0.0,10800,NY_OPEN
1810,600,0.0,10800,NY_OPEN
1815,600,0.0,10800,NY_OPEN
1820,600,0.0,10800,NY_OPEN
1825,600,0.0,10800,NY_OPEN
1830,600,0.0,10800,NY_OPEN
1835,600,0.0,10800,NY_OPEN
1840,600,0.0,10800,NY_OPEN
1845,600,0.0,10800,NY_OPEN
1850,600,0.0,10800,NY_OPEN
1855,600,0.0,10800,NY_OPEN
1860,600,0.0,10800,NY_OPEN
1865,600,0.0,10800,NY_OPEN
1870,600,0.0,10800,NY_OPEN
1875,600,0.0,10800,NY_OPEN
1880,600,0.0,10800,NY_OPEN
1885,600,0.0,10800,NY_OPEN
1890,600,0.0,10800,NY_OPEN
1895,600,0.0,10800,NY_OPEN
1900,600,0.0,10800,NY_OPEN
1905,600,0.0,10800,NY_OPEN
1910,600,0.0,10800,NY_OPEN
1915,600,0.0,10800,NY_OPEN
1920,600,0.0,10800,NY_OPEN
1925,600,0.0,10800,NY_OPEN
1930,600,0.0,10800,NY_OPEN
1935,600,0.0,10800,NY_OPEN
1940,600,0.0,10800,NY_OPEN
1945,600,0.0,10800,NY_OPEN
1950,600,0.0,10800,NY_OPEN
1955,600,0.0,10800,NY_OPEN
1960,600,0.0,10800,NY_OPEN
1965,600,0.0,10800,NY_OPEN
1970,600,0.0,10800,NY_OPEN
1975,600,0.0,10800,NY_OPEN
1980,600,0.0,10800,NY_OPEN
1985,600,0.0,10800,NY_OPEN
1990,600,0.0,10800,NY_OPEN
1995,600,0.0,10800,NY_OPEN
2000,600,0.0,10800,NY_OPEN
50,600,0.999875,16020,NY_PRE
55,600,0.999875,16020,NY_PRE
60,600,0.99975,16020,NY_PRE
65,600,0.999625,16020,NY_PRE
70,600,0.998939,16020,NY_PRE
75,600,0.997753,16020,NY_PRE
80,600,0.995818,16020,NY_PRE
85,600,0.993134,16020,NY_PRE
90,600,0.988951,16020,NY_PRE
95,600,0.984457,16020,NY_PRE
100,600,0.97834,16020,NY_PRE
105,600,0.971348,16020,NY_PRE
110,600,0.962921,16020,NY_PRE
115,600,0.952185,16020,NY_PRE
120,600,0.939888,16020,NY_PRE
125,600,0.926654,16020,NY_PRE
130,600,0.911111,16020,NY_PRE
135,600,0.893633,16020,NY_PRE
140,600,0.877653,16020,NY_PRE
145,600,0.860112,16020,NY_PRE
150,600,0.841261,16020,NY_PRE
155,600,0.821223,16020,NY_PRE
160,600,0.802247,16020,NY_PRE
165,600,0.783021,16020,NY_PRE
170,600,0.763233,16020,NY_PRE
175,600,0.743758,16020,NY_PRE
180,600,0.724719,16020,NY_PRE
185,600,0.703184,16020,NY_PRE
190,600,0.680025,16020,NY_PRE
195,600,0.657678,16020,NY_PRE
200,600,0.636267,16020,NY_PRE
205,600,0.615605,16020,NY_PRE
210,600,0.59563,16020,NY_PRE
215,600,0.574969,16020,NY_PRE
220,600,0.554432,16020,NY_PRE
225,600,0.535081,16020,NY_PRE
230,600,0.516479,16020,NY_PRE
235,600,0.498315,16020,NY_PRE
240,600,0.481523,16020,NY_PRE
245,600,0.463795,16020,NY_PRE
250,600,0.445131,16020,NY_PRE
255,600,0.428402,16020,NY_PRE
260,600,0.412547,16020,NY_PRE
265,600,0.396692,16020,NY_PRE
270,600,0.38196,16020,NY_PRE
275,600,0.366854,16020,NY_PRE
280,600,0.352809,16020,NY_PRE
285,600,0.339014,16020,NY_PRE
290,600,0.325655,16020,NY_PRE
295,600,0.312484,16020,NY_PRE
300,600,0.299501,16020,NY_PRE
305,600,0.28814,16020,NY_PRE
310,600,0.27628,16020,NY_PRE
315,600,0.26573,16020,NY_PRE
320,600,0.25618,16020,NY_PRE
325,600,0.245568,16020,NY_PRE
330,600,0.233895,16020,NY_PRE
335,600,0.224407,16020,NY_PRE
340,600,0.216042,16020,NY_PRE
345,600,0.206929,16020,NY_PRE
350,600,0.198502,16020,NY_PRE
355,600,0.190012,16020,NY_PRE
360,600,0.181773,16020,NY_PRE
365,600,0.173471,16020,NY_PRE
370,600,0.165543,16020,NY_PRE
375,600,0.156742,16020,NY_PRE
380,600,0.149938,16020,NY_PRE
385,600,0.14407,16020,NY_PRE
390,600,0.137391,16020,NY_PRE
395,600,0.131211,16020,NY_PRE
400,600,0.12397,16020,NY_PRE
405,600,0.118851,16020,NY_PRE
410,600,0.113296,16020,NY_PRE
415,600,0.10774,16020,NY_PRE
420,600,0.102372,16020,NY_PRE
425,600,0.097566,16020,NY_PRE
430,600,0.092572,16020,NY_PRE
435,600,0.088202,16020,NY_PRE
440,600,0.084082,16020,NY_PRE
445,600,0.080212,16020,NY_PRE
450,600,0.076342,16020,NY_PRE
455,600,0.071973,16020,NY_PRE
460,600,0.068227,16020,NY_PRE
465,600,0.064981,16020,NY_PRE
470,600,0.062047,16020,NY_PRE
475,600,0.058989,16020,NY_PRE
480,600,0.055368,16020,NY_PRE
485,600,0.052809,16020,NY_PRE
490,600,0.050499,16020,NY_PRE
495,600,0.04769,16020,NY_PRE
500,600,0.045818,16020,NY_PRE
505,600,0.043695,16020,NY_PRE
510,600,0.041448,16020,NY_PRE
515,600,0.038951,16020,NY_PRE
520,600,0.037016,16020,NY_PRE
525,600,0.035643,16020,NY_PRE
530,600,0.034207,16020,NY_PRE
535,600,0.033333,16020,NY_PRE
540,600,0.031898,16020,NY_PRE
545,600,0.029963,16020,NY_PRE
550,600,0.028714,16020,NY_PRE
555,600,0.027029,16020,NY_PRE
560,600,0.025531,16020,NY_PRE
565,600,0.024594,16020,NY_PRE
570,600,0.022784,16020,NY_PRE
575,600,0.02166,16020,NY_PRE
580,600,0.020724,16020,NY_PRE
585,600,0.019913,16020,NY_PRE
590,600,0.018914,16020,NY_PRE
595,600,0.018102,16020,NY_PRE
600,600,0.017228,16020,NY_PRE
605,600,0.016479,16020,NY_PRE
610,600,0.015605,16020,NY_PRE
615,600,0.014981,16020,NY_PRE
620,600,0.014607,16020,NY_PRE
625,600,0.013858,16020,NY_PRE
630,600,0.013358,16020,NY_PRE
635,600,0.012672,16020,NY_PRE
640,600,0.012235,16020,NY_PRE
645,600,0.011673,16020,NY_PRE
650,600,0.011236,16020,NY_PRE
655,600,0.010737,16020,NY_PRE
660,600,0.009988,16020,NY_PRE
665,600,0.0098,16020,NY_PRE
670,600,0.009238,16020,NY_PRE
675,600,0.008552,16020,NY_PRE
680,600,0.008052,16020,NY_PRE
685,600,0.007615,16020,NY_PRE
690,600,0.007428,16020,NY_PRE
695,600,0.006991,16020,NY_PRE
700,600,0.006492,16020,NY_PRE
705,600,0.005868,16020,NY_PRE
710,600,0.005431,16020,NY_PRE
715,600,0.005119,16020,NY_PRE
720,600,0.004931,16020,NY_PRE
725,600,0.004744,16020,NY_PRE
730,600,0.004494,16020,NY_PRE
735,600,0.00437,16020,NY_PRE
740,600,0.004245,16020,NY_PRE
745,600,0.003808,16020,NY_PRE
750,600,0.00362,16020,NY_PRE
755,600,0.003433,16020,NY_PRE
760,600,0.003371,16020,NY_PRE
765,600,0.003308,16020,NY_PRE
770,600,0.003184,16020,NY_PRE
775,600,0.003184,16020,NY_PRE
780,600,0.002934,16020,NY_PRE
785,600,0.002809,16020,NY_PRE
790,600,0.002684,16020,NY_PRE
795,600,0.002559,16020,NY_PRE
800,600,0.002497,16020,NY_PRE
805,600,0.002434,16020,NY_PRE
810,600,0.002247,16020,NY_PRE
815,600,0.002122,16020,NY_PRE
820,600,0.001998,16020,NY_PRE
825,600,0.001935,16020,NY_PRE
830,600,0.001935,16020,NY_PRE
835,600,0.00181,16020,NY_PRE
840,600,0.001748,16020,NY_PRE
845,600,0.001623,16020,NY_PRE
850,600,0.001436,16020,NY_PRE
855,600,0.001436,16020,NY_PRE
860,600,0.001436,16020,NY_PRE
865,600,0.001436,16020,NY_PRE
870,600,0.001436,16020,NY_PRE
875,600,0.001311,16020,NY_PRE
880,600,0.001311,16020,NY_PRE
885,600,0.001311,16020,NY_PRE
890,600,0.001248,16020,NY_PRE
895,600,0.001248,16020,NY_PRE
900,600,0.001061,16020,NY_PRE
905,600,0.001061,16020,NY_PRE
910,600,0.000936,16020,NY_PRE
915,600,0.000874,16020,NY_PRE
920,600,0.000811,16020,NY_PRE
925,600,0.000811,16020,NY_PRE
930,600,0.000749,16020,NY_PRE
935,600,0.000749,16020,NY_PRE
940,600,0.000749,16020,NY_PRE
945,600,0.000749,16020,NY_PRE
950,600,0.000749,16020,NY_PRE
955,600,0.000749,16020,NY_PRE
960,600,0.000687,16020,NY_PRE
965,600,0.000562,16020,NY_PRE
970,600,0.000562,16020,NY_PRE
975,600,0.000499,16020,NY_PRE
980,600,0.000499,16020,NY_PRE
985,600,0.000375,16020,NY_PRE
990,600,0.000375,16020,NY_PRE
995,600,0.000312,16020,NY_PRE
1000,600,0.00025,16020,NY_PRE
1005,600,0.00025,16020,NY_PRE
1010,600,0.000187,16020,NY_PRE
1015,600,0.000187,16020,NY_PRE
1020,600,0.000187,16020,NY_PRE
1025,600,0.000125,16020,NY_PRE
1030,600,0.000125,16020,NY_PRE
1035,600,0.000125,16020,NY_PRE
1040,600,0.000125,16020,NY_PRE
1045,600,0.000125,16020,NY_PRE
1050,600,0.000125,16020,NY_PRE
1055,600,0.000125,16020,NY_PRE
1060,600,6.2e-05,16020,NY_PRE
1065,600,6.2e-05,16020,NY_PRE
1070,600,6.2e-05,16020,NY_PRE
1075,600,6.2e-05,16020,NY_PRE
1080,600,6.2e-05,16020,NY_PRE
1085,600,6.2e-05,16020,NY_PRE
1090,600,6.2e-05,16020,NY_PRE
1095,600,6.2e-05,16020,NY_PRE
1100,600,6.2e-05,16020,NY_PRE
1105,600,6.2e-05,16020,NY_PRE
1110,600,6.2e-05,16020,NY_PRE
1115,600,6.2e-05,16020,NY_PRE
1120,600,6.2e-05,16020,NY_PRE
1125,600,6.2e-05,16020,NY_PRE
1130,600,6.2e-05,16020,NY_PRE
1135,600,6.2e-05,16020,NY_PRE
1140,600,6.2e-05,16020,NY_PRE
1145,600,6.2e-05,16020,NY_PRE
1150,600,6.2e-05,16020,NY_PRE
1155,600,0.0,16020,NY_PRE
1160,600,0.0,16020,NY_PRE
1165,600,0.0,16020,NY_PRE
1170,600,0.0,16020,NY_PRE
1175,600,0.0,16020,NY_PRE
1180,600,0.0,16020,NY_PRE
1185,600,0.0,16020,NY_PRE
1190,600,0.0,16020,NY_PRE
1195,600,0.0,16020,NY_PRE
1200,600,0.0,16020,NY_PRE
1205,600,0.0,16020,NY_PRE
1210,600,0.0,16020,NY_PRE
1215,600,0.0,16020,NY_PRE
1220,600,0.0,16020,NY_PRE
1225,600,0.0,16020,NY_PRE
1230,600,0.0,16020,NY_PRE
1235,600,0.0,16020,NY_PRE
1240,600,0.0,16020,NY_PRE
1245,600,0.0,16020,NY_PRE
1250,600,0.0,16020,NY_PRE
1255,600,0.0,16020,NY_PRE
1260,600,0.0,16020,NY_PRE
1265,600,0.0,16020,NY_PRE
1270,600,0.0,16020,NY_PRE
1275,600,0.0,16020,NY_PRE
1280,600,0.0,16020,NY_PRE
1285,600,0.0,16020,NY_PRE
1290,600,0.0,16020,NY_PRE
1295,600,0.0,16020,NY_PRE
1300,600,0.0,16020,NY_PRE
1305,600,0.0,16020,NY_PRE
1310,600,0.0,16020,NY_PRE
1315,600,0.0,16020,NY_PRE
1320,600,0.0,16020,NY_PRE
1325,600,0.0,16020,NY_PRE
1330,600,0.0,16020,NY_PRE
1335,600,0.0,16020,NY_PRE
1340,600,0.0,16020,NY_PRE
1345,600,0.0,16020,NY_PRE
1350,600,0.0,16020,NY_PRE
1355,600,0.0,16020,NY_PRE
1360,600,0.0,16020,NY_PRE
1365,600,0.0,16020,NY_PRE
1370,600,0.0,16020,NY_PRE
1375,600,0.0,16020,NY_PRE
1380,600,0.0,16020,NY_PRE
1385,600,0.0,16020,NY_PRE
1390,600,0.0,16020,NY_PRE
1395,600,0.0,16020,NY_PRE
1400,600,0.0,16020,NY_PRE
1405,600,0.0,16020,NY_PRE
1410,600,0.0,16020,NY_PRE
1415,600,0.0,16020,NY_PRE
1420,600,0.0,16020,NY_PRE
1425,600,0.0,16020,NY_PRE
1430,600,0.0,16020,NY_PRE
1435,600,0.0,16020,NY_PRE
1440,600,0.0,16020,NY_PRE
1445,600,0.0,16020,NY_PRE
1450,600,0.0,16020,NY_PRE
1455,600,0.0,16020,NY_PRE
1460,600,0.0,16020,NY_PRE
1465,600,0.0,16020,NY_PRE
1470,600,0.0,16020,NY_PRE
1475,600,0.0,16020,NY_PRE
1480,600,0.0,16020,NY_PRE
1485,600,0.0,16020,NY_PRE
1490,600,0.0,16020,NY_PRE
1495,600,0.0,16020,NY_PRE
1500,600,0.0,16020,NY_PRE
1505,600,0.0,16020,NY_PRE
1510,600,0.0,16020,NY_PRE
1515,600,0.0,16020,NY_PRE
1520,600,0.0,16020,NY_PRE
1525,600,0.0,16020,NY_PRE
1530,600,0.0,16020,NY_PRE
1535,600,0.0,16020,NY_PRE
1540,600,0.0,16020,NY_PRE
1545,600,0.0,16020,NY_PRE
1550,600,0.0,16020,NY_PRE
1555,600,0.0,16020,NY_PRE
1560,600,0.0,16020,NY_PRE
1565,600,0.0,16020,NY_PRE
1570,600,0.0,16020,NY_PRE
1575,600,0.0,16020,NY_PRE
1580,600,0.0,16020,NY_PRE
1585,600,0.0,16020,NY_PRE
1590,600,0.0,16020,NY_PRE
1595,600,0.0,16020,NY_PRE
1600,600,0.0,16020,NY_PRE
1605,600,0.0,16020,NY_PRE
1610,600,0.0,16020,NY_PRE
1615,600,0.0,16020,NY_PRE
1620,600,0.0,16020,NY_PRE
1625,600,0.0,16020,NY_PRE
1630,600,0.0,16020,NY_PRE
1635,600,0.0,16020,NY_PRE
1640,600,0.0,16020,NY_PRE
1645,600,0.0,16020,NY_PRE
1650,600,0.0,16020,NY_PRE
1655,600,0.0,16020,NY_PRE
1660,600,0.0,16020,NY_PRE
1665,600,0.0,16020,NY_PRE
1670,600,0.0,16020,NY_PRE
1675,600,0.0,16020,NY_PRE
1680,600,0.0,16020,NY_PRE
1685,600,0.0,16020,NY_PRE
1690,600,0.0,16020,NY_PRE
1695,600,0.0,16020,NY_PRE
1700,600,0.0,16020,NY_PRE
1705,600,0.0,16020,NY_PRE
1710,600,0.0,16020,NY_PRE
1715,600,0.0,16020,NY_PRE
1720,600,0.0,16020,NY_PRE
1725,600,0.0,16020,NY_PRE
1730,600,0.0,16020,NY_PRE
1735,600,0.0,16020,NY_PRE
1740,600,0.0,16020,NY_PRE
1745,600,0.0,16020,NY_PRE
1750,600,0.0,16020,NY_PRE
1755,600,0.0,16020,NY_PRE
1760,600,0.0,16020,NY_PRE
1765,600,0.0,16020,NY_PRE
1770,600,0.0,16020,NY_PRE
1775,600,0.0,16020,NY_PRE
1780,600,0.0,16020,NY_PRE
1785,600,0.0,16020,NY_PRE
1790,600,0.0,16020,NY_PRE
1795,600,0.0,16020,NY_PRE
1800,600,0.0,16020,NY_PRE
1805,600,0.0,16020,NY_PRE
1810,600,0.0,16020,NY_PRE
1815,600,0.0,16020,NY_PRE
1820,600,0.0,16020,NY_PRE
1825,600,0.0,16020,NY_PRE
1830,600,0.0,16020,NY_PRE
1835,600,0.0,16020,NY_PRE
1840,600,0.0,16020,NY_PRE
1845,600,0.0,16020,NY_PRE
1850,600,0.0,16020,NY_PRE
1855,600,0.0,16020,NY_PRE
1860,600,0.0,16020,NY_PRE
1865,600,0.0,16020,NY_PRE
1870,600,0.0,16020,NY_PRE
1875,600,0.0,16020,NY_PRE
1880,600,0.0,16020,NY_PRE
1885,600,0.0,16020,NY_PRE
1890,600,0.0,16020,NY_PRE
1895,600,0.0,16020,NY_PRE
1900,600,0.0,16020,NY_PRE
1905,600,0.0,16020,NY_PRE
1910,600,0.0,16020,NY_PRE
1915,600,0.0,16020,NY_PRE
1920,600,0.0,16020,NY_PRE
1925,600,0.0,16020,NY_PRE
1930,600,0.0,16020,NY_PRE
1935,600,0.0,16020,NY_PRE
1940,600,0.0,16020,NY_PRE
1945,600,0.0,16020,NY_PRE
1950,600,0.0,16020,NY_PRE
1955,600,0.0,16020,NY_PRE
1960,600,0.0,16020,NY_PRE
1965,600,0.0,16020,NY_PRE
1970,600,0.0,16020,NY_PRE
1975,600,0.0,16020,NY_PRE
1980,600,0.0,16020,NY_PRE
1985,600,0.0,16020,NY_PRE
1990,600,0.0,16020,NY_PRE
1995,600,0.0,16020,NY_PRE
2000,600,0.0,16020,NY_PRE
50,600,1.0,540,UNKNOWN
55,600,1.0,540,UNKNOWN
60,600,1.0,540,UNKNOWN
65,600,1.0,540,UNKNOWN
70,600,1.0,540,UNKNOWN
75,600,0.998148,540,UNKNOWN
80,600,0.998148,540,UNKNOWN
85,600,0.998148,540,UNKNOWN
90,600,0.994444,540,UNKNOWN
95,600,0.987037,540,UNKNOWN
100,600,0.981481,540,UNKNOWN
105,600,0.975926,540,UNKNOWN
110,600,0.968519,540,UNKNOWN
115,600,0.962963,540,UNKNOWN
120,600,0.95,540,UNKNOWN
125,600,0.937037,540,UNKNOWN
130,600,0.922222,540,UNKNOWN
135,600,0.903704,540,UNKNOWN
140,600,0.892593,540,UNKNOWN
145,600,0.875926,540,UNKNOWN
150,600,0.864815,540,UNKNOWN
155,600,0.851852,540,UNKNOWN
160,600,0.82963,540,UNKNOWN
165,600,0.822222,540,UNKNOWN
170,600,0.807407,540,UNKNOWN
175,600,0.790741,540,UNKNOWN
180,600,0.77963,540,UNKNOWN
185,600,0.755556,540,UNKNOWN
190,600,0.731481,540,UNKNOWN
195,600,0.716667,540,UNKNOWN
200,600,0.709259,540,UNKNOWN
205,600,0.687037,540,UNKNOWN
210,600,0.672222,540,UNKNOWN
215,600,0.655556,540,UNKNOWN
220,600,0.633333,540,UNKNOWN
225,600,0.603704,540,UNKNOWN
230,600,0.581481,540,UNKNOWN
235,600,0.564815,540,UNKNOWN
240,600,0.551852,540,UNKNOWN
245,600,0.537037,540,UNKNOWN
250,600,0.514815,540,UNKNOWN
255,600,0.501852,540,UNKNOWN
260,600,0.475926,540,UNKNOWN
265,600,0.459259,540,UNKNOWN
270,600,0.444444,540,UNKNOWN
275,600,0.422222,540,UNKNOWN
280,600,0.403704,540,UNKNOWN
285,600,0.383333,540,UNKNOWN
290,600,0.362963,540,UNKNOWN
295,600,0.355556,540,UNKNOWN
300,600,0.348148,540,UNKNOWN
305,600,0.337037,540,UNKNOWN
310,600,0.331481,540,UNKNOWN
315,600,0.32037,540,UNKNOWN
320,600,0.311111,540,UNKNOWN
325,600,0.3,540,UNKNOWN
330,600,0.288889,540,UNKNOWN
335,600,0.272222,540,UNKNOWN
340,600,0.259259,540,UNKNOWN
345,600,0.244444,540,UNKNOWN
350,600,0.22963,540,UNKNOWN
355,600,0.22037,540,UNKNOWN
360,600,0.205556,540,UNKNOWN
365,600,0.192593,540,UNKNOWN
370,600,0.190741,540,UNKNOWN
375,600,0.17963,540,UNKNOWN
380,600,0.174074,540,UNKNOWN
385,600,0.159259,540,UNKNOWN
390,600,0.15,540,UNKNOWN
395,600,0.144444,540,UNKNOWN
400,600,0.140741,540,UNKNOWN
405,600,0.137037,540,UNKNOWN
410,600,0.125926,540,UNKNOWN
415,600,0.125926,540,UNKNOWN
420,600,0.116667,540,UNKNOWN
425,600,0.111111,540,UNKNOWN
430,600,0.107407,540,UNKNOWN
435,600,0.105556,540,UNKNOWN
440,600,0.105556,540,UNKNOWN
445,600,0.101852,540,UNKNOWN
450,600,0.1,540,UNKNOWN
455,600,0.096296,540,UNKNOWN
460,600,0.090741,540,UNKNOWN
465,600,0.085185,540,UNKNOWN
470,600,0.07963,540,UNKNOWN
475,600,0.074074,540,UNKNOWN
480,600,0.072222,540,UNKNOWN
485,600,0.068519,540,UNKNOWN
490,600,0.064815,540,UNKNOWN
495,600,0.061111,540,UNKNOWN
500,600,0.059259,540,UNKNOWN
505,600,0.053704,540,UNKNOWN
510,600,0.044444,540,UNKNOWN
515,600,0.044444,540,UNKNOWN
520,600,0.042593,540,UNKNOWN
525,600,0.042593,540,UNKNOWN
530,600,0.040741,540,UNKNOWN
535,600,0.037037,540,UNKNOWN
540,600,0.035185,540,UNKNOWN
545,600,0.035185,540,UNKNOWN
550,600,0.035185,540,UNKNOWN
555,600,0.033333,540,UNKNOWN
560,600,0.033333,540,UNKNOWN
565,600,0.02963,540,UNKNOWN
570,600,0.02963,540,UNKNOWN
575,600,0.02963,540,UNKNOWN
580,600,0.027778,540,UNKNOWN
585,600,0.027778,540,UNKNOWN
590,600,0.027778,540,UNKNOWN
595,600,0.027778,540,UNKNOWN
600,600,0.027778,540,UNKNOWN
605,600,0.027778,540,UNKNOWN
610,600,0.02037,540,UNKNOWN
615,600,0.02037,540,UNKNOWN
620,600,0.02037,540,UNKNOWN
625,600,0.02037,540,UNKNOWN
630,600,0.02037,540,UNKNOWN
635,600,0.02037,540,UNKNOWN
640,600,0.02037,540,UNKNOWN
645,600,0.02037,540,UNKNOWN
650,600,0.02037,540,UNKNOWN
655,600,0.018519,540,UNKNOWN
660,600,0.018519,540,UNKNOWN
665,600,0.018519,540,UNKNOWN
670,600,0.018519,540,UNKNOWN
675,600,0.016667,540,UNKNOWN
680,600,0.016667,540,UNKNOWN
685,600,0.014815,540,UNKNOWN
690,600,0.012963,540,UNKNOWN
695,600,0.012963,540,UNKNOWN
700,600,0.012963,540,UNKNOWN
705,600,0.012963,540,UNKNOWN
710,600,0.011111,540,UNKNOWN
715,600,0.011111,540,UNKNOWN
720,600,0.011111,540,UNKNOWN
725,600,0.011111,540,UNKNOWN
730,600,0.009259,540,UNKNOWN
735,600,0.009259,540,UNKNOWN
740,600,0.009259,540,UNKNOWN
745,600,0.009259,540,UNKNOWN
750,600,0.009259,540,UNKNOWN
755,600,0.009259,540,UNKNOWN
760,600,0.009259,540,UNKNOWN
765,600,0.009259,540,UNKNOWN
770,600,0.009259,540,UNKNOWN
775,600,0.009259,540,UNKNOWN
780,600,0.009259,540,UNKNOWN
785,600,0.009259,540,UNKNOWN
790,600,0.009259,540,UNKNOWN
795,600,0.009259,540,UNKNOWN
800,600,0.007407,540,UNKNOWN
805,600,0.007407,540,UNKNOWN
810,600,0.005556,540,UNKNOWN
815,600,0.005556,540,UNKNOWN
820,600,0.005556,540,UNKNOWN
825,600,0.005556,540,UNKNOWN
830,600,0.005556,540,UNKNOWN
835,600,0.005556,540,UNKNOWN
840,600,0.005556,540,UNKNOWN
845,600,0.005556,540,UNKNOWN
850,600,0.005556,540,UNKNOWN
855,600,0.003704,540,UNKNOWN
860,600,0.003704,540,UNKNOWN
865,600,0.003704,540,UNKNOWN
870,600,0.003704,540,UNKNOWN
875,600,0.003704,540,UNKNOWN
880,600,0.003704,540,UNKNOWN
885,600,0.003704,540,UNKNOWN
890,600,0.003704,540,UNKNOWN
895,600,0.003704,540,UNKNOWN
900,600,0.003704,540,UNKNOWN
905,600,0.003704,540,UNKNOWN
910,600,0.003704,540,UNKNOWN
915,600,0.003704,540,UNKNOWN
920,600,0.003704,540,UNKNOWN
925,600,0.003704,540,UNKNOWN
930,600,0.003704,540,UNKNOWN
935,600,0.003704,540,UNKNOWN
940,600,0.001852,540,UNKNOWN
945,600,0.001852,540,UNKNOWN
950,600,0.001852,540,UNKNOWN
955,600,0.001852,540,UNKNOWN
960,600,0.001852,540,UNKNOWN
965,600,0.001852,540,UNKNOWN
970,600,0.001852,540,UNKNOWN
975,600,0.001852,540,UNKNOWN
980,600,0.001852,540,UNKNOWN
985,600,0.001852,540,UNKNOWN
990,600,0.001852,540,UNKNOWN
995,600,0.001852,540,UNKNOWN
1000,600,0.001852,540,UNKNOWN
1005,600,0.001852,540,UNKNOWN
1010,600,0.001852,540,UNKNOWN
1015,600,0.001852,540,UNKNOWN
1020,600,0.001852,540,UNKNOWN
1025,600,0.001852,540,UNKNOWN
1030,600,0.001852,540,UNKNOWN
1035,600,0.001852,540,UNKNOWN
1040,600,0.001852,540,UNKNOWN
1045,600,0.0,540,UNKNOWN
1050,600,0.0,540,UNKNOWN
1055,600,0.0,540,UNKNOWN
1060,600,0.0,540,UNKNOWN
1065,600,0.0,540,UNKNOWN
1070,600,0.0,540,UNKNOWN
1075,600,0.0,540,UNKNOWN
1080,600,0.0,540,UNKNOWN
1085,600,0.0,540,UNKNOWN
1090,600,0.0,540,UNKNOWN
1095,600,0.0,540,UNKNOWN
1100,600,0.0,540,UNKNOWN
1105,600,0.0,540,UNKNOWN
1110,600,0.0,540,UNKNOWN
1115,600,0.0,540,UNKNOWN
1120,600,0.0,540,UNKNOWN
1125,600,0.0,540,UNKNOWN
1130,600,0.0,540,UNKNOWN
1135,600,0.0,540,UNKNOWN
1140,600,0.0,540,UNKNOWN
1145,600,0.0,540,UNKNOWN
1150,600,0.0,540,UNKNOWN
1155,600,0.0,540,UNKNOWN
1160,600,0.0,540,UNKNOWN
1165,600,0.0,540,UNKNOWN
1170,600,0.0,540,UNKNOWN
1175,600,0.0,540,UNKNOWN
1180,600,0.0,540,UNKNOWN
1185,600,0.0,540,UNKNOWN
1190,600,0.0,540,UNKNOWN
1195,600,0.0,540,UNKNOWN
1200,600,0.0,540,UNKNOWN
1205,600,0.0,540,UNKNOWN
1210,600,0.0,540,UNKNOWN
1215,600,0.0,540,UNKNOWN
1220,600,0.0,540,UNKNOWN
1225,600,0.0,540,UNKNOWN
1230,600,0.0,540,UNKNOWN
1235,600,0.0,540,UNKNOWN
1240,600,0.0,540,UNKNOWN
1245,600,0.0,540,UNKNOWN
1250,600,0.0,540,UNKNOWN
1255,600,0.0,540,UNKNOWN
1260,600,0.0,540,UNKNOWN
1265,600,0.0,540,UNKNOWN
1270,600,0.0,540,UNKNOWN
1275,600,0.0,540,UNKNOWN
1280,600,0.0,540,UNKNOWN
1285,600,0.0,540,UNKNOWN
1290,600,0.0,540,UNKNOWN
1295,600,0.0,540,UNKNOWN
1300,600,0.0,540,UNKNOWN
1305,600,0.0,540,UNKNOWN
1310,600,0.0,540,UNKNOWN
1315,600,0.0,540,UNKNOWN
1320,600,0.0,540,UNKNOWN
1325,600,0.0,540,UNKNOWN
1330,600,0.0,540,UNKNOWN
1335,600,0.0,540,UNKNOWN
1340,600,0.0,540,UNKNOWN
1345,600,0.0,540,UNKNOWN
1350,600,0.0,540,UNKNOWN
1355,600,0.0,540,UNKNOWN
1360,600,0.0,540,UNKNOWN
1365,600,0.0,540,UNKNOWN
1370,600,0.0,540,UNKNOWN
1375,600,0.0,540,UNKNOWN
1380,600,0.0,540,UNKNOWN
1385,600,0.0,540,UNKNOWN
1390,600,0.0,540,UNKNOWN
1395,600,0.0,540,UNKNOWN
1400,600,0.0,540,UNKNOWN
1405,600,0.0,540,UNKNOWN
1410,600,0.0,540,UNKNOWN
1415,600,0.0,540,UNKNOWN
1420,600,0.0,540,UNKNOWN
1425,600,0.0,540,UNKNOWN
1430,600,0.0,540,UNKNOWN
1435,600,0.0,540,UNKNOWN
1440,600,0.0,540,UNKNOWN
1445,600,0.0,540,UNKNOWN
1450,600,0.0,540,UNKNOWN
1455,600,0.0,540,UNKNOWN
1460,600,0.0,540,UNKNOWN
1465,600,0.0,540,UNKNOWN
1470,600,0.0,540,UNKNOWN
1475,600,0.0,540,UNKNOWN
1480,600,0.0,540,UNKNOWN
1485,600,0.0,540,UNKNOWN
1490,600,0.0,540,UNKNOWN
1495,600,0.0,540,UNKNOWN
1500,600,0.0,540,UNKNOWN
1505,600,0.0,540,UNKNOWN
1510,600,0.0,540,UNKNOWN
1515,600,0.0,540,UNKNOWN
1520,600,0.0,540,UNKNOWN
1525,600,0.0,540,UNKNOWN
1530,600,0.0,540,UNKNOWN
1535,600,0.0,540,UNKNOWN
1540,600,0.0,540,UNKNOWN
1545,600,0.0,540,UNKNOWN
1550,600,0.0,540,UNKNOWN
1555,600,0.0,540,UNKNOWN
1560,600,0.0,540,UNKNOWN
1565,600,0.0,540,UNKNOWN
1570,600,0.0,540,UNKNOWN
1575,600,0.0,540,UNKNOWN
1580,600,0.0,540,UNKNOWN
1585,600,0.0,540,UNKNOWN
1590,600,0.0,540,UNKNOWN
1595,600,0.0,540,UNKNOWN
1600,600,0.0,540,UNKNOWN
1605,600,0.0,540,UNKNOWN
1610,600,0.0,540,UNKNOWN
1615,600,0.0,540,UNKNOWN
1620,600,0.0,540,UNKNOWN
1625,600,0.0,540,UNKNOWN
1630,600,0.0,540,UNKNOWN
1635,600,0.0,540,UNKNOWN
1640,600,0.0,540,UNKNOWN
1645,600,0.0,540,UNKNOWN
1650,600,0.0,540,UNKNOWN
1655,600,0.0,540,UNKNOWN
1660,600,0.0,540,UNKNOWN
1665,600,0.0,540,UNKNOWN
1670,600,0.0,540,UNKNOWN
1675,600,0.0,540,UNKNOWN
1680,600,0.0,540,UNKNOWN
1685,600,0.0,540,UNKNOWN
1690,600,0.0,540,UNKNOWN
1695,600,0.0,540,UNKNOWN
1700,600,0.0,540,UNKNOWN
1705,600,0.0,540,UNKNOWN
1710,600,0.0,540,UNKNOWN
1715,600,0.0,540,UNKNOWN
1720,600,0.0,540,UNKNOWN
1725,600,0.0,540,UNKNOWN
1730,600,0.0,540,UNKNOWN
1735,600,0.0,540,UNKNOWN
1740,600,0.0,540,UNKNOWN
1745,600,0.0,540,UNKNOWN
1750,600,0.0,540,UNKNOWN
1755,600,0.0,540,UNKNOWN
1760,600,0.0,540,UNKNOWN
1765,600,0.0,540,UNKNOWN
1770,600,0.0,540,UNKNOWN
1775,600,0.0,540,UNKNOWN
1780,600,0.0,540,UNKNOWN
1785,600,0.0,540,UNKNOWN
1790,600,0.0,540,UNKNOWN
1795,600,0.0,540,UNKNOWN
1800,600,0.0,540,UNKNOWN
1805,600,0.0,540,UNKNOWN
1810,600,0.0,540,UNKNOWN
1815,600,0.0,540,UNKNOWN
1820,600,0.0,540,UNKNOWN
1825,600,0.0,540,UNKNOWN
1830,600,0.0,540,UNKNOWN
1835,600,0.0,540,UNKNOWN
1840,600,0.0,540,UNKNOWN
1845,600,0.0,540,UNKNOWN
1850,600,0.0,540,UNKNOWN
1855,600,0.0,540,UNKNOWN
1860,600,0.0,540,UNKNOWN
1865,600,0.0,540,UNKNOWN
1870,600,0.0,540,UNKNOWN
1875,600,0.0,540,UNKNOWN
1880,600,0.0,540,UNKNOWN
1885,600,0.0,540,UNKNOWN
1890,600,0.0,540,UNKNOWN
1895,600,0.0,540,UNKNOWN
1900,600,0.0,540,UNKNOWN
1905,600,0.0,540,UNKNOWN
1910,600,0.0,540,UNKNOWN
1915,600,0.0,540,UNKNOWN
1920,600,0.0,540,UNKNOWN
1925,600,0.0,540,UNKNOWN
1930,600,0.0,540,UNKNOWN
1935,600,0.0,540,UNKNOWN
1940,600,0.0,540,UNKNOWN
1945,600,0.0,540,UNKNOWN
1950,600,0.0,540,UNKNOWN
1955,600,0.0,540,UNKNOWN
1960,600,0.0,540,UNKNOWN
1965,600,0.0,540,UNKNOWN
1970,600,0.0,540,UNKNOWN
1975,600,0.0,540,UNKNOWN
1980,600,0.0,540,UNKNOWN
1985,600,0.0,540,UNKNOWN
1990,600,0.0,540,UNKNOWN
1995,600,0.0,540,UNKNOWN
2000,600,0.0,540,UNKNOWN
50,900,0.999996,259185,ALL
55,900,0.999988,259185,ALL
60,900,0.999938,259185,ALL
65,900,0.99978,259185,ALL
70,900,0.99941,259185,ALL
75,900,0.998777,259185,ALL
80,900,0.997731,259185,ALL
85,900,0.996203,259185,ALL
90,900,0.993823,259185,ALL
95,900,0.990613,259185,ALL
100,900,0.986164,259185,ALL
105,900,0.981064,259185,ALL
110,900,0.974566,259185,ALL
115,900,0.966989,259185,ALL
120,900,0.958177,259185,ALL
125,900,0.948681,259185,ALL
130,900,0.937813,259185,ALL
135,900,0.925671,259185,ALL
140,900,0.913101,259185,ALL
145,900,0.899836,259185,ALL
150,900,0.885962,259185,ALL
155,900,0.87115,259185,ALL
160,900,0.855374,259185,ALL
165,900,0.838756,259185,ALL
170,900,0.82188,259185,ALL
175,900,0.804715,259185,ALL
180,900,0.787438,259185,ALL
185,900,0.769578,259185,ALL
190,900,0.751583,259185,ALL
195,900,0.733866,259185,ALL
200,900,0.715373,259185,ALL
205,900,0.696992,259185,ALL
210,900,0.678994,259185,ALL
215,900,0.66054,259185,ALL
220,900,0.642302,259185,ALL
225,900,0.624577,259185,ALL
230,900,0.606899,259185,ALL
235,900,0.589509,259185,ALL
240,900,0.57217,259185,ALL
245,900,0.555229,259185,ALL
250,900,0.538812,259185,ALL
255,900,0.522908,259185,ALL
260,900,0.506931,259185,ALL
265,900,0.491317,259185,ALL
270,900,0.475653,259185,ALL
275,900,0.460571,259185,ALL
280,900,0.445905,259185,ALL
285,900,0.431707,259185,ALL
290,900,0.417405,259185,ALL
295,900,0.403681,259185,ALL
300,900,0.390273,259185,ALL
305,900,0.377456,259185,ALL
310,900,0.364454,259185,ALL
315,900,0.351992,259185,ALL
320,900,0.340135,259185,ALL
325,900,0.32809,259185,ALL
330,900,0.316693,259185,ALL
335,900,0.305886,259185,ALL
340,900,0.295102,259185,ALL
345,900,0.284804,259185,ALL
350,900,0.274746,259185,ALL
355,900,0.264826,259185,ALL
360,900,0.255624,259185,ALL
365,900,0.246554,259185,ALL
370,900,0.237772,259185,ALL
375,900,0.229083,259185,ALL
380,900,0.221004,259185,ALL
385,900,0.212701,259185,ALL
390,900,0.204842,259185,ALL
395,900,0.197357,259185,ALL
400,900,0.190204,259185,ALL
405,900,0.183329,259185,ALL
410,900,0.176391,259185,ALL
415,900,0.170029,259185,ALL
420,900,0.163979,259185,ALL
425,900,0.157856,259185,ALL
430,900,0.151702,259185,ALL
435,900,0.146023,259185,ALL
440,900,0.140483,259185,ALL
445,900,0.135193,259185,ALL
450,900,0.130166,259185,ALL
455,900,0.125177,259185,ALL
460,900,0.120528,259185,ALL
465,900,0.116037,259185,ALL
470,900,0.111619,259185,ALL
475,900,0.107286,259185,ALL
480,900,0.103092,259185,ALL
485,900,0.099223,259185,ALL
490,900,0.09531,259185,ALL
495,900,0.091807,259185,ALL
500,900,0.088215,259185,ALL
505,900,0.084847,259185,ALL
510,900,0.081397,259185,ALL
515,900,0.078095,259185,ALL
520,900,0.074981,259185,ALL
525,900,0.07201,259185,ALL
530,900,0.069124,259185,ALL
535,900,0.066466,259185,ALL
540,900,0.063931,259185,ALL
545,900,0.061416,259185,ALL
550,900,0.059016,259185,ALL
555,900,0.056465,259185,ALL
560,900,0.054154,259185,ALL
565,900,0.05187,259185,ALL
570,900,0.049825,259185,ALL
575,900,0.047904,259185,ALL
580,900,0.045963,259185,ALL
585,900,0.043969,259185,ALL
590,900,0.042063,259185,ALL
595,900,0.040431,259185,ALL
600,900,0.038702,259185,ALL
605,900,0.037174,259185,ALL
610,900,0.035608,259185,ALL
615,900,0.034088,259185,ALL
620,900,0.032625,259185,ALL
625,900,0.031217,259185,ALL
630,900,0.029793,259185,ALL
635,900,0.02847,259185,ALL
640,900,0.027293,259185,ALL
645,900,0.02614,259185,ALL
650,900,0.024982,259185,ALL
655,900,0.023763,259185,ALL
660,900,0.022725,259185,ALL
665,900,0.021799,259185,ALL
670,900,0.020827,259185,ALL
675,900,0.019882,259185,ALL
680,900,0.019129,259185,ALL
685,900,0.018277,259185,ALL
690,900,0.017543,259185,ALL
695,900,0.016803,259185,ALL
700,900,0.016085,259185,ALL
705,900,0.015356,259185,ALL
710,900,0.014711,259185,ALL
715,900,0.01414,259185,ALL
720,900,0.01362,259185,ALL
725,900,0.013118,259185,ALL
730,900,0.012555,259185,ALL
735,900,0.011968,259185,ALL
740,900,0.011463,259185,ALL
745,900,0.010911,259185,ALL
750,900,0.010467,259185,ALL
755,900,0.009893,259185,ALL
760,900,0.009499,259185,ALL
765,900,0.009032,259185,ALL
770,900,0.008619,259185,ALL
775,900,0.008237,259185,ALL
780,900,0.007832,259185,ALL
785,900,0.007493,259185,ALL
790,900,0.007157,259185,ALL
795,900,0.006818,259185,ALL
800,900,0.006428,259185,ALL
805,900,0.006204,259185,ALL
810,900,0.005884,259185,ALL
815,900,0.005645,259185,ALL
820,900,0.005378,259185,ALL
825,900,0.005112,259185,ALL
830,900,0.004935,259185,ALL
835,900,0.004703,259185,ALL
840,900,0.004522,259185,ALL
845,900,0.004348,259185,ALL
850,900,0.004202,259185,ALL
855,900,0.004009,259185,ALL
860,900,0.003839,259185,ALL
865,900,0.003723,259185,ALL
870,900,0.003569,259185,ALL
875,900,0.003442,259185,ALL
880,900,0.00333,259185,ALL
885,900,0.003183,259185,ALL
890,900,0.003063,259185,ALL
895,900,0.002959,259185,ALL
900,900,0.002824,259185,ALL
905,900,0.002724,259185,ALL
910,900,0.00262,259185,ALL
915,900,0.002539,259185,ALL
920,900,0.002458,259185,ALL
925,900,0.002361,259185,ALL
930,900,0.002222,259185,ALL
935,900,0.002114,259185,ALL
940,900,0.002033,259185,ALL
945,900,0.001952,259185,ALL
950,900,0.001898,259185,ALL
955,900,0.001794,259185,ALL
960,900,0.00169,259185,ALL
965,900,0.001644,259185,ALL
970,900,0.001617,259185,ALL
975,900,0.00152,259185,ALL
980,900,0.001455,259185,ALL
985,900,0.001389,259185,ALL
990,900,0.001327,259185,ALL
995,900,0.001281,259185,ALL
1000,900,0.001238,259185,ALL
1005,900,0.001192,259185,ALL
1010,900,0.001165,259185,ALL
1015,900,0.001119,259185,ALL
1020,900,0.001069,259185,ALL
1025,900,0.001011,259185,ALL
1030,900,0.000968,259185,ALL
1035,900,0.000938,259185,ALL
1040,900,0.000903,259185,ALL
1045,900,0.000872,259185,ALL
1050,900,0.000833,259185,ALL
1055,900,0.000806,259185,ALL
1060,900,0.000779,259185,ALL
1065,900,0.000741,259185,ALL
1070,900,0.000733,259185,ALL
1075,900,0.000721,259185,ALL
1080,900,0.000687,259185,ALL
1085,900,0.000656,259185,ALL
1090,900,0.000637,259185,ALL
1095,900,0.000613,259185,ALL
1100,900,0.000583,259185,ALL
1105,900,0.000559,259185,ALL
1110,900,0.000544,259185,ALL
1115,900,0.000529,259185,ALL
1120,900,0.00049,259185,ALL
1125,900,0.000459,259185,ALL
1130,900,0.000432,259185,ALL
1135,900,0.000417,259185,ALL
1140,900,0.000386,259185,ALL
1145,900,0.000359,259185,ALL
1150,900,0.00034,259185,ALL
1155,900,0.000328,259185,ALL
1160,900,0.000316,259185,ALL
1165,900,0.000305,259185,ALL
1170,900,0.000289,259185,ALL
1175,900,0.000274,259185,ALL
1180,900,0.000262,259185,ALL
1185,900,0.000251,259185,ALL
1190,900,0.000247,259185,ALL
1195,900,0.000228,259185,ALL
1200,900,0.000204,259185,ALL
1205,900,0.000193,259185,ALL
1210,900,0.000177,259185,ALL
1215,900,0.00017,259185,ALL
1220,900,0.000162,259185,ALL
1225,900,0.00015,259185,ALL
1230,900,0.000135,259185,ALL
1235,900,0.000127,259185,ALL
1240,900,0.000127,259185,ALL
1245,900,0.000123,259185,ALL
1250,900,0.00012,259185,ALL
1255,900,0.000116,259185,ALL
1260,900,0.000116,259185,ALL
1265,900,0.0001,259185,ALL
1270,900,9.6e-05,259185,ALL
1275,900,9.6e-05,259185,ALL
1280,900,8.9e-05,259185,ALL
1285,900,8.5e-05,259185,ALL
1290,900,7.3e-05,259185,ALL
1295,900,6.9e-05,259185,ALL
1300,900,6.9e-05,259185,ALL
1305,900,6.6e-05,259185,ALL
1310,900,6.2e-05,259185,ALL
1315,900,5.8e-05,259185,ALL
1320,900,5.8e-05,259185,ALL
1325,900,5e-05,259185,ALL
1330,900,5e-05,259185,ALL
1335,900,4.6e-05,259185,ALL
1340,900,4.2e-05,259185,ALL
1345,900,3.1e-05,259185,ALL
1350,900,2.7e-05,259185,ALL
1355,900,2.3e-05,259185,ALL
1360,900,1.9e-05,259185,ALL
1365,900,1.9e-05,259185,ALL
1370,900,1.9e-05,259185,ALL
1375,900,1.9e-05,259185,ALL
1380,900,1.5e-05,259185,ALL
1385,900,1.5e-05,259185,ALL
1390,900,1.5e-05,259185,ALL
1395,900,1.2e-05,259185,ALL
1400,900,1.2e-05,259185,ALL
1405,900,1.2e-05,259185,ALL
1410,900,1.2e-05,259185,ALL
1415,900,1.2e-05,259185,ALL
1420,900,1.2e-05,259185,ALL
1425,900,8e-06,259185,ALL
1430,900,4e-06,259185,ALL
1435,900,4e-06,259185,ALL
1440,900,4e-06,259185,ALL
1445,900,0.0,259185,ALL
1450,900,0.0,259185,ALL
1455,900,0.0,259185,ALL
1460,900,0.0,259185,ALL
1465,900,0.0,259185,ALL
1470,900,0.0,259185,ALL
1475,900,0.0,259185,ALL
1480,900,0.0,259185,ALL
1485,900,0.0,259185,ALL
1490,900,0.0,259185,ALL
1495,900,0.0,259185,ALL
1500,900,0.0,259185,ALL
1505,900,0.0,259185,ALL
1510,900,0.0,259185,ALL
1515,900,0.0,259185,ALL
1520,900,0.0,259185,ALL
1525,900,0.0,259185,ALL
1530,900,0.0,259185,ALL
1535,900,0.0,259185,ALL
1540,900,0.0,259185,ALL
1545,900,0.0,259185,ALL
1550,900,0.0,259185,ALL
1555,900,0.0,259185,ALL
1560,900,0.0,259185,ALL
1565,900,0.0,259185,ALL
1570,900,0.0,259185,ALL
1575,900,0.0,259185,ALL
1580,900,0.0,259185,ALL
1585,900,0.0,259185,ALL
1590,900,0.0,259185,ALL
1595,900,0.0,259185,ALL
1600,900,0.0,259185,ALL
1605,900,0.0,259185,ALL
1610,900,0.0,259185,ALL
1615,900,0.0,259185,ALL
1620,900,0.0,259185,ALL
1625,900,0.0,259185,ALL
1630,900,0.0,259185,ALL
1635,900,0.0,259185,ALL
1640,900,0.0,259185,ALL
1645,900,0.0,259185,ALL
1650,900,0.0,259185,ALL
1655,900,0.0,259185,ALL
1660,900,0.0,259185,ALL
1665,900,0.0,259185,ALL
1670,900,0.0,259185,ALL
1675,900,0.0,259185,ALL
1680,900,0.0,259185,ALL
1685,900,0.0,259185,ALL
1690,900,0.0,259185,ALL
1695,900,0.0,259185,ALL
1700,900,0.0,259185,ALL
1705,900,0.0,259185,ALL
1710,900,0.0,259185,ALL
1715,900,0.0,259185,ALL
1720,900,0.0,259185,ALL
1725,900,0.0,259185,ALL
1730,900,0.0,259185,ALL
1735,900,0.0,259185,ALL
1740,900,0.0,259185,ALL
1745,900,0.0,259185,ALL
1750,900,0.0,259185,ALL
1755,900,0.0,259185,ALL
1760,900,0.0,259185,ALL
1765,900,0.0,259185,ALL
1770,900,0.0,259185,ALL
1775,900,0.0,259185,ALL
1780,900,0.0,259185,ALL
1785,900,0.0,259185,ALL
1790,900,0.0,259185,ALL
1795,900,0.0,259185,ALL
1800,900,0.0,259185,ALL
1805,900,0.0,259185,ALL
1810,900,0.0,259185,ALL
1815,900,0.0,259185,ALL
1820,900,0.0,259185,ALL
1825,900,0.0,259185,ALL
1830,900,0.0,259185,ALL
1835,900,0.0,259185,ALL
1840,900,0.0,259185,ALL
1845,900,0.0,259185,ALL
1850,900,0.0,259185,ALL
1855,900,0.0,259185,ALL
1860,900,0.0,259185,ALL
1865,900,0.0,259185,ALL
1870,900,0.0,259185,ALL
1875,900,0.0,259185,ALL
1880,900,0.0,259185,ALL
1885,900,0.0,259185,ALL
1890,900,0.0,259185,ALL
1895,900,0.0,259185,ALL
1900,900,0.0,259185,ALL
1905,900,0.0,259185,ALL
1910,900,0.0,259185,ALL
1915,900,0.0,259185,ALL
1920,900,0.0,259185,ALL
1925,900,0.0,259185,ALL
1930,900,0.0,259185,ALL
1935,900,0.0,259185,ALL
1940,900,0.0,259185,ALL
1945,900,0.0,259185,ALL
1950,900,0.0,259185,ALL
1955,900,0.0,259185,ALL
1960,900,0.0,259185,ALL
1965,900,0.0,259185,ALL
1970,900,0.0,259185,ALL
1975,900,0.0,259185,ALL
1980,900,0.0,259185,ALL
1985,900,0.0,259185,ALL
1990,900,0.0,259185,ALL
1995,900,0.0,259185,ALL
2000,900,0.0,259185,ALL
50,900,0.999986,70020,ASIA
55,900,0.999971,70020,ASIA
60,900,0.999829,70020,ASIA
65,900,0.999414,70020,ASIA
70,900,0.998515,70020,ASIA
75,900,0.997058,70020,ASIA
80,900,0.994702,70020,ASIA
85,900,0.991402,70020,ASIA
90,900,0.986304,70020,ASIA
95,900,0.980263,70020,ASIA
100,900,0.971851,70020,ASIA
105,900,0.961968,70020,ASIA
110,900,0.950357,70020,ASIA
115,900,0.937118,70020,ASIA
120,900,0.921437,70020,ASIA
125,900,0.906213,70020,ASIA
130,900,0.889003,70020,ASIA
135,900,0.870308,70020,ASIA
140,900,0.850686,70020,ASIA
145,900,0.830677,70020,ASIA
150,900,0.810583,70020,ASIA
155,900,0.78976,70020,ASIA
160,900,0.768138,70020,ASIA
165,900,0.745987,70020,ASIA
170,900,0.723622,70020,ASIA
175,900,0.702042,70020,ASIA
180,900,0.679763,70020,ASIA
185,900,0.658555,70020,ASIA
190,900,0.637289,70020,ASIA
195,900,0.616138,70020,ASIA
200,900,0.594273,70020,ASIA
205,900,0.572951,70020,ASIA
210,900,0.5517,70020,ASIA
215,900,0.530948,70020,ASIA
220,900,0.510026,70020,ASIA
225,900,0.490617,70020,ASIA
230,900,0.472008,70020,ASIA
235,900,0.453713,70020,ASIA
240,900,0.435518,70020,ASIA
245,900,0.417495,70020,ASIA
250,900,0.400257,70020,ASIA
255,900,0.385204,70020,ASIA
260,900,0.369323,70020,ASIA
265,900,0.354384,70020,ASIA
270,900,0.33926,70020,ASIA
275,900,0.325093,70020,ASIA
280,900,0.312097,70020,ASIA
285,900,0.298872,70020,ASIA
290,900,0.285676,70020,ASIA
295,900,0.273079,70020,ASIA
300,900,0.260611,70020,ASIA
305,900,0.248972,70020,ASIA
310,900,0.236947,70020,ASIA
315,900,0.225978,70020,ASIA
320,900,0.216038,70020,ASIA
325,900,0.205798,70020,ASIA
330,900,0.196415,70020,ASIA
335,900,0.187304,70020,ASIA
340,900,0.178263,70020,ASIA
345,900,0.169552,70020,ASIA
350,900,0.161211,70020,ASIA
355,900,0.153756,70020,ASIA
360,900,0.146272,70020,ASIA
365,900,0.139232,70020,ASIA
370,900,0.132434,70020,ASIA
375,900,0.126178,70020,ASIA
380,900,0.120337,70020,ASIA
385,900,0.114524,70020,ASIA
390,900,0.108569,70020,ASIA
395,900,0.103071,70020,ASIA
400,900,0.098258,70020,ASIA
405,900,0.093373,70020,ASIA
410,900,0.088746,70020,ASIA
415,900,0.084519,70020,ASIA
420,900,0.080506,70020,ASIA
425,900,0.076692,70020,ASIA
430,900,0.072508,70020,ASIA
435,900,0.069095,70020,ASIA
440,900,0.06541,70020,ASIA
445,900,0.062097,70020,ASIA
450,900,0.05924,70020,ASIA
455,900,0.056013,70020,ASIA
460,900,0.053042,70020,ASIA
465,900,0.050386,70020,ASIA
470,900,0.048015,70020,ASIA
475,900,0.045544,70020,ASIA
480,900,0.043288,70020,ASIA
485,900,0.041117,70020,ASIA
490,900,0.039046,70020,ASIA
495,900,0.037346,70020,ASIA
500,900,0.035418,70020,ASIA
505,900,0.033505,70020,ASIA
510,900,0.031348,70020,ASIA
515,900,0.029692,70020,ASIA
520,900,0.027935,70020,ASIA
525,900,0.026378,70020,ASIA
530,900,0.024993,70020,ASIA
535,900,0.02355,70020,ASIA
540,900,0.022065,70020,ASIA
545,900,0.020894,70020,ASIA
550,900,0.019866,70020,ASIA
555,900,0.018823,70020,ASIA
560,900,0.017695,70020,ASIA
565,900,0.016652,70020,ASIA
570,900,0.015895,70020,ASIA
575,900,0.015139,70020,ASIA
580,900,0.014439,70020,ASIA
585,900,0.013525,70020,ASIA
590,900,0.012654,70020,ASIA
595,900,0.011882,70020,ASIA
600,900,0.011368,70020,ASIA
605,900,0.01084,70020,ASIA
610,900,0.010226,70020,ASIA
615,900,0.009597,70020,ASIA
620,900,0.008983,70020,ASIA
625,900,0.008498,70020,ASIA
630,900,0.008141,70020,ASIA
635,900,0.007526,70020,ASIA
640,900,0.006927,70020,ASIA
645,900,0.006584,70020,ASIA
650,900,0.006227,70020,ASIA
655,900,0.005784,70020,ASIA
660,900,0.00547,70020,ASIA
665,900,0.005213,70020,ASIA
670,900,0.004899,70020,ASIA
675,900,0.004442,70020,ASIA
680,900,0.004256,70020,ASIA
685,900,0.004027,70020,ASIA
690,900,0.003813,70020,ASIA
695,900,0.003599,70020,ASIA
700,900,0.003413,70020,ASIA
705,900,0.003242,70020,ASIA
710,900,0.003113,70020,ASIA
715,900,0.002971,70020,ASIA
720,900,0.002899,70020,ASIA
725,900,0.002742,70020,ASIA
730,900,0.002571,70020,ASIA
735,900,0.002442,70020,ASIA
740,900,0.002242,70020,ASIA
745,900,0.001999,70020,ASIA
750,900,0.001885,70020,ASIA
755,900,0.001685,70020,ASIA
760,900,0.001528,70020,ASIA
765,900,0.0014,70020,ASIA
770,900,0.001328,70020,ASIA
775,900,0.001243,70020,ASIA
780,900,0.001143,70020,ASIA
785,900,0.001071,70020,ASIA
790,900,0.001043,70020,ASIA
795,900,0.000971,70020,ASIA
800,900,0.000857,70020,ASIA
805,900,0.000771,70020,ASIA
810,900,0.000728,70020,ASIA
815,900,0.000714,70020,ASIA
820,900,0.000628,70020,ASIA
825,900,0.000571,70020,ASIA
830,900,0.0005,70020,ASIA
835,900,0.000443,70020,ASIA
840,900,0.000428,70020,ASIA
845,900,0.0004,70020,ASIA
850,900,0.0004,70020,ASIA
855,900,0.0004,70020,ASIA
860,900,0.000386,70020,ASIA
865,900,0.000371,70020,ASIA
870,900,0.000328,70020,ASIA
875,900,0.000328,70020,ASIA
880,900,0.0003,70020,ASIA
885,900,0.000286,70020,ASIA
890,900,0.000243,70020,ASIA
895,900,0.000229,70020,ASIA
900,900,0.000229,70020,ASIA
905,900,0.0002,70020,ASIA
910,900,0.000171,70020,ASIA
915,900,0.000157,70020,ASIA
920,900,0.000157,70020,ASIA
925,900,0.000157,70020,ASIA
930,900,0.000157,70020,ASIA
935,900,0.000143,70020,ASIA
940,900,0.000114,70020,ASIA
945,900,0.000114,70020,ASIA
950,900,0.0001,70020,ASIA
955,900,7.1e-05,70020,ASIA
960,900,5.7e-05,70020,ASIA
965,900,5.7e-05,70020,ASIA
970,900,5.7e-05,70020,ASIA
975,900,5.7e-05,70020,ASIA
980,900,5.7e-05,70020,ASIA
985,900,5.7e-05,70020,ASIA
990,900,4.3e-05,70020,ASIA
995,900,2.9e-05,70020,ASIA
1000,900,2.9e-05,70020,ASIA
1005,900,2.9e-05,70020,ASIA
1010,900,2.9e-05,70020,ASIA
1015,900,2.9e-05,70020,ASIA
1020,900,2.9e-05,70020,ASIA
1025,900,2.9e-05,70020,ASIA
1030,900,1.4e-05,70020,ASIA
1035,900,1.4e-05,70020,ASIA
1040,900,1.4e-05,70020,ASIA
1045,900,1.4e-05,70020,ASIA
1050,900,1.4e-05,70020,ASIA
1055,900,1.4e-05,70020,ASIA
1060,900,1.4e-05,70020,ASIA
1065,900,1.4e-05,70020,ASIA
1070,900,1.4e-05,70020,ASIA
1075,900,1.4e-05,70020,ASIA
1080,900,1.4e-05,70020,ASIA
1085,900,1.4e-05,70020,ASIA
1090,900,1.4e-05,70020,ASIA
1095,900,1.4e-05,70020,ASIA
1100,900,1.4e-05,70020,ASIA
1105,900,1.4e-05,70020,ASIA
1110,900,1.4e-05,70020,ASIA
1115,900,1.4e-05,70020,ASIA
1120,900,1.4e-05,70020,ASIA
1125,900,1.4e-05,70020,ASIA
1130,900,1.4e-05,70020,ASIA
1135,900,1.4e-05,70020,ASIA
1140,900,1.4e-05,70020,ASIA
1145,900,1.4e-05,70020,ASIA
1150,900,1.4e-05,70020,ASIA
1155,900,1.4e-05,70020,ASIA
1160,900,1.4e-05,70020,ASIA
1165,900,1.4e-05,70020,ASIA
1170,900,1.4e-05,70020,ASIA
1175,900,1.4e-05,70020,ASIA
1180,900,1.4e-05,70020,ASIA
1185,900,1.4e-05,70020,ASIA
1190,900,1.4e-05,70020,ASIA
1195,900,1.4e-05,70020,ASIA
1200,900,1.4e-05,70020,ASIA
1205,900,1.4e-05,70020,ASIA
1210,900,1.4e-05,70020,ASIA
1215,900,1.4e-05,70020,ASIA
1220,900,1.4e-05,70020,ASIA
1225,900,1.4e-05,70020,ASIA
1230,900,0.0,70020,ASIA
1235,900,0.0,70020,ASIA
1240,900,0.0,70020,ASIA
1245,900,0.0,70020,ASIA
1250,900,0.0,70020,ASIA
1255,900,0.0,70020,ASIA
1260,900,0.0,70020,ASIA
1265,900,0.0,70020,ASIA
1270,900,0.0,70020,ASIA
1275,900,0.0,70020,ASIA
1280,900,0.0,70020,ASIA
1285,900,0.0,70020,ASIA
1290,900,0.0,70020,ASIA
1295,900,0.0,70020,ASIA
1300,900,0.0,70020,ASIA
1305,900,0.0,70020,ASIA
1310,900,0.0,70020,ASIA
1315,900,0.0,70020,ASIA
1320,900,0.0,70020,ASIA
1325,900,0.0,70020,ASIA
1330,900,0.0,70020,ASIA
1335,900,0.0,70020,ASIA
1340,900,0.0,70020,ASIA
1345,900,0.0,70020,ASIA
1350,900,0.0,70020,ASIA
1355,900,0.0,70020,ASIA
1360,900,0.0,70020,ASIA
1365,900,0.0,70020,ASIA
1370,900,0.0,70020,ASIA
1375,900,0.0,70020,ASIA
1380,900,0.0,70020,ASIA
1385,900,0.0,70020,ASIA
1390,900,0.0,70020,ASIA
1395,900,0.0,70020,ASIA
1400,900,0.0,70020,ASIA
1405,900,0.0,70020,ASIA
1410,900,0.0,70020,ASIA
1415,900,0.0,70020,ASIA
1420,900,0.0,70020,ASIA
1425,900,0.0,70020,ASIA
1430,900,0.0,70020,ASIA
1435,900,0.0,70020,ASIA
1440,900,0.0,70020,ASIA
1445,900,0.0,70020,ASIA
1450,900,0.0,70020,ASIA
1455,900,0.0,70020,ASIA
1460,900,0.0,70020,ASIA
1465,900,0.0,70020,ASIA
1470,900,0.0,70020,ASIA
1475,900,0.0,70020,ASIA
1480,900,0.0,70020,ASIA
1485,900,0.0,70020,ASIA
1490,900,0.0,70020,ASIA
1495,900,0.0,70020,ASIA
1500,900,0.0,70020,ASIA
1505,900,0.0,70020,ASIA
1510,900,0.0,70020,ASIA
1515,900,0.0,70020,ASIA
1520,900,0.0,70020,ASIA
1525,900,0.0,70020,ASIA
1530,900,0.0,70020,ASIA
1535,900,0.0,70020,ASIA
1540,900,0.0,70020,ASIA
1545,900,0.0,70020,ASIA
1550,900,0.0,70020,ASIA
1555,900,0.0,70020,ASIA
1560,900,0.0,70020,ASIA
1565,900,0.0,70020,ASIA
1570,900,0.0,70020,ASIA
1575,900,0.0,70020,ASIA
1580,900,0.0,70020,ASIA
1585,900,0.0,70020,ASIA
1590,900,0.0,70020,ASIA
1595,900,0.0,70020,ASIA
1600,900,0.0,70020,ASIA
1605,900,0.0,70020,ASIA
1610,900,0.0,70020,ASIA
1615,900,0.0,70020,ASIA
1620,900,0.0,70020,ASIA
1625,900,0.0,70020,ASIA
1630,900,0.0,70020,ASIA
1635,900,0.0,70020,ASIA
1640,900,0.0,70020,ASIA
1645,900,0.0,70020,ASIA
1650,900,0.0,70020,ASIA
1655,900,0.0,70020,ASIA
1660,900,0.0,70020,ASIA
1665,900,0.0,70020,ASIA
1670,900,0.0,70020,ASIA
1675,900,0.0,70020,ASIA
1680,900,0.0,70020,ASIA
1685,900,0.0,70020,ASIA
1690,900,0.0,70020,ASIA
1695,900,0.0,70020,ASIA
1700,900,0.0,70020,ASIA
1705,900,0.0,70020,ASIA
1710,900,0.0,70020,ASIA
1715,900,0.0,70020,ASIA
1720,900,0.0,70020,ASIA
1725,900,0.0,70020,ASIA
1730,900,0.0,70020,ASIA
1735,900,0.0,70020,ASIA
1740,900,0.0,70020,ASIA
1745,900,0.0,70020,ASIA
1750,900,0.0,70020,ASIA
1755,900,0.0,70020,ASIA
1760,900,0.0,70020,ASIA
1765,900,0.0,70020,ASIA
1770,900,0.0,70020,ASIA
1775,900,0.0,70020,ASIA
1780,900,0.0,70020,ASIA
1785,900,0.0,70020,ASIA
1790,900,0.0,70020,ASIA
1795,900,0.0,70020,ASIA
1800,900,0.0,70020,ASIA
1805,900,0.0,70020,ASIA
1810,900,0.0,70020,ASIA
1815,900,0.0,70020,ASIA
1820,900,0.0,70020,ASIA
1825,900,0.0,70020,ASIA
1830,900,0.0,70020,ASIA
1835,900,0.0,70020,ASIA
1840,900,0.0,70020,ASIA
1845,900,0.0,70020,ASIA
1850,900,0.0,70020,ASIA
1855,900,0.0,70020,ASIA
1860,900,0.0,70020,ASIA
1865,900,0.0,70020,ASIA
1870,900,0.0,70020,ASIA
1875,900,0.0,70020,ASIA
1880,900,0.0,70020,ASIA
1885,900,0.0,70020,ASIA
1890,900,0.0,70020,ASIA
1895,900,0.0,70020,ASIA
1900,900,0.0,70020,ASIA
1905,900,0.0,70020,ASIA
1910,900,0.0,70020,ASIA
1915,900,0.0,70020,ASIA
1920,900,0.0,70020,ASIA
1925,900,0.0,70020,ASIA
1930,900,0.0,70020,ASIA
1935,900,0.0,70020,ASIA
1940,900,0.0,70020,ASIA
1945,900,0.0,70020,ASIA
1950,900,0.0,70020,ASIA
1955,900,0.0,70020,ASIA
1960,900,0.0,70020,ASIA
1965,900,0.0,70020,ASIA
1970,900,0.0,70020,ASIA
1975,900,0.0,70020,ASIA
1980,900,0.0,70020,ASIA
1985,900,0.0,70020,ASIA
1990,900,0.0,70020,ASIA
1995,900,0.0,70020,ASIA
2000,900,0.0,70020,ASIA
50,900,1.0,43200,EU
55,900,1.0,43200,EU
60,900,0.999954,43200,EU
65,900,0.999838,43200,EU
70,900,0.99956,43200,EU
75,900,0.999236,43200,EU
80,900,0.99838,43200,EU
85,900,0.99713,43200,EU
90,900,0.995671,43200,EU
95,900,0.993264,43200,EU
100,900,0.989468,43200,EU
105,900,0.984954,43200,EU
110,900,0.979676,43200,EU
115,900,0.973519,43200,EU
120,900,0.965556,43200,EU
125,900,0.956759,43200,EU
130,900,0.947153,43200,EU
135,900,0.935903,43200,EU
140,900,0.924236,43200,EU
145,900,0.911829,43200,EU
150,900,0.898565,43200,EU
155,900,0.884444,43200,EU
160,900,0.867593,43200,EU
165,900,0.851991,43200,EU
170,900,0.835347,43200,EU
175,900,0.81831,43200,EU
180,900,0.80213,43200,EU
185,900,0.785093,43200,EU
190,900,0.765949,43200,EU
195,900,0.74875,43200,EU
200,900,0.729884,43200,EU
205,900,0.710903,43200,EU
210,900,0.692801,43200,EU
215,900,0.673935,43200,EU
220,900,0.655856,43200,EU
225,900,0.637731,43200,EU
230,900,0.618981,43200,EU
235,900,0.601505,43200,EU
240,900,0.583241,43200,EU
245,900,0.565995,43200,EU
250,900,0.549792,43200,EU
255,900,0.533426,43200,EU
260,900,0.516597,43200,EU
265,900,0.501088,43200,EU
270,900,0.485162,43200,EU
275,900,0.470046,43200,EU
280,900,0.454074,43200,EU
285,900,0.439606,43200,EU
290,900,0.424931,43200,EU
295,900,0.410231,43200,EU
300,900,0.396806,43200,EU
305,900,0.383981,43200,EU
310,900,0.370255,43200,EU
315,900,0.357708,43200,EU
320,900,0.345417,43200,EU
325,900,0.333796,43200,EU
330,900,0.32162,43200,EU
335,900,0.310139,43200,EU
340,900,0.29912,43200,EU
345,900,0.289005,43200,EU
350,900,0.278426,43200,EU
355,900,0.267639,43200,EU
360,900,0.258403,43200,EU
365,900,0.248912,43200,EU
370,900,0.239537,43200,EU
375,900,0.230579,43200,EU
380,900,0.222292,43200,EU
385,900,0.21338,43200,EU
390,900,0.204792,43200,EU
395,900,0.19706,43200,EU
400,900,0.188796,43200,EU
405,900,0.181759,43200,EU
410,900,0.174329,43200,EU
415,900,0.167801,43200,EU
420,900,0.161065,43200,EU
425,900,0.154444,43200,EU
430,900,0.147546,43200,EU
435,900,0.140833,43200,EU
440,900,0.134606,43200,EU
445,900,0.129167,43200,EU
450,900,0.124051,43200,EU
455,900,0.118981,43200,EU
460,900,0.114583,43200,EU
465,900,0.110417,43200,EU
470,900,0.105718,43200,EU
475,900,0.101204,43200,EU
480,900,0.096759,43200,EU
485,900,0.093218,43200,EU
490,900,0.089421,43200,EU
495,900,0.086273,43200,EU
500,900,0.082106,43200,EU
505,900,0.078912,43200,EU
510,900,0.075926,43200,EU
515,900,0.072477,43200,EU
520,900,0.069583,43200,EU
525,900,0.066782,43200,EU
530,900,0.063958,43200,EU
535,900,0.061551,43200,EU
540,900,0.05956,43200,EU
545,900,0.056852,43200,EU
550,900,0.054676,43200,EU
555,900,0.052153,43200,EU
560,900,0.04963,43200,EU
565,900,0.047755,43200,EU
570,900,0.045694,43200,EU
575,900,0.04375,43200,EU
580,900,0.041898,43200,EU
585,900,0.040255,43200,EU
590,900,0.038681,43200,EU
595,900,0.036875,43200,EU
600,900,0.035023,43200,EU
605,900,0.033449,43200,EU
610,900,0.032037,43200,EU
615,900,0.030625,43200,EU
620,900,0.029468,43200,EU
625,900,0.028056,43200,EU
630,900,0.02662,43200,EU
635,900,0.025162,43200,EU
640,900,0.024282,43200,EU
645,900,0.023264,43200,EU
650,900,0.022315,43200,EU
655,900,0.021227,43200,EU
660,900,0.020324,43200,EU
665,900,0.019468,43200,EU
670,900,0.018588,43200,EU
675,900,0.01787,43200,EU
680,900,0.017269,43200,EU
685,900,0.016644,43200,EU
690,900,0.015949,43200,EU
695,900,0.015278,43200,EU
700,900,0.014491,43200,EU
705,900,0.013773,43200,EU
710,900,0.013032,43200,EU
715,900,0.012384,43200,EU
720,900,0.011806,43200,EU
725,900,0.01125,43200,EU
730,900,0.010625,43200,EU
735,900,0.010069,43200,EU
740,900,0.009583,43200,EU
745,900,0.009213,43200,EU
750,900,0.008727,43200,EU
755,900,0.008333,43200,EU
760,900,0.008032,43200,EU
765,900,0.007708,43200,EU
770,900,0.007407,43200,EU
775,900,0.007037,43200,EU
780,900,0.00669,43200,EU
785,900,0.006412,43200,EU
790,900,0.00625,43200,EU
795,900,0.005926,43200,EU
800,900,0.005741,43200,EU
805,900,0.005532,43200,EU
810,900,0.005278,43200,EU
815,900,0.005069,43200,EU
820,900,0.004769,43200,EU
825,900,0.004514,43200,EU
830,900,0.004329,43200,EU
835,900,0.00419,43200,EU
840,900,0.004028,43200,EU
845,900,0.003866,43200,EU
850,900,0.003796,43200,EU
855,900,0.003519,43200,EU
860,900,0.003356,43200,EU
865,900,0.003241,43200,EU
870,900,0.003079,43200,EU
875,900,0.002986,43200,EU
880,900,0.002847,43200,EU
885,900,0.002685,43200,EU
890,900,0.002569,43200,EU
895,900,0.002477,43200,EU
900,900,0.002315,43200,EU
905,900,0.002315,43200,EU
910,900,0.002199,43200,EU
915,900,0.00213,43200,EU
920,900,0.002106,43200,EU
925,900,0.001968,43200,EU
930,900,0.001852,43200,EU
935,900,0.001759,43200,EU
940,900,0.001736,43200,EU
945,900,0.00169,43200,EU
950,900,0.00162,43200,EU
955,900,0.001597,43200,EU
960,900,0.001481,43200,EU
965,900,0.001458,43200,EU
970,900,0.001458,43200,EU
975,900,0.001366,43200,EU
980,900,0.001273,43200,EU
985,900,0.001227,43200,EU
990,900,0.001181,43200,EU
995,900,0.001134,43200,EU
1000,900,0.001134,43200,EU
1005,900,0.001042,43200,EU
1010,900,0.001042,43200,EU
1015,900,0.001019,43200,EU
1020,900,0.000926,43200,EU
1025,900,0.00088,43200,EU
1030,900,0.000856,43200,EU
1035,900,0.000787,43200,EU
1040,900,0.000787,43200,EU
1045,900,0.000741,43200,EU
1050,900,0.000718,43200,EU
1055,900,0.000694,43200,EU
1060,900,0.000671,43200,EU
1065,900,0.000648,43200,EU
1070,900,0.000625,43200,EU
1075,900,0.000602,43200,EU
1080,900,0.000556,43200,EU
1085,900,0.000556,43200,EU
1090,900,0.000532,43200,EU
1095,900,0.000532,43200,EU
1100,900,0.00044,43200,EU
1105,900,0.00044,43200,EU
1110,900,0.00044,43200,EU
1115,900,0.000417,43200,EU
1120,900,0.000394,43200,EU
1125,900,0.000324,43200,EU
1130,900,0.000301,43200,EU
1135,900,0.000301,43200,EU
1140,900,0.000208,43200,EU
1145,900,0.000208,43200,EU
1150,900,0.000208,43200,EU
1155,900,0.000185,43200,EU
1160,900,0.000185,43200,EU
1165,900,0.000185,43200,EU
1170,900,0.000185,43200,EU
1175,900,0.000185,43200,EU
1180,900,0.000185,43200,EU
1185,900,0.000185,43200,EU
1190,900,0.000185,43200,EU
1195,900,0.000139,43200,EU
1200,900,0.000116,43200,EU
1205,900,0.000116,43200,EU
1210,900,0.000116,43200,EU
1215,900,0.000116,43200,EU
1220,900,0.000116,43200,EU
1225,900,6.9e-05,43200,EU
1230,900,4.6e-05,43200,EU
1235,900,2.3e-05,43200,EU
1240,900,2.3e-05,43200,EU
1245,900,2.3e-05,43200,EU
1250,900,2.3e-05,43200,EU
1255,900,2.3e-05,43200,EU
1260,900,2.3e-05,43200,EU
1265,900,2.3e-05,43200,EU
1270,900,2.3e-05,43200,EU
1275,900,2.3e-05,43200,EU
1280,900,0.0,43200,EU
1285,900,0.0,43200,EU
1290,900,0.0,43200,EU
1295,900,0.0,43200,EU
1300,900,0.0,43200,EU
1305,900,0.0,43200,EU
1310,900,0.0,43200,EU
1315,900,0.0,43200,EU
1320,900,0.0,43200,EU
1325,900,0.0,43200,EU
1330,900,0.0,43200,EU
1335,900,0.0,43200,EU
1340,900,0.0,43200,EU
1345,900,0.0,43200,EU
1350,900,0.0,43200,EU
1355,900,0.0,43200,EU
1360,900,0.0,43200,EU
1365,900,0.0,43200,EU
1370,900,0.0,43200,EU
1375,900,0.0,43200,EU
1380,900,0.0,43200,EU
1385,900,0.0,43200,EU
1390,900,0.0,43200,EU
1395,900,0.0,43200,EU
1400,900,0.0,43200,EU
1405,900,0.0,43200,EU
1410,900,0.0,43200,EU
1415,900,0.0,43200,EU
1420,900,0.0,43200,EU
1425,900,0.0,43200,EU
1430,900,0.0,43200,EU
1435,900,0.0,43200,EU
1440,900,0.0,43200,EU
1445,900,0.0,43200,EU
1450,900,0.0,43200,EU
1455,900,0.0,43200,EU
1460,900,0.0,43200,EU
1465,900,0.0,43200,EU
1470,900,0.0,43200,EU
1475,900,0.0,43200,EU
1480,900,0.0,43200,EU
1485,900,0.0,43200,EU
1490,900,0.0,43200,EU
1495,900,0.0,43200,EU
1500,900,0.0,43200,EU
1505,900,0.0,43200,EU
1510,900,0.0,43200,EU
1515,900,0.0,43200,EU
1520,900,0.0,43200,EU
1525,900,0.0,43200,EU
1530,900,0.0,43200,EU
1535,900,0.0,43200,EU
1540,900,0.0,43200,EU
1545,900,0.0,43200,EU
1550,900,0.0,43200,EU
1555,900,0.0,43200,EU
1560,900,0.0,43200,EU
1565,900,0.0,43200,EU
1570,900,0.0,43200,EU
1575,900,0.0,43200,EU
1580,900,0.0,43200,EU
1585,900,0.0,43200,EU
1590,900,0.0,43200,EU
1595,900,0.0,43200,EU
1600,900,0.0,43200,EU
1605,900,0.0,43200,EU
1610,900,0.0,43200,EU
1615,900,0.0,43200,EU
1620,900,0.0,43200,EU
1625,900,0.0,43200,EU
1630,900,0.0,43200,EU
1635,900,0.0,43200,EU
1640,900,0.0,43200,EU
1645,900,0.0,43200,EU
1650,900,0.0,43200,EU
1655,900,0.0,43200,EU
1660,900,0.0,43200,EU
1665,900,0.0,43200,EU
1670,900,0.0,43200,EU
1675,900,0.0,43200,EU
1680,900,0.0,43200,EU
1685,900,0.0,43200,EU
1690,900,0.0,43200,EU
1695,900,0.0,43200,EU
1700,900,0.0,43200,EU
1705,900,0.0,43200,EU
1710,900,0.0,43200,EU
1715,900,0.0,43200,EU
1720,900,0.0,43200,EU
1725,900,0.0,43200,EU
1730,900,0.0,43200,EU
1735,900,0.0,43200,EU
1740,900,0.0,43200,EU
1745,900,0.0,43200,EU
1750,900,0.0,43200,EU
1755,900,0.0,43200,EU
1760,900,0.0,43200,EU
1765,900,0.0,43200,EU
1770,900,0.0,43200,EU
1775,900,0.0,43200,EU
1780,900,0.0,43200,EU
1785,900,0.0,43200,EU
1790,900,0.0,43200,EU
1795,900,0.0,43200,EU
1800,900,0.0,43200,EU
1805,900,0.0,43200,EU
1810,900,0.0,43200,EU
1815,900,0.0,43200,EU
1820,900,0.0,43200,EU
1825,900,0.0,43200,EU
1830,900,0.0,43200,EU
1835,900,0.0,43200,EU
1840,900,0.0,43200,EU
1845,900,0.0,43200,EU
1850,900,0.0,43200,EU
1855,900,0.0,43200,EU
1860,900,0.0,43200,EU
1865,900,0.0,43200,EU
1870,900,0.0,43200,EU
1875,900,0.0,43200,EU
1880,900,0.0,43200,EU
1885,900,0.0,43200,EU
1890,900,0.0,43200,EU
1895,900,0.0,43200,EU
1900,900,0.0,43200,EU
1905,900,0.0,43200,EU
1910,900,0.0,43200,EU
1915,900,0.0,43200,EU
1920,900,0.0,43200,EU
1925,900,0.0,43200,EU
1930,900,0.0,43200,EU
1935,900,0.0,43200,EU
1940,900,0.0,43200,EU
1945,900,0.0,43200,EU
1950,900,0.0,43200,EU
1955,900,0.0,43200,EU
1960,900,0.0,43200,EU
1965,900,0.0,43200,EU
1970,900,0.0,43200,EU
1975,900,0.0,43200,EU
1980,900,0.0,43200,EU
1985,900,0.0,43200,EU
1990,900,0.0,43200,EU
1995,900,0.0,43200,EU
2000,900,0.0,43200,EU
50,900,1.0,37785,EVENING
55,900,0.999974,37785,EVENING
60,900,0.999947,37785,EVENING
65,900,0.999762,37785,EVENING
70,900,0.999259,37785,EVENING
75,900,0.998253,37785,EVENING
80,900,0.996824,37785,EVENING
85,900,0.994654,37785,EVENING
90,900,0.990711,37785,EVENING
95,900,0.9851,37785,EVENING
100,900,0.978351,37785,EVENING
105,900,0.971232,37785,EVENING
110,900,0.961122,37785,EVENING
115,900,0.949927,37785,EVENING
120,900,0.937991,37785,EVENING
125,900,0.924891,37785,EVENING
130,900,0.908615,37785,EVENING
135,900,0.891465,37785,EVENING
140,900,0.874739,37785,EVENING
145,900,0.856795,37785,EVENING
150,900,0.837952,37785,EVENING
155,900,0.817811,37785,EVENING
160,900,0.797512,37785,EVENING
165,900,0.776313,37785,EVENING
170,900,0.75485,37785,EVENING
175,900,0.73336,37785,EVENING
180,900,0.711314,37785,EVENING
185,900,0.688977,37785,EVENING
190,900,0.667196,37785,EVENING
195,900,0.6465,37785,EVENING
200,900,0.625539,37785,EVENING
205,900,0.604817,37785,EVENING
210,900,0.584544,37785,EVENING
215,900,0.563583,37785,EVENING
220,900,0.54384,37785,EVENING
225,900,0.52587,37785,EVENING
230,900,0.506524,37785,EVENING
235,900,0.487627,37785,EVENING
240,900,0.469869,37785,EVENING
245,900,0.452534,37785,EVENING
250,900,0.436125,37785,EVENING
255,900,0.420087,37785,EVENING
260,900,0.40434,37785,EVENING
265,900,0.388223,37785,EVENING
270,900,0.372952,37785,EVENING
275,900,0.358581,37785,EVENING
280,900,0.343972,37785,EVENING
285,900,0.330951,37785,EVENING
290,900,0.31801,37785,EVENING
295,900,0.304433,37785,EVENING
300,900,0.291862,37785,EVENING
305,900,0.279555,37785,EVENING
310,900,0.266852,37785,EVENING
315,900,0.256239,37785,EVENING
320,900,0.24568,37785,EVENING
325,900,0.234061,37785,EVENING
330,900,0.224322,37785,EVENING
335,900,0.215006,37785,EVENING
340,900,0.205531,37785,EVENING
345,900,0.19648,37785,EVENING
350,900,0.189149,37785,EVENING
355,900,0.180812,37785,EVENING
360,900,0.173614,37785,EVENING
365,900,0.166495,37785,EVENING
370,900,0.159058,37785,EVENING
375,900,0.151647,37785,EVENING
380,900,0.145402,37785,EVENING
385,900,0.138547,37785,EVENING
390,900,0.132195,37785,EVENING
395,900,0.126188,37785,EVENING
400,900,0.120286,37785,EVENING
405,900,0.115522,37785,EVENING
410,900,0.110811,37785,EVENING
415,900,0.104962,37785,EVENING
420,900,0.10049,37785,EVENING
425,900,0.096149,37785,EVENING
430,900,0.092021,37785,EVENING
435,900,0.088342,37785,EVENING
440,900,0.084663,37785,EVENING
445,900,0.081117,37785,EVENING
450,900,0.077544,37785,EVENING
455,900,0.073945,37785,EVENING
460,900,0.070398,37785,EVENING
465,900,0.067037,37785,EVENING
470,900,0.063279,37785,EVENING
475,900,0.060685,37785,EVENING
480,900,0.057615,37785,EVENING
485,900,0.054916,37785,EVENING
490,900,0.051978,37785,EVENING
495,900,0.049596,37785,EVENING
500,900,0.047294,37785,EVENING
505,900,0.044541,37785,EVENING
510,900,0.042186,37785,EVENING
515,900,0.040148,37785,EVENING
520,900,0.038004,37785,EVENING
525,900,0.035834,37785,EVENING
530,900,0.034035,37785,EVENING
535,900,0.032579,37785,EVENING
540,900,0.030912,37785,EVENING
545,900,0.029165,37785,EVENING
550,900,0.027577,37785,EVENING
555,900,0.026307,37785,EVENING
560,900,0.024957,37785,EVENING
565,900,0.023422,37785,EVENING
570,900,0.02231,37785,EVENING
575,900,0.021199,37785,EVENING
580,900,0.020087,37785,EVENING
585,900,0.019161,37785,EVENING
590,900,0.018341,37785,EVENING
595,900,0.017626,37785,EVENING
600,900,0.016647,37785,EVENING
605,900,0.015906,37785,EVENING
610,900,0.0149,37785,EVENING
615,900,0.014133,37785,EVENING
620,900,0.013153,37785,EVENING
625,900,0.012518,37785,EVENING
630,900,0.011486,37785,EVENING
635,900,0.010904,37785,EVENING
640,900,0.010189,37785,EVENING
645,900,0.009395,37785,EVENING
650,900,0.008839,37785,EVENING
655,900,0.008284,37785,EVENING
660,900,0.007993,37785,EVENING
665,900,0.007357,37785,EVENING
670,900,0.006775,37785,EVENING
675,900,0.006325,37785,EVENING
680,900,0.005955,37785,EVENING
685,900,0.005478,37785,EVENING
690,900,0.00524,37785,EVENING
695,900,0.005055,37785,EVENING
700,900,0.004711,37785,EVENING
705,900,0.004393,37785,EVENING
710,900,0.004129,37785,EVENING
715,900,0.003864,37785,EVENING
720,900,0.003705,37785,EVENING
725,900,0.003573,37785,EVENING
730,900,0.003335,37785,EVENING
735,900,0.00307,37785,EVENING
740,900,0.002964,37785,EVENING
745,900,0.002832,37785,EVENING
750,900,0.002699,37785,EVENING
755,900,0.002541,37785,EVENING
760,900,0.002329,37785,EVENING
765,900,0.002038,37785,EVENING
770,900,0.001826,37785,EVENING
775,900,0.001747,37785,EVENING
780,900,0.001588,37785,EVENING
785,900,0.001509,37785,EVENING
790,900,0.001376,37785,EVENING
795,900,0.00127,37785,EVENING
800,900,0.001244,37785,EVENING
805,900,0.001112,37785,EVENING
810,900,0.001032,37785,EVENING
815,900,0.000926,37785,EVENING
820,900,0.000794,37785,EVENING
825,900,0.000794,37785,EVENING
830,900,0.000768,37785,EVENING
835,900,0.000715,37785,EVENING
840,900,0.000662,37785,EVENING
845,900,0.000662,37785,EVENING
850,900,0.000635,37785,EVENING
855,900,0.000609,37785,EVENING
860,900,0.000556,37785,EVENING
865,900,0.000503,37785,EVENING
870,900,0.000476,37785,EVENING
875,900,0.000423,37785,EVENING
880,900,0.000423,37785,EVENING
885,900,0.000344,37785,EVENING
890,900,0.000344,37785,EVENING
895,900,0.000238,37785,EVENING
900,900,0.000238,37785,EVENING
905,900,0.000212,37785,EVENING
910,900,0.000212,37785,EVENING
915,900,0.000212,37785,EVENING
920,900,0.000212,37785,EVENING
925,900,0.000185,37785,EVENING
930,900,0.000159,37785,EVENING
935,900,0.000132,37785,EVENING
940,900,0.000132,37785,EVENING
945,900,0.000132,37785,EVENING
950,900,0.000132,37785,EVENING
955,900,0.000132,37785,EVENING
960,900,7.9e-05,37785,EVENING
965,900,7.9e-05,37785,EVENING
970,900,7.9e-05,37785,EVENING
975,900,7.9e-05,37785,EVENING
980,900,7.9e-05,37785,EVENING
985,900,5.3e-05,37785,EVENING
990,900,5.3e-05,37785,EVENING
995,900,5.3e-05,37785,EVENING
1000,900,5.3e-05,37785,EVENING
1005,900,5.3e-05,37785,EVENING
1010,900,5.3e-05,37785,EVENING
1015,900,5.3e-05,37785,EVENING
1020,900,5.3e-05,37785,EVENING
1025,900,5.3e-05,37785,EVENING
1030,900,5.3e-05,37785,EVENING
1035,900,2.6e-05,37785,EVENING
1040,900,0.0,37785,EVENING
1045,900,0.0,37785,EVENING
1050,900,0.0,37785,EVENING
1055,900,0.0,37785,EVENING
1060,900,0.0,37785,EVENING
1065,900,0.0,37785,EVENING
1070,900,0.0,37785,EVENING
1075,900,0.0,37785,EVENING
1080,900,0.0,37785,EVENING
1085,900,0.0,37785,EVENING
1090,900,0.0,37785,EVENING
1095,900,0.0,37785,EVENING
1100,900,0.0,37785,EVENING
1105,900,0.0,37785,EVENING
1110,900,0.0,37785,EVENING
1115,900,0.0,37785,EVENING
1120,900,0.0,37785,EVENING
1125,900,0.0,37785,EVENING
1130,900,0.0,37785,EVENING
1135,900,0.0,37785,EVENING
1140,900,0.0,37785,EVENING
1145,900,0.0,37785,EVENING
1150,900,0.0,37785,EVENING
1155,900,0.0,37785,EVENING
1160,900,0.0,37785,EVENING
1165,900,0.0,37785,EVENING
1170,900,0.0,37785,EVENING
1175,900,0.0,37785,EVENING
1180,900,0.0,37785,EVENING
1185,900,0.0,37785,EVENING
1190,900,0.0,37785,EVENING
1195,900,0.0,37785,EVENING
1200,900,0.0,37785,EVENING
1205,900,0.0,37785,EVENING
1210,900,0.0,37785,EVENING
1215,900,0.0,37785,EVENING
1220,900,0.0,37785,EVENING
1225,900,0.0,37785,EVENING
1230,900,0.0,37785,EVENING
1235,900,0.0,37785,EVENING
1240,900,0.0,37785,EVENING
1245,900,0.0,37785,EVENING
1250,900,0.0,37785,EVENING
1255,900,0.0,37785,EVENING
1260,900,0.0,37785,EVENING
1265,900,0.0,37785,EVENING
1270,900,0.0,37785,EVENING
1275,900,0.0,37785,EVENING
1280,900,0.0,37785,EVENING
1285,900,0.0,37785,EVENING
1290,900,0.0,37785,EVENING
1295,900,0.0,37785,EVENING
1300,900,0.0,37785,EVENING
1305,900,0.0,37785,EVENING
1310,900,0.0,37785,EVENING
1315,900,0.0,37785,EVENING
1320,900,0.0,37785,EVENING
1325,900,0.0,37785,EVENING
1330,900,0.0,37785,EVENING
1335,900,0.0,37785,EVENING
1340,900,0.0,37785,EVENING
1345,900,0.0,37785,EVENING
1350,900,0.0,37785,EVENING
1355,900,0.0,37785,EVENING
1360,900,0.0,37785,EVENING
1365,900,0.0,37785,EVENING
1370,900,0.0,37785,EVENING
1375,900,0.0,37785,EVENING
1380,900,0.0,37785,EVENING
1385,900,0.0,37785,EVENING
1390,900,0.0,37785,EVENING
1395,900,0.0,37785,EVENING
1400,900,0.0,37785,EVENING
1405,900,0.0,37785,EVENING
1410,900,0.0,37785,EVENING
1415,900,0.0,37785,EVENING
1420,900,0.0,37785,EVENING
1425,900,0.0,37785,EVENING
1430,900,0.0,37785,EVENING
1435,900,0.0,37785,EVENING
1440,900,0.0,37785,EVENING
1445,900,0.0,37785,EVENING
1450,900,0.0,37785,EVENING
1455,900,0.0,37785,EVENING
1460,900,0.0,37785,EVENING
1465,900,0.0,37785,EVENING
1470,900,0.0,37785,EVENING
1475,900,0.0,37785,EVENING
1480,900,0.0,37785,EVENING
1485,900,0.0,37785,EVENING
1490,900,0.0,37785,EVENING
1495,900,0.0,37785,EVENING
1500,900,0.0,37785,EVENING
1505,900,0.0,37785,EVENING
1510,900,0.0,37785,EVENING
1515,900,0.0,37785,EVENING
1520,900,0.0,37785,EVENING
1525,900,0.0,37785,EVENING
1530,900,0.0,37785,EVENING
1535,900,0.0,37785,EVENING
1540,900,0.0,37785,EVENING
1545,900,0.0,37785,EVENING
1550,900,0.0,37785,EVENING
1555,900,0.0,37785,EVENING
1560,900,0.0,37785,EVENING
1565,900,0.0,37785,EVENING
1570,900,0.0,37785,EVENING
1575,900,0.0,37785,EVENING
1580,900,0.0,37785,EVENING
1585,900,0.0,37785,EVENING
1590,900,0.0,37785,EVENING
1595,900,0.0,37785,EVENING
1600,900,0.0,37785,EVENING
1605,900,0.0,37785,EVENING
1610,900,0.0,37785,EVENING
1615,900,0.0,37785,EVENING
1620,900,0.0,37785,EVENING
1625,900,0.0,37785,EVENING
1630,900,0.0,37785,EVENING
1635,900,0.0,37785,EVENING
1640,900,0.0,37785,EVENING
1645,900,0.0,37785,EVENING
1650,900,0.0,37785,EVENING
1655,900,0.0,37785,EVENING
1660,900,0.0,37785,EVENING
1665,900,0.0,37785,EVENING
1670,900,0.0,37785,EVENING
1675,900,0.0,37785,EVENING
1680,900,0.0,37785,EVENING
1685,900,0.0,37785,EVENING
1690,900,0.0,37785,EVENING
1695,900,0.0,37785,EVENING
1700,900,0.0,37785,EVENING
1705,900,0.0,37785,EVENING
1710,900,0.0,37785,EVENING
1715,900,0.0,37785,EVENING
1720,900,0.0,37785,EVENING
1725,900,0.0,37785,EVENING
1730,900,0.0,37785,EVENING
1735,900,0.0,37785,EVENING
1740,900,0.0,37785,EVENING
1745,900,0.0,37785,EVENING
1750,900,0.0,37785,EVENING
1755,900,0.0,37785,EVENING
1760,900,0.0,37785,EVENING
1765,900,0.0,37785,EVENING
1770,900,0.0,37785,EVENING
1775,900,0.0,37785,EVENING
1780,900,0.0,37785,EVENING
1785,900,0.0,37785,EVENING
1790,900,0.0,37785,EVENING
1795,900,0.0,37785,EVENING
1800,900,0.0,37785,EVENING
1805,900,0.0,37785,EVENING
1810,900,0.0,37785,EVENING
1815,900,0.0,37785,EVENING
1820,900,0.0,37785,EVENING
1825,900,0.0,37785,EVENING
1830,900,0.0,37785,EVENING
1835,900,0.0,37785,EVENING
1840,900,0.0,37785,EVENING
1845,900,0.0,37785,EVENING
1850,900,0.0,37785,EVENING
1855,900,0.0,37785,EVENING
1860,900,0.0,37785,EVENING
1865,900,0.0,37785,EVENING
1870,900,0.0,37785,EVENING
1875,900,0.0,37785,EVENING
1880,900,0.0,37785,EVENING
1885,900,0.0,37785,EVENING
1890,900,0.0,37785,EVENING
1895,900,0.0,37785,EVENING
1900,900,0.0,37785,EVENING
1905,900,0.0,37785,EVENING
1910,900,0.0,37785,EVENING
1915,900,0.0,37785,EVENING
1920,900,0.0,37785,EVENING
1925,900,0.0,37785,EVENING
1930,900,0.0,37785,EVENING
1935,900,0.0,37785,EVENING
1940,900,0.0,37785,EVENING
1945,900,0.0,37785,EVENING
1950,900,0.0,37785,EVENING
1955,900,0.0,37785,EVENING
1960,900,0.0,37785,EVENING
1965,900,0.0,37785,EVENING
1970,900,0.0,37785,EVENING
1975,900,0.0,37785,EVENING
1980,900,0.0,37785,EVENING
1985,900,0.0,37785,EVENING
1990,900,0.0,37785,EVENING
1995,900,0.0,37785,EVENING
2000,900,0.0,37785,EVENING
50,900,1.0,16200,LONDON_OPEN
55,900,1.0,16200,LONDON_OPEN
60,900,1.0,16200,LONDON_OPEN
65,900,1.0,16200,LONDON_OPEN
70,900,0.999877,16200,LONDON_OPEN
75,900,0.999877,16200,LONDON_OPEN
80,900,0.999815,16200,LONDON_OPEN
85,900,0.99963,16200,LONDON_OPEN
90,900,0.999321,16200,LONDON_OPEN
95,900,0.998457,16200,LONDON_OPEN
100,900,0.997284,16200,LONDON_OPEN
105,900,0.996173,16200,LONDON_OPEN
110,900,0.994012,16200,LONDON_OPEN
115,900,0.990988,16200,LONDON_OPEN
120,900,0.986728,16200,LONDON_OPEN
125,900,0.980988,16200,LONDON_OPEN
130,900,0.975062,16200,LONDON_OPEN
135,900,0.968457,16200,LONDON_OPEN
140,900,0.961605,16200,LONDON_OPEN
145,900,0.953148,16200,LONDON_OPEN
150,900,0.94216,16200,LONDON_OPEN
155,900,0.933148,16200,LONDON_OPEN
160,900,0.923889,16200,LONDON_OPEN
165,900,0.91142,16200,LONDON_OPEN
170,900,0.89821,16200,LONDON_OPEN
175,900,0.883519,16200,LONDON_OPEN
180,900,0.869259,16200,LONDON_OPEN
185,900,0.856111,16200,LONDON_OPEN
190,900,0.841358,16200,LONDON_OPEN
195,900,0.827346,16200,LONDON_OPEN
200,900,0.810988,16200,LONDON_OPEN
205,900,0.795432,16200,LONDON_OPEN
210,900,0.779136,16200,LONDON_OPEN
215,900,0.76216,16200,LONDON_OPEN
220,900,0.745988,16200,LONDON_OPEN
225,900,0.730062,16200,LONDON_OPEN
230,900,0.712963,16200,LONDON_OPEN
235,900,0.698025,16200,LONDON_OPEN
240,900,0.682284,16200,LONDON_OPEN
245,900,0.66679,16200,LONDON_OPEN
250,900,0.652716,16200,LONDON_OPEN
255,900,0.637037,16200,LONDON_OPEN
260,900,0.620247,16200,LONDON_OPEN
265,900,0.604815,16200,LONDON_OPEN
270,900,0.588148,16200,LONDON_OPEN
275,900,0.573025,16200,LONDON_OPEN
280,900,0.55821,16200,LONDON_OPEN
285,900,0.543704,16200,LONDON_OPEN
290,900,0.527531,16200,LONDON_OPEN
295,900,0.514444,16200,LONDON_OPEN
300,900,0.500926,16200,LONDON_OPEN
305,900,0.487531,16200,LONDON_OPEN
310,900,0.473642,16200,LONDON_OPEN
315,900,0.459321,16200,LONDON_OPEN
320,900,0.447593,16200,LONDON_OPEN
325,900,0.433765,16200,LONDON_OPEN
330,900,0.419753,16200,LONDON_OPEN
335,900,0.409691,16200,LONDON_OPEN
340,900,0.396975,16200,LONDON_OPEN
345,900,0.38642,16200,LONDON_OPEN
350,900,0.37358,16200,LONDON_OPEN
355,900,0.36284,16200,LONDON_OPEN
360,900,0.35321,16200,LONDON_OPEN
365,900,0.34216,16200,LONDON_OPEN
370,900,0.332099,16200,LONDON_OPEN
375,900,0.321235,16200,LONDON_OPEN
380,900,0.311235,16200,LONDON_OPEN
385,900,0.300864,16200,LONDON_OPEN
390,900,0.29179,16200,LONDON_OPEN
395,900,0.282099,16200,LONDON_OPEN
400,900,0.27463,16200,LONDON_OPEN
405,900,0.266111,16200,LONDON_OPEN
410,900,0.257469,16200,LONDON_OPEN
415,900,0.249691,16200,LONDON_OPEN
420,900,0.24179,16200,LONDON_OPEN
425,900,0.233395,16200,LONDON_OPEN
430,900,0.225556,16200,LONDON_OPEN
435,900,0.217593,16200,LONDON_OPEN
440,900,0.210741,16200,LONDON_OPEN
445,900,0.204198,16200,LONDON_OPEN
450,900,0.195926,16200,LONDON_OPEN
455,900,0.189444,16200,LONDON_OPEN
460,900,0.182901,16200,LONDON_OPEN
465,900,0.177099,16200,LONDON_OPEN
470,900,0.170864,16200,LONDON_OPEN
475,900,0.163889,16200,LONDON_OPEN
480,900,0.158519,16200,LONDON_OPEN
485,900,0.15284,16200,LONDON_OPEN
490,900,0.147037,16200,LONDON_OPEN
495,900,0.142407,16200,LONDON_OPEN
500,900,0.137531,16200,LONDON_OPEN
505,900,0.133148,16200,LONDON_OPEN
510,900,0.127778,16200,LONDON_OPEN
515,900,0.124074,16200,LONDON_OPEN
520,900,0.119321,16200,LONDON_OPEN
525,900,0.115309,16200,LONDON_OPEN
530,900,0.111543,16200,LONDON_OPEN
535,900,0.107901,16200,LONDON_OPEN
540,900,0.103951,16200,LONDON_OPEN
545,900,0.100617,16200,LONDON_OPEN
550,900,0.097037,16200,LONDON_OPEN
555,900,0.09179,16200,LONDON_OPEN
560,900,0.088395,16200,LONDON_OPEN
565,900,0.084815,16200,LONDON_OPEN
570,900,0.081728,16200,LONDON_OPEN
575,900,0.078519,16200,LONDON_OPEN
580,900,0.075494,16200,LONDON_OPEN
585,900,0.071605,16200,LONDON_OPEN
590,900,0.068457,16200,LONDON_OPEN
595,900,0.066235,16200,LONDON_OPEN
600,900,0.063642,16200,LONDON_OPEN
605,900,0.061235,16200,LONDON_OPEN
610,900,0.05858,16200,LONDON_OPEN
615,900,0.055802,16200,LONDON_OPEN
620,900,0.053765,16200,LONDON_OPEN
625,900,0.051852,16200,LONDON_OPEN
630,900,0.049506,16200,LONDON_OPEN
635,900,0.047654,16200,LONDON_OPEN
640,900,0.046049,16200,LONDON_OPEN
645,900,0.044321,16200,LONDON_OPEN
650,900,0.042222,16200,LONDON_OPEN
655,900,0.040247,16200,LONDON_OPEN
660,900,0.038086,16200,LONDON_OPEN
665,900,0.036605,16200,LONDON_OPEN
670,900,0.035309,16200,LONDON_OPEN
675,900,0.033395,16200,LONDON_OPEN
680,900,0.032222,16200,LONDON_OPEN
685,900,0.030432,16200,LONDON_OPEN
690,900,0.029444,16200,LONDON_OPEN
695,900,0.027901,16200,LONDON_OPEN
700,900,0.02642,16200,LONDON_OPEN
705,900,0.025741,16200,LONDON_OPEN
710,900,0.024506,16200,LONDON_OPEN
715,900,0.023765,16200,LONDON_OPEN
720,900,0.022716,16200,LONDON_OPEN
725,900,0.021975,16200,LONDON_OPEN
730,900,0.020802,16200,LONDON_OPEN
735,900,0.019877,16200,LONDON_OPEN
740,900,0.019074,16200,LONDON_OPEN
745,900,0.018025,16200,LONDON_OPEN
750,900,0.017284,16200,LONDON_OPEN
755,900,0.016111,16200,LONDON_OPEN
760,900,0.015494,16200,LONDON_OPEN
765,900,0.014815,16200,LONDON_OPEN
770,900,0.013951,16200,LONDON_OPEN
775,900,0.013333,16200,LONDON_OPEN
780,900,0.012778,16200,LONDON_OPEN
785,900,0.011975,16200,LONDON_OPEN
790,900,0.011543,16200,LONDON_OPEN
795,900,0.010864,16200,LONDON_OPEN
800,900,0.010309,16200,LONDON_OPEN
805,900,0.010062,16200,LONDON_OPEN
810,900,0.009568,16200,LONDON_OPEN
815,900,0.008951,16200,LONDON_OPEN
820,900,0.008457,16200,LONDON_OPEN
825,900,0.008086,16200,LONDON_OPEN
830,900,0.00784,16200,LONDON_OPEN
835,900,0.007469,16200,LONDON_OPEN
840,900,0.007346,16200,LONDON_OPEN
845,900,0.007037,16200,LONDON_OPEN
850,900,0.006728,16200,LONDON_OPEN
855,900,0.006296,16200,LONDON_OPEN
860,900,0.006173,16200,LONDON_OPEN
865,900,0.006049,16200,LONDON_OPEN
870,900,0.005864,16200,LONDON_OPEN
875,900,0.005494,16200,LONDON_OPEN
880,900,0.005309,16200,LONDON_OPEN
885,900,0.005247,16200,LONDON_OPEN
890,900,0.005185,16200,LONDON_OPEN
895,900,0.005123,16200,LONDON_OPEN
900,900,0.005,16200,LONDON_OPEN
905,900,0.004691,16200,LONDON_OPEN
910,900,0.004568,16200,LONDON_OPEN
915,900,0.004506,16200,LONDON_OPEN
920,900,0.004444,16200,LONDON_OPEN
925,900,0.004383,16200,LONDON_OPEN
930,900,0.004198,16200,LONDON_OPEN
935,900,0.004012,16200,LONDON_OPEN
940,900,0.003765,16200,LONDON_OPEN
945,900,0.00358,16200,LONDON_OPEN
950,900,0.003519,16200,LONDON_OPEN
955,900,0.003333,16200,LONDON_OPEN
960,900,0.003272,16200,LONDON_OPEN
965,900,0.003148,16200,LONDON_OPEN
970,900,0.003086,16200,LONDON_OPEN
975,900,0.002963,16200,LONDON_OPEN
980,900,0.002901,16200,LONDON_OPEN
985,900,0.002716,16200,LONDON_OPEN
990,900,0.002716,16200,LONDON_OPEN
995,900,0.002593,16200,LONDON_OPEN
1000,900,0.002469,16200,LONDON_OPEN
1005,900,0.002407,16200,LONDON_OPEN
1010,900,0.002346,16200,LONDON_OPEN
1015,900,0.002284,16200,LONDON_OPEN
1020,900,0.002222,16200,LONDON_OPEN
1025,900,0.00216,16200,LONDON_OPEN
1030,900,0.002037,16200,LONDON_OPEN
1035,900,0.002037,16200,LONDON_OPEN
1040,900,0.001914,16200,LONDON_OPEN
1045,900,0.001852,16200,LONDON_OPEN
1050,900,0.001852,16200,LONDON_OPEN
1055,900,0.00179,16200,LONDON_OPEN
1060,900,0.001728,16200,LONDON_OPEN
1065,900,0.001667,16200,LONDON_OPEN
1070,900,0.001667,16200,LONDON_OPEN
1075,900,0.001667,16200,LONDON_OPEN
1080,900,0.001667,16200,LONDON_OPEN
1085,900,0.001667,16200,LONDON_OPEN
1090,900,0.001605,16200,LONDON_OPEN
1095,900,0.001543,16200,LONDON_OPEN
1100,900,0.001481,16200,LONDON_OPEN
1105,900,0.001481,16200,LONDON_OPEN
1110,900,0.00142,16200,LONDON_OPEN
1115,900,0.00142,16200,LONDON_OPEN
1120,900,0.001358,16200,LONDON_OPEN
1125,900,0.001358,16200,LONDON_OPEN
1130,900,0.001358,16200,LONDON_OPEN
1135,900,0.001358,16200,LONDON_OPEN
1140,900,0.001358,16200,LONDON_OPEN
1145,900,0.001235,16200,LONDON_OPEN
1150,900,0.001111,16200,LONDON_OPEN
1155,900,0.001049,16200,LONDON_OPEN
1160,900,0.001049,16200,LONDON_OPEN
1165,900,0.001049,16200,LONDON_OPEN
1170,900,0.000988,16200,LONDON_OPEN
1175,900,0.000988,16200,LONDON_OPEN
1180,900,0.000988,16200,LONDON_OPEN
1185,900,0.000988,16200,LONDON_OPEN
1190,900,0.000926,16200,LONDON_OPEN
1195,900,0.000926,16200,LONDON_OPEN
1200,900,0.000741,16200,LONDON_OPEN
1205,900,0.000679,16200,LONDON_OPEN
1210,900,0.000617,16200,LONDON_OPEN
1215,900,0.000556,16200,LONDON_OPEN
1220,900,0.000494,16200,LONDON_OPEN
1225,900,0.000494,16200,LONDON_OPEN
1230,900,0.000432,16200,LONDON_OPEN
1235,900,0.000432,16200,LONDON_OPEN
1240,900,0.000432,16200,LONDON_OPEN
1245,900,0.000432,16200,LONDON_OPEN
1250,900,0.000432,16200,LONDON_OPEN
1255,900,0.000432,16200,LONDON_OPEN
1260,900,0.000432,16200,LONDON_OPEN
1265,900,0.000432,16200,LONDON_OPEN
1270,900,0.000432,16200,LONDON_OPEN
1275,900,0.000432,16200,LONDON_OPEN
1280,900,0.000432,16200,LONDON_OPEN
1285,900,0.000432,16200,LONDON_OPEN
1290,900,0.000432,16200,LONDON_OPEN
1295,900,0.000432,16200,LONDON_OPEN
1300,900,0.000432,16200,LONDON_OPEN
1305,900,0.00037,16200,LONDON_OPEN
1310,900,0.00037,16200,LONDON_OPEN
1315,900,0.000309,16200,LONDON_OPEN
1320,900,0.000309,16200,LONDON_OPEN
1325,900,0.000247,16200,LONDON_OPEN
1330,900,0.000247,16200,LONDON_OPEN
1335,900,0.000247,16200,LONDON_OPEN
1340,900,0.000247,16200,LONDON_OPEN
1345,900,0.000185,16200,LONDON_OPEN
1350,900,0.000123,16200,LONDON_OPEN
1355,900,0.000123,16200,LONDON_OPEN
1360,900,0.000123,16200,LONDON_OPEN
1365,900,0.000123,16200,LONDON_OPEN
1370,900,0.000123,16200,LONDON_OPEN
1375,900,0.000123,16200,LONDON_OPEN
1380,900,6.2e-05,16200,LONDON_OPEN
1385,900,6.2e-05,16200,LONDON_OPEN
1390,900,6.2e-05,16200,LONDON_OPEN
1395,900,6.2e-05,16200,LONDON_OPEN
1400,900,6.2e-05,16200,LONDON_OPEN
1405,900,6.2e-05,16200,LONDON_OPEN
1410,900,6.2e-05,16200,LONDON_OPEN
1415,900,6.2e-05,16200,LONDON_OPEN
1420,900,6.2e-05,16200,LONDON_OPEN
1425,900,0.0,16200,LONDON_OPEN
1430,900,0.0,16200,LONDON_OPEN
1435,900,0.0,16200,LONDON_OPEN
1440,900,0.0,16200,LONDON_OPEN
1445,900,0.0,16200,LONDON_OPEN
1450,900,0.0,16200,LONDON_OPEN
1455,900,0.0,16200,LONDON_OPEN
1460,900,0.0,16200,LONDON_OPEN
1465,900,0.0,16200,LONDON_OPEN
1470,900,0.0,16200,LONDON_OPEN
1475,900,0.0,16200,LONDON_OPEN
1480,900,0.0,16200,LONDON_OPEN
1485,900,0.0,16200,LONDON_OPEN
1490,900,0.0,16200,LONDON_OPEN
1495,900,0.0,16200,LONDON_OPEN
1500,900,0.0,16200,LONDON_OPEN
1505,900,0.0,16200,LONDON_OPEN
1510,900,0.0,16200,LONDON_OPEN
1515,900,0.0,16200,LONDON_OPEN
1520,900,0.0,16200,LONDON_OPEN
1525,900,0.0,16200,LONDON_OPEN
1530,900,0.0,16200,LONDON_OPEN
1535,900,0.0,16200,LONDON_OPEN
1540,900,0.0,16200,LONDON_OPEN
1545,900,0.0,16200,LONDON_OPEN
1550,900,0.0,16200,LONDON_OPEN
1555,900,0.0,16200,LONDON_OPEN
1560,900,0.0,16200,LONDON_OPEN
1565,900,0.0,16200,LONDON_OPEN
1570,900,0.0,16200,LONDON_OPEN
1575,900,0.0,16200,LONDON_OPEN
1580,900,0.0,16200,LONDON_OPEN
1585,900,0.0,16200,LONDON_OPEN
1590,900,0.0,16200,LONDON_OPEN
1595,900,0.0,16200,LONDON_OPEN
1600,900,0.0,16200,LONDON_OPEN
1605,900,0.0,16200,LONDON_OPEN
1610,900,0.0,16200,LONDON_OPEN
1615,900,0.0,16200,LONDON_OPEN
1620,900,0.0,16200,LONDON_OPEN
1625,900,0.0,16200,LONDON_OPEN
1630,900,0.0,16200,LONDON_OPEN
1635,900,0.0,16200,LONDON_OPEN
1640,900,0.0,16200,LONDON_OPEN
1645,900,0.0,16200,LONDON_OPEN
1650,900,0.0,16200,LONDON_OPEN
1655,900,0.0,16200,LONDON_OPEN
1660,900,0.0,16200,LONDON_OPEN
1665,900,0.0,16200,LONDON_OPEN
1670,900,0.0,16200,LONDON_OPEN
1675,900,0.0,16200,LONDON_OPEN
1680,900,0.0,16200,LONDON_OPEN
1685,900,0.0,16200,LONDON_OPEN
1690,900,0.0,16200,LONDON_OPEN
1695,900,0.0,16200,LONDON_OPEN
1700,900,0.0,16200,LONDON_OPEN
1705,900,0.0,16200,LONDON_OPEN
1710,900,0.0,16200,LONDON_OPEN
1715,900,0.0,16200,LONDON_OPEN
1720,900,0.0,16200,LONDON_OPEN
1725,900,0.0,16200,LONDON_OPEN
1730,900,0.0,16200,LONDON_OPEN
1735,900,0.0,16200,LONDON_OPEN
1740,900,0.0,16200,LONDON_OPEN
1745,900,0.0,16200,LONDON_OPEN
1750,900,0.0,16200,LONDON_OPEN
1755,900,0.0,16200,LONDON_OPEN
1760,900,0.0,16200,LONDON_OPEN
1765,900,0.0,16200,LONDON_OPEN
1770,900,0.0,16200,LONDON_OPEN
1775,900,0.0,16200,LONDON_OPEN
1780,900,0.0,16200,LONDON_OPEN
1785,900,0.0,16200,LONDON_OPEN
1790,900,0.0,16200,LONDON_OPEN
1795,900,0.0,16200,LONDON_OPEN
1800,900,0.0,16200,LONDON_OPEN
1805,900,0.0,16200,LONDON_OPEN
1810,900,0.0,16200,LONDON_OPEN
1815,900,0.0,16200,LONDON_OPEN
1820,900,0.0,16200,LONDON_OPEN
1825,900,0.0,16200,LONDON_OPEN
1830,900,0.0,16200,LONDON_OPEN
1835,900,0.0,16200,LONDON_OPEN
1840,900,0.0,16200,LONDON_OPEN
1845,900,0.0,16200,LONDON_OPEN
1850,900,0.0,16200,LONDON_OPEN
1855,900,0.0,16200,LONDON_OPEN
1860,900,0.0,16200,LONDON_OPEN
1865,900,0.0,16200,LONDON_OPEN
1870,900,0.0,16200,LONDON_OPEN
1875,900,0.0,16200,LONDON_OPEN
1880,900,0.0,16200,LONDON_OPEN
1885,900,0.0,16200,LONDON_OPEN
1890,900,0.0,16200,LONDON_OPEN
1895,900,0.0,16200,LONDON_OPEN
1900,900,0.0,16200,LONDON_OPEN
1905,900,0.0,16200,LONDON_OPEN
1910,900,0.0,16200,LONDON_OPEN
1915,900,0.0,16200,LONDON_OPEN
1920,900,0.0,16200,LONDON_OPEN
1925,900,0.0,16200,LONDON_OPEN
1930,900,0.0,16200,LONDON_OPEN
1935,900,0.0,16200,LONDON_OPEN
1940,900,0.0,16200,LONDON_OPEN
1945,900,0.0,16200,LONDON_OPEN
1950,900,0.0,16200,LONDON_OPEN
1955,900,0.0,16200,LONDON_OPEN
1960,900,0.0,16200,LONDON_OPEN
1965,900,0.0,16200,LONDON_OPEN
1970,900,0.0,16200,LONDON_OPEN
1975,900,0.0,16200,LONDON_OPEN
1980,900,0.0,16200,LONDON_OPEN
1985,900,0.0,16200,LONDON_OPEN
1990,900,0.0,16200,LONDON_OPEN
1995,900,0.0,16200,LONDON_OPEN
2000,900,0.0,16200,LONDON_OPEN
50,900,1.0,53820,NY
55,900,1.0,53820,NY
60,900,1.0,53820,NY
65,900,1.0,53820,NY
70,900,1.0,53820,NY
75,900,0.999963,53820,NY
80,900,0.999963,53820,NY
85,900,0.999703,53820,NY
90,900,0.999294,53820,NY
95,900,0.998532,53820,NY
100,900,0.99738,53820,NY
105,900,0.996061,53820,NY
110,900,0.993999,53820,NY
115,900,0.99123,53820,NY
120,900,0.988053,53820,NY
125,900,0.983463,53820,NY
130,900,0.978484,53820,NY
135,900,0.972259,53820,NY
140,900,0.965515,53820,NY
145,900,0.958528,53820,NY
150,900,0.95078,53820,NY
155,900,0.941843,53820,NY
160,900,0.932163,53820,NY
165,900,0.921182,53820,NY
170,900,0.910145,53820,NY
175,900,0.898644,53820,NY
180,900,0.886046,53820,NY
185,900,0.872074,53820,NY
190,900,0.858194,53820,NY
195,900,0.843906,53820,NY
200,900,0.828948,53820,NY
205,900,0.81388,53820,NY
210,900,0.799517,53820,NY
215,900,0.784095,53820,NY
220,900,0.768711,53820,NY
225,900,0.752378,53820,NY
230,900,0.736306,53820,NY
235,900,0.720048,53820,NY
240,900,0.703344,53820,NY
245,900,0.687087,53820,NY
250,900,0.67133,53820,NY
255,900,0.654441,53820,NY
260,900,0.639836,53820,NY
265,900,0.623337,53820,NY
270,900,0.607302,53820,NY
275,900,0.590858,53820,NY
280,900,0.575399,53820,NY
285,900,0.559495,53820,NY
290,900,0.543924,53820,NY
295,900,0.529376,53820,NY
300,900,0.514957,53820,NY
305,900,0.501189,53820,NY
310,900,0.487105,53820,NY
315,900,0.472315,53820,NY
320,900,0.458473,53820,NY
325,900,0.444296,53820,NY
330,900,0.431884,53820,NY
335,900,0.418952,53820,NY
340,900,0.406503,53820,NY
345,900,0.393776,53820,NY
350,900,0.381605,53820,NY
355,900,0.369454,53820,NY
360,900,0.357971,53820,NY
365,900,0.346637,53820,NY
370,900,0.336065,53820,NY
375,900,0.325214,53820,NY
380,900,0.314716,53820,NY
385,900,0.303846,53820,NY
390,900,0.294333,53820,NY
395,900,0.284876,53820,NY
400,900,0.275548,53820,NY
405,900,0.266184,53820,NY
410,900,0.257023,53820,NY
415,900,0.249145,53820,NY
420,900,0.241416,53820,NY
425,900,0.233278,53820,NY
430,900,0.225307,53820,NY
435,900,0.217596,53820,NY
440,900,0.210294,53820,NY
445,900,0.202768,53820,NY
450,900,0.196414,53820,NY
455,900,0.189762,53820,NY
460,900,0.183426,53820,NY
465,900,0.17748,53820,NY
470,900,0.171442,53820,NY
475,900,0.165756,53820,NY
480,900,0.159662,53820,NY
485,900,0.153735,53820,NY
490,900,0.148272,53820,NY
495,900,0.142939,53820,NY
500,900,0.138034,53820,NY
505,900,0.133389,53820,NY
510,900,0.12854,53820,NY
515,900,0.123616,53820,NY
520,900,0.119008,53820,NY
525,900,0.114809,53820,NY
530,900,0.110405,53820,NY
535,900,0.106224,53820,NY
540,900,0.102583,53820,NY
545,900,0.099257,53820,NY
550,900,0.095801,53820,NY
555,900,0.091862,53820,NY
560,900,0.088109,53820,NY
565,900,0.084634,53820,NY
570,900,0.081382,53820,NY
575,900,0.07854,53820,NY
580,900,0.075307,53820,NY
585,900,0.072166,53820,NY
590,900,0.068915,53820,NY
595,900,0.066314,53820,NY
600,900,0.063545,53820,NY
605,900,0.061055,53820,NY
610,900,0.058826,53820,NY
615,900,0.056299,53820,NY
620,900,0.053753,53820,NY
625,900,0.051616,53820,NY
630,900,0.04935,53820,NY
635,900,0.047324,53820,NY
640,900,0.045392,53820,NY
645,900,0.043478,53820,NY
650,900,0.041527,53820,NY
655,900,0.039725,53820,NY
660,900,0.038016,53820,NY
665,900,0.036473,53820,NY
670,900,0.034838,53820,NY
675,900,0.033556,53820,NY
680,900,0.032274,53820,NY
685,900,0.030806,53820,NY
690,900,0.029376,53820,NY
695,900,0.028094,53820,NY
700,900,0.026904,53820,NY
705,900,0.025641,53820,NY
710,900,0.024433,53820,NY
715,900,0.023486,53820,NY
720,900,0.022668,53820,NY
725,900,0.021721,53820,NY
730,900,0.02081,53820,NY
735,900,0.019881,53820,NY
740,900,0.019082,53820,NY
745,900,0.018135,53820,NY
750,900,0.017447,53820,NY
755,900,0.016499,53820,NY
760,900,0.015868,53820,NY
765,900,0.014939,53820,NY
770,900,0.014288,53820,NY
775,900,0.013582,53820,NY
780,900,0.012913,53820,NY
785,900,0.012337,53820,NY
790,900,0.01152,53820,NY
795,900,0.010981,53820,NY
800,900,0.010312,53820,NY
805,900,0.009941,53820,NY
810,900,0.009365,53820,NY
815,900,0.008956,53820,NY
820,900,0.008491,53820,NY
825,900,0.008045,53820,NY
830,900,0.007748,53820,NY
835,900,0.007321,53820,NY
840,900,0.006968,53820,NY
845,900,0.006633,53820,NY
850,900,0.006522,53820,NY
855,900,0.006299,53820,NY
860,900,0.005946,53820,NY
865,900,0.005723,53820,NY
870,900,0.005444,53820,NY
875,900,0.005333,53820,NY
880,900,0.005147,53820,NY
885,900,0.004831,53820,NY
890,900,0.004589,53820,NY
895,900,0.004348,53820,NY
900,900,0.004125,53820,NY
905,900,0.003958,53820,NY
910,900,0.003846,53820,NY
915,900,0.003679,53820,NY
920,900,0.003456,53820,NY
925,900,0.00327,53820,NY
930,900,0.00301,53820,NY
935,900,0.002787,53820,NY
940,900,0.002657,53820,NY
945,900,0.002546,53820,NY
950,900,0.002415,53820,NY
955,900,0.002323,53820,NY
960,900,0.002155,53820,NY
965,900,0.002081,53820,NY
970,900,0.002062,53820,NY
975,900,0.001877,53820,NY
980,900,0.001765,53820,NY
985,900,0.001635,53820,NY
990,900,0.001505,53820,NY
995,900,0.001468,53820,NY
1000,900,0.001375,53820,NY
1005,900,0.001319,53820,NY
1010,900,0.001245,53820,NY
1015,900,0.001152,53820,NY
1020,900,0.001096,53820,NY
1025,900,0.001003,53820,NY
1030,900,0.000985,53820,NY
1035,900,0.000985,53820,NY
1040,900,0.000948,53820,NY
1045,900,0.00091,53820,NY
1050,900,0.000855,53820,NY
1055,900,0.000799,53820,NY
1060,900,0.000762,53820,NY
1065,900,0.000743,53820,NY
1070,900,0.000743,53820,NY
1075,900,0.000725,53820,NY
1080,900,0.000706,53820,NY
1085,900,0.00065,53820,NY
1090,900,0.00065,53820,NY
1095,900,0.000632,53820,NY
1100,900,0.000632,53820,NY
1105,900,0.000613,53820,NY
1110,900,0.000613,53820,NY
1115,900,0.000576,53820,NY
1120,900,0.000502,53820,NY
1125,900,0.000427,53820,NY
1130,900,0.000427,53820,NY
1135,900,0.000427,53820,NY
1140,900,0.000409,53820,NY
1145,900,0.00039,53820,NY
1150,900,0.000353,53820,NY
1155,900,0.000353,53820,NY
1160,900,0.000316,53820,NY
1165,900,0.000279,53820,NY
1170,900,0.00026,53820,NY
1175,900,0.000223,53820,NY
1180,900,0.000223,53820,NY
1185,900,0.000204,53820,NY
1190,900,0.000204,53820,NY
1195,900,0.000204,53820,NY
1200,900,0.000186,53820,NY
1205,900,0.000167,53820,NY
1210,900,0.000167,53820,NY
1215,900,0.000167,53820,NY
1220,900,0.000149,53820,NY
1225,900,0.000149,53820,NY
1230,900,0.000149,53820,NY
1235,900,0.00013,53820,NY
1240,900,0.00013,53820,NY
1245,900,0.000111,53820,NY
1250,900,9.3e-05,53820,NY
1255,900,9.3e-05,53820,NY
1260,900,9.3e-05,53820,NY
1265,900,9.3e-05,53820,NY
1270,900,9.3e-05,53820,NY
1275,900,9.3e-05,53820,NY
1280,900,9.3e-05,53820,NY
1285,900,9.3e-05,53820,NY
1290,900,3.7e-05,53820,NY
1295,900,3.7e-05,53820,NY
1300,900,3.7e-05,53820,NY
1305,900,3.7e-05,53820,NY
1310,900,3.7e-05,53820,NY
1315,900,3.7e-05,53820,NY
1320,900,3.7e-05,53820,NY
1325,900,1.9e-05,53820,NY
1330,900,1.9e-05,53820,NY
1335,900,1.9e-05,53820,NY
1340,900,1.9e-05,53820,NY
1345,900,1.9e-05,53820,NY
1350,900,1.9e-05,53820,NY
1355,900,1.9e-05,53820,NY
1360,900,1.9e-05,53820,NY
1365,900,1.9e-05,53820,NY
1370,900,1.9e-05,53820,NY
1375,900,1.9e-05,53820,NY
1380,900,1.9e-05,53820,NY
1385,900,1.9e-05,53820,NY
1390,900,1.9e-05,53820,NY
1395,900,0.0,53820,NY
1400,900,0.0,53820,NY
1405,900,0.0,53820,NY
1410,900,0.0,53820,NY
1415,900,0.0,53820,NY
1420,900,0.0,53820,NY
1425,900,0.0,53820,NY
1430,900,0.0,53820,NY
1435,900,0.0,53820,NY
1440,900,0.0,53820,NY
1445,900,0.0,53820,NY
1450,900,0.0,53820,NY
1455,900,0.0,53820,NY
1460,900,0.0,53820,NY
1465,900,0.0,53820,NY
1470,900,0.0,53820,NY
1475,900,0.0,53820,NY
1480,900,0.0,53820,NY
1485,900,0.0,53820,NY
1490,900,0.0,53820,NY
1495,900,0.0,53820,NY
1500,900,0.0,53820,NY
1505,900,0.0,53820,NY
1510,900,0.0,53820,NY
1515,900,0.0,53820,NY
1520,900,0.0,53820,NY
1525,900,0.0,53820,NY
1530,900,0.0,53820,NY
1535,900,0.0,53820,NY
1540,900,0.0,53820,NY
1545,900,0.0,53820,NY
1550,900,0.0,53820,NY
1555,900,0.0,53820,NY
1560,900,0.0,53820,NY
1565,900,0.0,53820,NY
1570,900,0.0,53820,NY
1575,900,0.0,53820,NY
1580,900,0.0,53820,NY
1585,900,0.0,53820,NY
1590,900,0.0,53820,NY
1595,900,0.0,53820,NY
1600,900,0.0,53820,NY
1605,900,0.0,53820,NY
1610,900,0.0,53820,NY
1615,900,0.0,53820,NY
1620,900,0.0,53820,NY
1625,900,0.0,53820,NY
1630,900,0.0,53820,NY
1635,900,0.0,53820,NY
1640,900,0.0,53820,NY
1645,900,0.0,53820,NY
1650,900,0.0,53820,NY
1655,900,0.0,53820,NY
1660,900,0.0,53820,NY
1665,900,0.0,53820,NY
1670,900,0.0,53820,NY
1675,900,0.0,53820,NY
1680,900,0.0,53820,NY
1685,900,0.0,53820,NY
1690,900,0.0,53820,NY
1695,900,0.0,53820,NY
1700,900,0.0,53820,NY
1705,900,0.0,53820,NY
1710,900,0.0,53820,NY
1715,900,0.0,53820,NY
1720,900,0.0,53820,NY
1725,900,0.0,53820,NY
1730,900,0.0,53820,NY
1735,900,0.0,53820,NY
1740,900,0.0,53820,NY
1745,900,0.0,53820,NY
1750,900,0.0,53820,NY
1755,900,0.0,53820,NY
1760,900,0.0,53820,NY
1765,900,0.0,53820,NY
1770,900,0.0,53820,NY
1775,900,0.0,53820,NY
1780,900,0.0,53820,NY
1785,900,0.0,53820,NY
1790,900,0.0,53820,NY
1795,900,0.0,53820,NY
1800,900,0.0,53820,NY
1805,900,0.0,53820,NY
1810,900,0.0,53820,NY
1815,900,0.0,53820,NY
1820,900,0.0,53820,NY
1825,900,0.0,53820,NY
1830,900,0.0,53820,NY
1835,900,0.0,53820,NY
1840,900,0.0,53820,NY
1845,900,0.0,53820,NY
1850,900,0.0,53820,NY
1855,900,0.0,53820,NY
1860,900,0.0,53820,NY
1865,900,0.0,53820,NY
1870,900,0.0,53820,NY
1875,900,0.0,53820,NY
1880,900,0.0,53820,NY
1885,900,0.0,53820,NY
1890,900,0.0,53820,NY
1895,900,0.0,53820,NY
1900,900,0.0,53820,NY
1905,900,0.0,53820,NY
1910,900,0.0,53820,NY
1915,900,0.0,53820,NY
1920,900,0.0,53820,NY
1925,900,0.0,53820,NY
1930,900,0.0,53820,NY
1935,900,0.0,53820,NY
1940,900,0.0,53820,NY
1945,900,0.0,53820,NY
1950,900,0.0,53820,NY
1955,900,0.0,53820,NY
1960,900,0.0,53820,NY
1965,900,0.0,53820,NY
1970,900,0.0,53820,NY
1975,900,0.0,53820,NY
1980,900,0.0,53820,NY
1985,900,0.0,53820,NY
1990,900,0.0,53820,NY
1995,900,0.0,53820,NY
2000,900,0.0,53820,NY
50,900,1.0,10800,NY_CLOSE
55,900,1.0,10800,NY_CLOSE
60,900,1.0,10800,NY_CLOSE
65,900,1.0,10800,NY_CLOSE
70,900,1.0,10800,NY_CLOSE
75,900,0.999815,10800,NY_CLOSE
80,900,0.998889,10800,NY_CLOSE
85,900,0.998241,10800,NY_CLOSE
90,900,0.997315,10800,NY_CLOSE
95,900,0.995463,10800,NY_CLOSE
100,900,0.99287,10800,NY_CLOSE
105,900,0.989074,10800,NY_CLOSE
110,900,0.98287,10800,NY_CLOSE
115,900,0.975556,10800,NY_CLOSE
120,900,0.968426,10800,NY_CLOSE
125,900,0.961019,10800,NY_CLOSE
130,900,0.951944,10800,NY_CLOSE
135,900,0.94037,10800,NY_CLOSE
140,900,0.929074,10800,NY_CLOSE
145,900,0.9175,10800,NY_CLOSE
150,900,0.906759,10800,NY_CLOSE
155,900,0.89287,10800,NY_CLOSE
160,900,0.878148,10800,NY_CLOSE
165,900,0.860741,10800,NY_CLOSE
170,900,0.843889,10800,NY_CLOSE
175,900,0.826019,10800,NY_CLOSE
180,900,0.811296,10800,NY_CLOSE
185,900,0.790926,10800,NY_CLOSE
190,900,0.772685,10800,NY_CLOSE
195,900,0.75537,10800,NY_CLOSE
200,900,0.735185,10800,NY_CLOSE
205,900,0.71713,10800,NY_CLOSE
210,900,0.698056,10800,NY_CLOSE
215,900,0.679907,10800,NY_CLOSE
220,900,0.660556,10800,NY_CLOSE
225,900,0.6425,10800,NY_CLOSE
230,900,0.626204,10800,NY_CLOSE
235,900,0.60787,10800,NY_CLOSE
240,900,0.589259,10800,NY_CLOSE
245,900,0.570926,10800,NY_CLOSE
250,900,0.551574,10800,NY_CLOSE
255,900,0.538148,10800,NY_CLOSE
260,900,0.52,10800,NY_CLOSE
265,900,0.506574,10800,NY_CLOSE
270,900,0.493056,10800,NY_CLOSE
275,900,0.476111,10800,NY_CLOSE
280,900,0.460926,10800,NY_CLOSE
285,900,0.44537,10800,NY_CLOSE
290,900,0.430463,10800,NY_CLOSE
295,900,0.415463,10800,NY_CLOSE
300,900,0.400278,10800,NY_CLOSE
305,900,0.384815,10800,NY_CLOSE
310,900,0.372315,10800,NY_CLOSE
315,900,0.359907,10800,NY_CLOSE
320,900,0.347593,10800,NY_CLOSE
325,900,0.334167,10800,NY_CLOSE
330,900,0.321019,10800,NY_CLOSE
335,900,0.309815,10800,NY_CLOSE
340,900,0.299722,10800,NY_CLOSE
345,900,0.289167,10800,NY_CLOSE
350,900,0.278333,10800,NY_CLOSE
355,900,0.266944,10800,NY_CLOSE
360,900,0.257037,10800,NY_CLOSE
365,900,0.246852,10800,NY_CLOSE
370,900,0.236574,10800,NY_CLOSE
375,900,0.229074,10800,NY_CLOSE
380,900,0.221204,10800,NY_CLOSE
385,900,0.214167,10800,NY_CLOSE
390,900,0.2075,10800,NY_CLOSE
395,900,0.198241,10800,NY_CLOSE
400,900,0.190648,10800,NY_CLOSE
405,900,0.184259,10800,NY_CLOSE
410,900,0.176296,10800,NY_CLOSE
415,900,0.168981,10800,NY_CLOSE
420,900,0.162778,10800,NY_CLOSE
425,900,0.156204,10800,NY_CLOSE
430,900,0.149444,10800,NY_CLOSE
435,900,0.143611,10800,NY_CLOSE
440,900,0.137315,10800,NY_CLOSE
445,900,0.132778,10800,NY_CLOSE
450,900,0.125833,10800,NY_CLOSE
455,900,0.121204,10800,NY_CLOSE
460,900,0.116481,10800,NY_CLOSE
465,900,0.111296,10800,NY_CLOSE
470,900,0.106574,10800,NY_CLOSE
475,900,0.101852,10800,NY_CLOSE
480,900,0.097778,10800,NY_CLOSE
485,900,0.094352,10800,NY_CLOSE
490,900,0.090093,10800,NY_CLOSE
495,900,0.085833,10800,NY_CLOSE
500,900,0.082685,10800,NY_CLOSE
505,900,0.078704,10800,NY_CLOSE
510,900,0.075463,10800,NY_CLOSE
515,900,0.072407,10800,NY_CLOSE
520,900,0.069722,10800,NY_CLOSE
525,900,0.067037,10800,NY_CLOSE
530,900,0.06287,10800,NY_CLOSE
535,900,0.06,10800,NY_CLOSE
540,900,0.0575,10800,NY_CLOSE
545,900,0.054167,10800,NY_CLOSE
550,900,0.050833,10800,NY_CLOSE
555,900,0.047963,10800,NY_CLOSE
560,900,0.04537,10800,NY_CLOSE
565,900,0.0425,10800,NY_CLOSE
570,900,0.040093,10800,NY_CLOSE
575,900,0.037963,10800,NY_CLOSE
580,900,0.035556,10800,NY_CLOSE
585,900,0.033426,10800,NY_CLOSE
590,900,0.031574,10800,NY_CLOSE
595,900,0.030648,10800,NY_CLOSE
600,900,0.029074,10800,NY_CLOSE
605,900,0.027407,10800,NY_CLOSE
610,900,0.026389,10800,NY_CLOSE
615,900,0.024907,10800,NY_CLOSE
620,900,0.023241,10800,NY_CLOSE
625,900,0.021759,10800,NY_CLOSE
630,900,0.02037,10800,NY_CLOSE
635,900,0.018981,10800,NY_CLOSE
640,900,0.017963,10800,NY_CLOSE
645,900,0.017037,10800,NY_CLOSE
650,900,0.016389,10800,NY_CLOSE
655,900,0.015926,10800,NY_CLOSE
660,900,0.014907,10800,NY_CLOSE
665,900,0.014352,10800,NY_CLOSE
670,900,0.013704,10800,NY_CLOSE
675,900,0.0125,10800,NY_CLOSE
680,900,0.011667,10800,NY_CLOSE
685,900,0.011204,10800,NY_CLOSE
690,900,0.010833,10800,NY_CLOSE
695,900,0.010556,10800,NY_CLOSE
700,900,0.01,10800,NY_CLOSE
705,900,0.00963,10800,NY_CLOSE
710,900,0.009537,10800,NY_CLOSE
715,900,0.009167,10800,NY_CLOSE
720,900,0.008981,10800,NY_CLOSE
725,900,0.008889,10800,NY_CLOSE
730,900,0.008519,10800,NY_CLOSE
735,900,0.008056,10800,NY_CLOSE
740,900,0.007593,10800,NY_CLOSE
745,900,0.007407,10800,NY_CLOSE
750,900,0.00713,10800,NY_CLOSE
755,900,0.006667,10800,NY_CLOSE
760,900,0.006667,10800,NY_CLOSE
765,900,0.006481,10800,NY_CLOSE
770,900,0.006204,10800,NY_CLOSE
775,900,0.006019,10800,NY_CLOSE
780,900,0.005741,10800,NY_CLOSE
785,900,0.005648,10800,NY_CLOSE
790,900,0.005463,10800,NY_CLOSE
795,900,0.005093,10800,NY_CLOSE
800,900,0.004444,10800,NY_CLOSE
805,900,0.004352,10800,NY_CLOSE
810,900,0.004259,10800,NY_CLOSE
815,900,0.004167,10800,NY_CLOSE
820,900,0.004074,10800,NY_CLOSE
825,900,0.003889,10800,NY_CLOSE
830,900,0.003704,10800,NY_CLOSE
835,900,0.003611,10800,NY_CLOSE
840,900,0.003426,10800,NY_CLOSE
845,900,0.003333,10800,NY_CLOSE
850,900,0.003241,10800,NY_CLOSE
855,900,0.002685,10800,NY_CLOSE
860,900,0.002593,10800,NY_CLOSE
865,900,0.0025,10800,NY_CLOSE
870,900,0.0025,10800,NY_CLOSE
875,900,0.002407,10800,NY_CLOSE
880,900,0.002407,10800,NY_CLOSE
885,900,0.002315,10800,NY_CLOSE
890,900,0.002315,10800,NY_CLOSE
895,900,0.002315,10800,NY_CLOSE
900,900,0.002037,10800,NY_CLOSE
905,900,0.001944,10800,NY_CLOSE
910,900,0.001944,10800,NY_CLOSE
915,900,0.001667,10800,NY_CLOSE
920,900,0.001574,10800,NY_CLOSE
925,900,0.001481,10800,NY_CLOSE
930,900,0.001481,10800,NY_CLOSE
935,900,0.001389,10800,NY_CLOSE
940,900,0.001296,10800,NY_CLOSE
945,900,0.001204,10800,NY_CLOSE
950,900,0.001204,10800,NY_CLOSE
955,900,0.001204,10800,NY_CLOSE
960,900,0.001019,10800,NY_CLOSE
965,900,0.001019,10800,NY_CLOSE
970,900,0.000926,10800,NY_CLOSE
975,900,0.000833,10800,NY_CLOSE
980,900,0.000833,10800,NY_CLOSE
985,900,0.000833,10800,NY_CLOSE
990,900,0.000833,10800,NY_CLOSE
995,900,0.000741,10800,NY_CLOSE
1000,900,0.000741,10800,NY_CLOSE
1005,900,0.000741,10800,NY_CLOSE
1010,900,0.000648,10800,NY_CLOSE
1015,900,0.000648,10800,NY_CLOSE
1020,900,0.000648,10800,NY_CLOSE
1025,900,0.000556,10800,NY_CLOSE
1030,900,0.00037,10800,NY_CLOSE
1035,900,0.00037,10800,NY_CLOSE
1040,900,0.000278,10800,NY_CLOSE
1045,900,0.000278,10800,NY_CLOSE
1050,900,0.000185,10800,NY_CLOSE
1055,900,0.000185,10800,NY_CLOSE
1060,900,0.000185,10800,NY_CLOSE
1065,900,9.3e-05,10800,NY_CLOSE
1070,900,9.3e-05,10800,NY_CLOSE
1075,900,9.3e-05,10800,NY_CLOSE
1080,900,9.3e-05,10800,NY_CLOSE
1085,900,9.3e-05,10800,NY_CLOSE
1090,900,9.3e-05,10800,NY_CLOSE
1095,900,9.3e-05,10800,NY_CLOSE
1100,900,9.3e-05,10800,NY_CLOSE
1105,900,9.3e-05,10800,NY_CLOSE
1110,900,9.3e-05,10800,NY_CLOSE
1115,900,9.3e-05,10800,NY_CLOSE
1120,900,9.3e-05,10800,NY_CLOSE
1125,900,9.3e-05,10800,NY_CLOSE
1130,900,9.3e-05,10800,NY_CLOSE
1135,900,9.3e-05,10800,NY_CLOSE
1140,900,9.3e-05,10800,NY_CLOSE
1145,900,9.3e-05,10800,NY_CLOSE
1150,900,9.3e-05,10800,NY_CLOSE
1155,900,9.3e-05,10800,NY_CLOSE
1160,900,9.3e-05,10800,NY_CLOSE
1165,900,9.3e-05,10800,NY_CLOSE
1170,900,9.3e-05,10800,NY_CLOSE
1175,900,9.3e-05,10800,NY_CLOSE
1180,900,0.0,10800,NY_CLOSE
1185,900,0.0,10800,NY_CLOSE
1190,900,0.0,10800,NY_CLOSE
1195,900,0.0,10800,NY_CLOSE
1200,900,0.0,10800,NY_CLOSE
1205,900,0.0,10800,NY_CLOSE
1210,900,0.0,10800,NY_CLOSE
1215,900,0.0,10800,NY_CLOSE
1220,900,0.0,10800,NY_CLOSE
1225,900,0.0,10800,NY_CLOSE
1230,900,0.0,10800,NY_CLOSE
1235,900,0.0,10800,NY_CLOSE
1240,900,0.0,10800,NY_CLOSE
1245,900,0.0,10800,NY_CLOSE
1250,900,0.0,10800,NY_CLOSE
1255,900,0.0,10800,NY_CLOSE
1260,900,0.0,10800,NY_CLOSE
1265,900,0.0,10800,NY_CLOSE
1270,900,0.0,10800,NY_CLOSE
1275,900,0.0,10800,NY_CLOSE
1280,900,0.0,10800,NY_CLOSE
1285,900,0.0,10800,NY_CLOSE
1290,900,0.0,10800,NY_CLOSE
1295,900,0.0,10800,NY_CLOSE
1300,900,0.0,10800,NY_CLOSE
1305,900,0.0,10800,NY_CLOSE
1310,900,0.0,10800,NY_CLOSE
1315,900,0.0,10800,NY_CLOSE
1320,900,0.0,10800,NY_CLOSE
1325,900,0.0,10800,NY_CLOSE
1330,900,0.0,10800,NY_CLOSE
1335,900,0.0,10800,NY_CLOSE
1340,900,0.0,10800,NY_CLOSE
1345,900,0.0,10800,NY_CLOSE
1350,900,0.0,10800,NY_CLOSE
1355,900,0.0,10800,NY_CLOSE
1360,900,0.0,10800,NY_CLOSE
1365,900,0.0,10800,NY_CLOSE
1370,900,0.0,10800,NY_CLOSE
1375,900,0.0,10800,NY_CLOSE
1380,900,0.0,10800,NY_CLOSE
1385,900,0.0,10800,NY_CLOSE
1390,900,0.0,10800,NY_CLOSE
1395,900,0.0,10800,NY_CLOSE
1400,900,0.0,10800,NY_CLOSE
1405,900,0.0,10800,NY_CLOSE
1410,900,0.0,10800,NY_CLOSE
1415,900,0.0,10800,NY_CLOSE
1420,900,0.0,10800,NY_CLOSE
1425,900,0.0,10800,NY_CLOSE
1430,900,0.0,10800,NY_CLOSE
1435,900,0.0,10800,NY_CLOSE
1440,900,0.0,10800,NY_CLOSE
1445,900,0.0,10800,NY_CLOSE
1450,900,0.0,10800,NY_CLOSE
1455,900,0.0,10800,NY_CLOSE
1460,900,0.0,10800,NY_CLOSE
1465,900,0.0,10800,NY_CLOSE
1470,900,0.0,10800,NY_CLOSE
1475,900,0.0,10800,NY_CLOSE
1480,900,0.0,10800,NY_CLOSE
1485,900,0.0,10800,NY_CLOSE
1490,900,0.0,10800,NY_CLOSE
1495,900,0.0,10800,NY_CLOSE
1500,900,0.0,10800,NY_CLOSE
1505,900,0.0,10800,NY_CLOSE
1510,900,0.0,10800,NY_CLOSE
1515,900,0.0,10800,NY_CLOSE
1520,900,0.0,10800,NY_CLOSE
1525,900,0.0,10800,NY_CLOSE
1530,900,0.0,10800,NY_CLOSE
1535,900,0.0,10800,NY_CLOSE
1540,900,0.0,10800,NY_CLOSE
1545,900,0.0,10800,NY_CLOSE
1550,900,0.0,10800,NY_CLOSE
1555,900,0.0,10800,NY_CLOSE
1560,900,0.0,10800,NY_CLOSE
1565,900,0.0,10800,NY_CLOSE
1570,900,0.0,10800,NY_CLOSE
1575,900,0.0,10800,NY_CLOSE
1580,900,0.0,10800,NY_CLOSE
1585,900,0.0,10800,NY_CLOSE
1590,900,0.0,10800,NY_CLOSE
1595,900,0.0,10800,NY_CLOSE
1600,900,0.0,10800,NY_CLOSE
1605,900,0.0,10800,NY_CLOSE
1610,900,0.0,10800,NY_CLOSE
1615,900,0.0,10800,NY_CLOSE
1620,900,0.0,10800,NY_CLOSE
1625,900,0.0,10800,NY_CLOSE
1630,900,0.0,10800,NY_CLOSE
1635,900,0.0,10800,NY_CLOSE
1640,900,0.0,10800,NY_CLOSE
1645,900,0.0,10800,NY_CLOSE
1650,900,0.0,10800,NY_CLOSE
1655,900,0.0,10800,NY_CLOSE
1660,900,0.0,10800,NY_CLOSE
1665,900,0.0,10800,NY_CLOSE
1670,900,0.0,10800,NY_CLOSE
1675,900,0.0,10800,NY_CLOSE
1680,900,0.0,10800,NY_CLOSE
1685,900,0.0,10800,NY_CLOSE
1690,900,0.0,10800,NY_CLOSE
1695,900,0.0,10800,NY_CLOSE
1700,900,0.0,10800,NY_CLOSE
1705,900,0.0,10800,NY_CLOSE
1710,900,0.0,10800,NY_CLOSE
1715,900,0.0,10800,NY_CLOSE
1720,900,0.0,10800,NY_CLOSE
1725,900,0.0,10800,NY_CLOSE
1730,900,0.0,10800,NY_CLOSE
1735,900,0.0,10800,NY_CLOSE
1740,900,0.0,10800,NY_CLOSE
1745,900,0.0,10800,NY_CLOSE
1750,900,0.0,10800,NY_CLOSE
1755,900,0.0,10800,NY_CLOSE
1760,900,0.0,10800,NY_CLOSE
1765,900,0.0,10800,NY_CLOSE
1770,900,0.0,10800,NY_CLOSE
1775,900,0.0,10800,NY_CLOSE
1780,900,0.0,10800,NY_CLOSE
1785,900,0.0,10800,NY_CLOSE
1790,900,0.0,10800,NY_CLOSE
1795,900,0.0,10800,NY_CLOSE
1800,900,0.0,10800,NY_CLOSE
1805,900,0.0,10800,NY_CLOSE
1810,900,0.0,10800,NY_CLOSE
1815,900,0.0,10800,NY_CLOSE
1820,900,0.0,10800,NY_CLOSE
1825,900,0.0,10800,NY_CLOSE
1830,900,0.0,10800,NY_CLOSE
1835,900,0.0,10800,NY_CLOSE
1840,900,0.0,10800,NY_CLOSE
1845,900,0.0,10800,NY_CLOSE
1850,900,0.0,10800,NY_CLOSE
1855,900,0.0,10800,NY_CLOSE
1860,900,0.0,10800,NY_CLOSE
1865,900,0.0,10800,NY_CLOSE
1870,900,0.0,10800,NY_CLOSE
1875,900,0.0,10800,NY_CLOSE
1880,900,0.0,10800,NY_CLOSE
1885,900,0.0,10800,NY_CLOSE
1890,900,0.0,10800,NY_CLOSE
1895,900,0.0,10800,NY_CLOSE
1900,900,0.0,10800,NY_CLOSE
1905,900,0.0,10800,NY_CLOSE
1910,900,0.0,10800,NY_CLOSE
1915,900,0.0,10800,NY_CLOSE
1920,900,0.0,10800,NY_CLOSE
1925,900,0.0,10800,NY_CLOSE
1930,900,0.0,10800,NY_CLOSE
1935,900,0.0,10800,NY_CLOSE
1940,900,0.0,10800,NY_CLOSE
1945,900,0.0,10800,NY_CLOSE
1950,900,0.0,10800,NY_CLOSE
1955,900,0.0,10800,NY_CLOSE
1960,900,0.0,10800,NY_CLOSE
1965,900,0.0,10800,NY_CLOSE
1970,900,0.0,10800,NY_CLOSE
1975,900,0.0,10800,NY_CLOSE
1980,900,0.0,10800,NY_CLOSE
1985,900,0.0,10800,NY_CLOSE
1990,900,0.0,10800,NY_CLOSE
1995,900,0.0,10800,NY_CLOSE
2000,900,0.0,10800,NY_CLOSE
50,900,1.0,10800,NY_OPEN
55,900,1.0,10800,NY_OPEN
60,900,1.0,10800,NY_OPEN
65,900,1.0,10800,NY_OPEN
70,900,1.0,10800,NY_OPEN
75,900,1.0,10800,NY_OPEN
80,900,1.0,10800,NY_OPEN
85,900,1.0,10800,NY_OPEN
90,900,1.0,10800,NY_OPEN
95,900,0.999907,10800,NY_OPEN
100,900,0.999815,10800,NY_OPEN
105,900,0.999722,10800,NY_OPEN
110,900,0.999167,10800,NY_OPEN
115,900,0.998981,10800,NY_OPEN
120,900,0.998519,10800,NY_OPEN
125,900,0.997037,10800,NY_OPEN
130,900,0.995463,10800,NY_OPEN
135,900,0.992963,10800,NY_OPEN
140,900,0.99037,10800,NY_OPEN
145,900,0.986944,10800,NY_OPEN
150,900,0.982685,10800,NY_OPEN
155,900,0.977778,10800,NY_OPEN
160,900,0.97213,10800,NY_OPEN
165,900,0.964722,10800,NY_OPEN
170,900,0.957685,10800,NY_OPEN
175,900,0.949074,10800,NY_OPEN
180,900,0.938889,10800,NY_OPEN
185,900,0.928426,10800,NY_OPEN
190,900,0.918704,10800,NY_OPEN
195,900,0.908056,10800,NY_OPEN
200,900,0.897963,10800,NY_OPEN
205,900,0.886204,10800,NY_OPEN
210,900,0.874907,10800,NY_OPEN
215,900,0.860833,10800,NY_OPEN
220,900,0.847593,10800,NY_OPEN
225,900,0.833056,10800,NY_OPEN
230,900,0.819815,10800,NY_OPEN
235,900,0.806852,10800,NY_OPEN
240,900,0.794722,10800,NY_OPEN
245,900,0.781389,10800,NY_OPEN
250,900,0.768796,10800,NY_OPEN
255,900,0.753796,10800,NY_OPEN
260,900,0.737685,10800,NY_OPEN
265,900,0.724074,10800,NY_OPEN
270,900,0.710278,10800,NY_OPEN
275,900,0.696667,10800,NY_OPEN
280,900,0.681852,10800,NY_OPEN
285,900,0.67037,10800,NY_OPEN
290,900,0.656389,10800,NY_OPEN
295,900,0.643426,10800,NY_OPEN
300,900,0.629259,10800,NY_OPEN
305,900,0.615278,10800,NY_OPEN
310,900,0.603519,10800,NY_OPEN
315,900,0.591111,10800,NY_OPEN
320,900,0.579352,10800,NY_OPEN
325,900,0.566296,10800,NY_OPEN
330,900,0.552407,10800,NY_OPEN
335,900,0.539259,10800,NY_OPEN
340,900,0.526852,10800,NY_OPEN
345,900,0.514722,10800,NY_OPEN
350,900,0.501852,10800,NY_OPEN
355,900,0.490463,10800,NY_OPEN
360,900,0.478889,10800,NY_OPEN
365,900,0.468333,10800,NY_OPEN
370,900,0.458241,10800,NY_OPEN
375,900,0.446389,10800,NY_OPEN
380,900,0.436389,10800,NY_OPEN
385,900,0.426296,10800,NY_OPEN
390,900,0.413889,10800,NY_OPEN
395,900,0.405556,10800,NY_OPEN
400,900,0.397685,10800,NY_OPEN
405,900,0.38787,10800,NY_OPEN
410,900,0.377778,10800,NY_OPEN
415,900,0.368426,10800,NY_OPEN
420,900,0.36,10800,NY_OPEN
425,900,0.350926,10800,NY_OPEN
430,900,0.341019,10800,NY_OPEN
435,900,0.3325,10800,NY_OPEN
440,900,0.323704,10800,NY_OPEN
445,900,0.31463,10800,NY_OPEN
450,900,0.305833,10800,NY_OPEN
455,900,0.298056,10800,NY_OPEN
460,900,0.290833,10800,NY_OPEN
465,900,0.282315,10800,NY_OPEN
470,900,0.276667,10800,NY_OPEN
475,900,0.268611,10800,NY_OPEN
480,900,0.261759,10800,NY_OPEN
485,900,0.255463,10800,NY_OPEN
490,900,0.249444,10800,NY_OPEN
495,900,0.242685,10800,NY_OPEN
500,900,0.236481,10800,NY_OPEN
505,900,0.229722,10800,NY_OPEN
510,900,0.223611,10800,NY_OPEN
515,900,0.216481,10800,NY_OPEN
520,900,0.211389,10800,NY_OPEN
525,900,0.204167,10800,NY_OPEN
530,900,0.198426,10800,NY_OPEN
535,900,0.193148,10800,NY_OPEN
540,900,0.187407,10800,NY_OPEN
545,900,0.181852,10800,NY_OPEN
550,900,0.176204,10800,NY_OPEN
555,900,0.171389,10800,NY_OPEN
560,900,0.167963,10800,NY_OPEN
565,900,0.162778,10800,NY_OPEN
570,900,0.158519,10800,NY_OPEN
575,900,0.154815,10800,NY_OPEN
580,900,0.150463,10800,NY_OPEN
585,900,0.14537,10800,NY_OPEN
590,900,0.141481,10800,NY_OPEN
595,900,0.136944,10800,NY_OPEN
600,900,0.132778,10800,NY_OPEN
605,900,0.129259,10800,NY_OPEN
610,900,0.125278,10800,NY_OPEN
615,900,0.122222,10800,NY_OPEN
620,900,0.118704,10800,NY_OPEN
625,900,0.114352,10800,NY_OPEN
630,900,0.110648,10800,NY_OPEN
635,900,0.107593,10800,NY_OPEN
640,900,0.104815,10800,NY_OPEN
645,900,0.101759,10800,NY_OPEN
650,900,0.097685,10800,NY_OPEN
655,900,0.0925,10800,NY_OPEN
660,900,0.089907,10800,NY_OPEN
665,900,0.08713,10800,NY_OPEN
670,900,0.084167,10800,NY_OPEN
675,900,0.081667,10800,NY_OPEN
680,900,0.079352,10800,NY_OPEN
685,900,0.076759,10800,NY_OPEN
690,900,0.073889,10800,NY_OPEN
695,900,0.071574,10800,NY_OPEN
700,900,0.069907,10800,NY_OPEN
705,900,0.0675,10800,NY_OPEN
710,900,0.066204,10800,NY_OPEN
715,900,0.064074,10800,NY_OPEN
720,900,0.062037,10800,NY_OPEN
725,900,0.060185,10800,NY_OPEN
730,900,0.058704,10800,NY_OPEN
735,900,0.056759,10800,NY_OPEN
740,900,0.054907,10800,NY_OPEN
745,900,0.053148,10800,NY_OPEN
750,900,0.051296,10800,NY_OPEN
755,900,0.049352,10800,NY_OPEN
760,900,0.0475,10800,NY_OPEN
765,900,0.046389,10800,NY_OPEN
770,900,0.044537,10800,NY_OPEN
775,900,0.043056,10800,NY_OPEN
780,900,0.040926,10800,NY_OPEN
785,900,0.03963,10800,NY_OPEN
790,900,0.038241,10800,NY_OPEN
795,900,0.036852,10800,NY_OPEN
800,900,0.035093,10800,NY_OPEN
805,900,0.034444,10800,NY_OPEN
810,900,0.032963,10800,NY_OPEN
815,900,0.031852,10800,NY_OPEN
820,900,0.031204,10800,NY_OPEN
825,900,0.03,10800,NY_OPEN
830,900,0.029537,10800,NY_OPEN
835,900,0.028426,10800,NY_OPEN
840,900,0.02713,10800,NY_OPEN
845,900,0.026296,10800,NY_OPEN
850,900,0.025278,10800,NY_OPEN
855,900,0.024444,10800,NY_OPEN
860,900,0.023796,10800,NY_OPEN
865,900,0.023333,10800,NY_OPEN
870,900,0.022778,10800,NY_OPEN
875,900,0.021574,10800,NY_OPEN
880,900,0.020926,10800,NY_OPEN
885,900,0.020185,10800,NY_OPEN
890,900,0.019444,10800,NY_OPEN
895,900,0.019167,10800,NY_OPEN
900,900,0.018704,10800,NY_OPEN
905,900,0.018148,10800,NY_OPEN
910,900,0.017222,10800,NY_OPEN
915,900,0.01713,10800,NY_OPEN
920,900,0.016759,10800,NY_OPEN
925,900,0.016574,10800,NY_OPEN
930,900,0.015648,10800,NY_OPEN
935,900,0.015185,10800,NY_OPEN
940,900,0.01463,10800,NY_OPEN
945,900,0.013889,10800,NY_OPEN
950,900,0.013704,10800,NY_OPEN
955,900,0.012685,10800,NY_OPEN
960,900,0.01213,10800,NY_OPEN
965,900,0.011852,10800,NY_OPEN
970,900,0.011481,10800,NY_OPEN
975,900,0.011019,10800,NY_OPEN
980,900,0.010556,10800,NY_OPEN
985,900,0.010278,10800,NY_OPEN
990,900,0.009815,10800,NY_OPEN
995,900,0.009537,10800,NY_OPEN
1000,900,0.009167,10800,NY_OPEN
1005,900,0.008889,10800,NY_OPEN
1010,900,0.008889,10800,NY_OPEN
1015,900,0.008611,10800,NY_OPEN
1020,900,0.008241,10800,NY_OPEN
1025,900,0.007963,10800,NY_OPEN
1030,900,0.007778,10800,NY_OPEN
1035,900,0.0075,10800,NY_OPEN
1040,900,0.007315,10800,NY_OPEN
1045,900,0.007037,10800,NY_OPEN
1050,900,0.006759,10800,NY_OPEN
1055,900,0.006574,10800,NY_OPEN
1060,900,0.006389,10800,NY_OPEN
1065,900,0.006204,10800,NY_OPEN
1070,900,0.006204,10800,NY_OPEN
1075,900,0.006111,10800,NY_OPEN
1080,900,0.005648,10800,NY_OPEN
1085,900,0.005278,10800,NY_OPEN
1090,900,0.005093,10800,NY_OPEN
1095,900,0.004815,10800,NY_OPEN
1100,900,0.004537,10800,NY_OPEN
1105,900,0.004074,10800,NY_OPEN
1110,900,0.003889,10800,NY_OPEN
1115,900,0.003889,10800,NY_OPEN
1120,900,0.003611,10800,NY_OPEN
1125,900,0.003519,10800,NY_OPEN
1130,900,0.003148,10800,NY_OPEN
1135,900,0.00287,10800,NY_OPEN
1140,900,0.002685,10800,NY_OPEN
1145,900,0.0025,10800,NY_OPEN
1150,900,0.002407,10800,NY_OPEN
1155,900,0.002407,10800,NY_OPEN
1160,900,0.002315,10800,NY_OPEN
1165,900,0.002222,10800,NY_OPEN
1170,900,0.00213,10800,NY_OPEN
1175,900,0.00213,10800,NY_OPEN
1180,900,0.001944,10800,NY_OPEN
1185,900,0.001852,10800,NY_OPEN
1190,900,0.001852,10800,NY_OPEN
1195,900,0.001759,10800,NY_OPEN
1200,900,0.001667,10800,NY_OPEN
1205,900,0.001667,10800,NY_OPEN
1210,900,0.001481,10800,NY_OPEN
1215,900,0.001389,10800,NY_OPEN
1220,900,0.001389,10800,NY_OPEN
1225,900,0.001389,10800,NY_OPEN
1230,900,0.001389,10800,NY_OPEN
1235,900,0.001389,10800,NY_OPEN
1240,900,0.001389,10800,NY_OPEN
1245,900,0.001389,10800,NY_OPEN
1250,900,0.001389,10800,NY_OPEN
1255,900,0.001296,10800,NY_OPEN
1260,900,0.001296,10800,NY_OPEN
1265,900,0.001111,10800,NY_OPEN
1270,900,0.001019,10800,NY_OPEN
1275,900,0.001019,10800,NY_OPEN
1280,900,0.001019,10800,NY_OPEN
1285,900,0.000926,10800,NY_OPEN
1290,900,0.000926,10800,NY_OPEN
1295,900,0.000833,10800,NY_OPEN
1300,900,0.000833,10800,NY_OPEN
1305,900,0.000833,10800,NY_OPEN
1310,900,0.000741,10800,NY_OPEN
1315,900,0.000741,10800,NY_OPEN
1320,900,0.000741,10800,NY_OPEN
1325,900,0.000741,10800,NY_OPEN
1330,900,0.000741,10800,NY_OPEN
1335,900,0.000648,10800,NY_OPEN
1340,900,0.000556,10800,NY_OPEN
1345,900,0.00037,10800,NY_OPEN
1350,900,0.00037,10800,NY_OPEN
1355,900,0.000278,10800,NY_OPEN
1360,900,0.000185,10800,NY_OPEN
1365,900,0.000185,10800,NY_OPEN
1370,900,0.000185,10800,NY_OPEN
1375,900,0.000185,10800,NY_OPEN
1380,900,0.000185,10800,NY_OPEN
1385,900,0.000185,10800,NY_OPEN
1390,900,0.000185,10800,NY_OPEN
1395,900,0.000185,10800,NY_OPEN
1400,900,0.000185,10800,NY_OPEN
1405,900,0.000185,10800,NY_OPEN
1410,900,0.000185,10800,NY_OPEN
1415,900,0.000185,10800,NY_OPEN
1420,900,0.000185,10800,NY_OPEN
1425,900,0.000185,10800,NY_OPEN
1430,900,9.3e-05,10800,NY_OPEN
1435,900,9.3e-05,10800,NY_OPEN
1440,900,9.3e-05,10800,NY_OPEN
1445,900,0.0,10800,NY_OPEN
1450,900,0.0,10800,NY_OPEN
1455,900,0.0,10800,NY_OPEN
1460,900,0.0,10800,NY_OPEN
1465,900,0.0,10800,NY_OPEN
1470,900,0.0,10800,NY_OPEN
1475,900,0.0,10800,NY_OPEN
1480,900,0.0,10800,NY_OPEN
1485,900,0.0,10800,NY_OPEN
1490,900,0.0,10800,NY_OPEN
1495,900,0.0,10800,NY_OPEN
1500,900,0.0,10800,NY_OPEN
1505,900,0.0,10800,NY_OPEN
1510,900,0.0,10800,NY_OPEN
1515,900,0.0,10800,NY_OPEN
1520,900,0.0,10800,NY_OPEN
1525,900,0.0,10800,NY_OPEN
1530,900,0.0,10800,NY_OPEN
1535,900,0.0,10800,NY_OPEN
1540,900,0.0,10800,NY_OPEN
1545,900,0.0,10800,NY_OPEN
1550,900,0.0,10800,NY_OPEN
1555,900,0.0,10800,NY_OPEN
1560,900,0.0,10800,NY_OPEN
1565,900,0.0,10800,NY_OPEN
1570,900,0.0,10800,NY_OPEN
1575,900,0.0,10800,NY_OPEN
1580,900,0.0,10800,NY_OPEN
1585,900,0.0,10800,NY_OPEN
1590,900,0.0,10800,NY_OPEN
1595,900,0.0,10800,NY_OPEN
1600,900,0.0,10800,NY_OPEN
1605,900,0.0,10800,NY_OPEN
1610,900,0.0,10800,NY_OPEN
1615,900,0.0,10800,NY_OPEN
1620,900,0.0,10800,NY_OPEN
1625,900,0.0,10800,NY_OPEN
1630,900,0.0,10800,NY_OPEN
1635,900,0.0,10800,NY_OPEN
1640,900,0.0,10800,NY_OPEN
1645,900,0.0,10800,NY_OPEN
1650,900,0.0,10800,NY_OPEN
1655,900,0.0,10800,NY_OPEN
1660,900,0.0,10800,NY_OPEN
1665,900,0.0,10800,NY_OPEN
1670,900,0.0,10800,NY_OPEN
1675,900,0.0,10800,NY_OPEN
1680,900,0.0,10800,NY_OPEN
1685,900,0.0,10800,NY_OPEN
1690,900,0.0,10800,NY_OPEN
1695,900,0.0,10800,NY_OPEN
1700,900,0.0,10800,NY_OPEN
1705,900,0.0,10800,NY_OPEN
1710,900,0.0,10800,NY_OPEN
1715,900,0.0,10800,NY_OPEN
1720,900,0.0,10800,NY_OPEN
1725,900,0.0,10800,NY_OPEN
1730,900,0.0,10800,NY_OPEN
1735,900,0.0,10800,NY_OPEN
1740,900,0.0,10800,NY_OPEN
1745,900,0.0,10800,NY_OPEN
1750,900,0.0,10800,NY_OPEN
1755,900,0.0,10800,NY_OPEN
1760,900,0.0,10800,NY_OPEN
1765,900,0.0,10800,NY_OPEN
1770,900,0.0,10800,NY_OPEN
1775,900,0.0,10800,NY_OPEN
1780,900,0.0,10800,NY_OPEN
1785,900,0.0,10800,NY_OPEN
1790,900,0.0,10800,NY_OPEN
1795,900,0.0,10800,NY_OPEN
1800,900,0.0,10800,NY_OPEN
1805,900,0.0,10800,NY_OPEN
1810,900,0.0,10800,NY_OPEN
1815,900,0.0,10800,NY_OPEN
1820,900,0.0,10800,NY_OPEN
1825,900,0.0,10800,NY_OPEN
1830,900,0.0,10800,NY_OPEN
1835,900,0.0,10800,NY_OPEN
1840,900,0.0,10800,NY_OPEN
1845,900,0.0,10800,NY_OPEN
1850,900,0.0,10800,NY_OPEN
1855,900,0.0,10800,NY_OPEN
1860,900,0.0,10800,NY_OPEN
1865,900,0.0,10800,NY_OPEN
1870,900,0.0,10800,NY_OPEN
1875,900,0.0,10800,NY_OPEN
1880,900,0.0,10800,NY_OPEN
1885,900,0.0,10800,NY_OPEN
1890,900,0.0,10800,NY_OPEN
1895,900,0.0,10800,NY_OPEN
1900,900,0.0,10800,NY_OPEN
1905,900,0.0,10800,NY_OPEN
1910,900,0.0,10800,NY_OPEN
1915,900,0.0,10800,NY_OPEN
1920,900,0.0,10800,NY_OPEN
1925,900,0.0,10800,NY_OPEN
1930,900,0.0,10800,NY_OPEN
1935,900,0.0,10800,NY_OPEN
1940,900,0.0,10800,NY_OPEN
1945,900,0.0,10800,NY_OPEN
1950,900,0.0,10800,NY_OPEN
1955,900,0.0,10800,NY_OPEN
1960,900,0.0,10800,NY_OPEN
1965,900,0.0,10800,NY_OPEN
1970,900,0.0,10800,NY_OPEN
1975,900,0.0,10800,NY_OPEN
1980,900,0.0,10800,NY_OPEN
1985,900,0.0,10800,NY_OPEN
1990,900,0.0,10800,NY_OPEN
1995,900,0.0,10800,NY_OPEN
2000,900,0.0,10800,NY_OPEN
50,900,1.0,16020,NY_PRE
55,900,1.0,16020,NY_PRE
60,900,1.0,16020,NY_PRE
65,900,1.0,16020,NY_PRE
70,900,1.0,16020,NY_PRE
75,900,0.999625,16020,NY_PRE
80,900,0.999376,16020,NY_PRE
85,900,0.999064,16020,NY_PRE
90,900,0.998377,16020,NY_PRE
95,900,0.997378,16020,NY_PRE
100,900,0.995256,16020,NY_PRE
105,900,0.993134,16020,NY_PRE
110,900,0.990637,16020,NY_PRE
115,900,0.98633,16020,NY_PRE
120,900,0.982272,16020,NY_PRE
125,900,0.977341,16020,NY_PRE
130,900,0.971161,16020,NY_PRE
135,900,0.964295,16020,NY_PRE
140,900,0.956742,16020,NY_PRE
145,900,0.947815,16020,NY_PRE
150,900,0.938764,16020,NY_PRE
155,900,0.927528,16020,NY_PRE
160,900,0.916042,16020,NY_PRE
165,900,0.902497,16020,NY_PRE
170,900,0.889576,16020,NY_PRE
175,900,0.874782,16020,NY_PRE
180,900,0.861923,16020,NY_PRE
185,900,0.845943,16020,NY_PRE
190,900,0.831648,16020,NY_PRE
195,900,0.814232,16020,NY_PRE
200,900,0.798502,16020,NY_PRE
205,900,0.781273,16020,NY_PRE
210,900,0.765356,16020,NY_PRE
215,900,0.749001,16020,NY_PRE
220,900,0.731211,16020,NY_PRE
225,900,0.714544,16020,NY_PRE
230,900,0.69769,16020,NY_PRE
235,900,0.679213,16020,NY_PRE
240,900,0.662547,16020,NY_PRE
245,900,0.646941,16020,NY_PRE
250,900,0.628589,16020,NY_PRE
255,900,0.611174,16020,NY_PRE
260,900,0.594694,16020,NY_PRE
265,900,0.576841,16020,NY_PRE
270,900,0.558365,16020,NY_PRE
275,900,0.542946,16020,NY_PRE
280,900,0.527653,16020,NY_PRE
285,900,0.512172,16020,NY_PRE
290,900,0.497441,16020,NY_PRE
295,900,0.483583,16020,NY_PRE
300,900,0.469476,16020,NY_PRE
305,900,0.456554,16020,NY_PRE
310,900,0.443633,16020,NY_PRE
315,900,0.43015,16020,NY_PRE
320,900,0.414919,16020,NY_PRE
325,900,0.403433,16020,NY_PRE
330,900,0.390262,16020,NY_PRE
335,900,0.378527,16020,NY_PRE
340,900,0.365918,16020,NY_PRE
345,900,0.354994,16020,NY_PRE
350,900,0.344757,16020,NY_PRE
355,900,0.332896,16020,NY_PRE
360,900,0.32191,16020,NY_PRE
365,900,0.311985,16020,NY_PRE
370,900,0.30206,16020,NY_PRE
375,900,0.291136,16020,NY_PRE
380,900,0.280712,16020,NY_PRE
385,900,0.271536,16020,NY_PRE
390,900,0.262797,16020,NY_PRE
395,900,0.254432,16020,NY_PRE
400,900,0.24563,16020,NY_PRE
405,900,0.237203,16020,NY_PRE
410,900,0.228402,16020,NY_PRE
415,900,0.221099,16020,NY_PRE
420,900,0.213733,16020,NY_PRE
425,900,0.206117,16020,NY_PRE
430,900,0.199438,16020,NY_PRE
435,900,0.193009,16020,NY_PRE
440,900,0.186767,16020,NY_PRE
445,900,0.1799,16020,NY_PRE
450,900,0.173596,16020,NY_PRE
455,900,0.166729,16020,NY_PRE
460,900,0.160986,16020,NY_PRE
465,900,0.154682,16020,NY_PRE
470,900,0.148876,16020,NY_PRE
475,900,0.142946,16020,NY_PRE
480,900,0.137516,16020,NY_PRE
485,900,0.132584,16020,NY_PRE
490,900,0.126717,16020,NY_PRE
495,900,0.121723,16020,NY_PRE
500,900,0.116667,16020,NY_PRE
505,900,0.113109,16020,NY_PRE
510,900,0.108677,16020,NY_PRE
515,900,0.103808,16020,NY_PRE
520,900,0.099688,16020,NY_PRE
525,900,0.09613,16020,NY_PRE
530,900,0.092697,16020,NY_PRE
535,900,0.089326,16020,NY_PRE
540,900,0.086017,16020,NY_PRE
545,900,0.082397,16020,NY_PRE
550,900,0.079213,16020,NY_PRE
555,900,0.076092,16020,NY_PRE
560,900,0.07372,16020,NY_PRE
565,900,0.070849,16020,NY_PRE
570,900,0.067978,16020,NY_PRE
575,900,0.064856,16020,NY_PRE
580,900,0.062734,16020,NY_PRE
585,900,0.060487,16020,NY_PRE
590,900,0.057803,16020,NY_PRE
595,900,0.056055,16020,NY_PRE
600,900,0.053496,16020,NY_PRE
605,900,0.051373,16020,NY_PRE
610,900,0.048689,16020,NY_PRE
615,900,0.046816,16020,NY_PRE
620,900,0.045443,16020,NY_PRE
625,900,0.043258,16020,NY_PRE
630,900,0.041698,16020,NY_PRE
635,900,0.040012,16020,NY_PRE
640,900,0.038452,16020,NY_PRE
645,900,0.036767,16020,NY_PRE
650,900,0.035393,16020,NY_PRE
655,900,0.033833,16020,NY_PRE
660,900,0.03196,16020,NY_PRE
665,900,0.030836,16020,NY_PRE
670,900,0.029463,16020,NY_PRE
675,900,0.027903,16020,NY_PRE
680,900,0.026654,16020,NY_PRE
685,900,0.025593,16020,NY_PRE
690,900,0.025156,16020,NY_PRE
695,900,0.024032,16020,NY_PRE
700,900,0.023221,16020,NY_PRE
705,900,0.02166,16020,NY_PRE
710,900,0.020724,16020,NY_PRE
715,900,0.0201,16020,NY_PRE
720,900,0.019226,16020,NY_PRE
725,900,0.018851,16020,NY_PRE
730,900,0.018227,16020,NY_PRE
735,900,0.017104,16020,NY_PRE
740,900,0.016417,16020,NY_PRE
745,900,0.015418,16020,NY_PRE
750,900,0.014919,16020,NY_PRE
755,900,0.01392,16020,NY_PRE
760,900,0.013608,16020,NY_PRE
765,900,0.012859,16020,NY_PRE
770,900,0.012297,16020,NY_PRE
775,900,0.011798,16020,NY_PRE
780,900,0.011423,16020,NY_PRE
785,900,0.010861,16020,NY_PRE
790,900,0.010549,16020,NY_PRE
795,900,0.010175,16020,NY_PRE
800,900,0.009426,16020,NY_PRE
805,900,0.009051,16020,NY_PRE
810,900,0.008427,16020,NY_PRE
815,900,0.00824,16020,NY_PRE
820,900,0.008052,16020,NY_PRE
825,900,0.007491,16020,NY_PRE
830,900,0.007241,16020,NY_PRE
835,900,0.006929,16020,NY_PRE
840,900,0.006929,16020,NY_PRE
845,900,0.006742,16020,NY_PRE
850,900,0.006117,16020,NY_PRE
855,900,0.00593,16020,NY_PRE
860,900,0.005618,16020,NY_PRE
865,900,0.005493,16020,NY_PRE
870,900,0.005243,16020,NY_PRE
875,900,0.005181,16020,NY_PRE
880,900,0.005119,16020,NY_PRE
885,900,0.005119,16020,NY_PRE
890,900,0.005056,16020,NY_PRE
895,900,0.004994,16020,NY_PRE
900,900,0.004619,16020,NY_PRE
905,900,0.004494,16020,NY_PRE
910,900,0.00437,16020,NY_PRE
915,900,0.004182,16020,NY_PRE
920,900,0.00412,16020,NY_PRE
925,900,0.00387,16020,NY_PRE
930,900,0.003683,16020,NY_PRE
935,900,0.00362,16020,NY_PRE
940,900,0.00362,16020,NY_PRE
945,900,0.003558,16020,NY_PRE
950,900,0.003558,16020,NY_PRE
955,900,0.003246,16020,NY_PRE
960,900,0.003184,16020,NY_PRE
965,900,0.003121,16020,NY_PRE
970,900,0.003121,16020,NY_PRE
975,900,0.002934,16020,NY_PRE
980,900,0.002871,16020,NY_PRE
985,900,0.002809,16020,NY_PRE
990,900,0.002747,16020,NY_PRE
995,900,0.002684,16020,NY_PRE
1000,900,0.002684,16020,NY_PRE
1005,900,0.002684,16020,NY_PRE
1010,900,0.002622,16020,NY_PRE
1015,900,0.002497,16020,NY_PRE
1020,900,0.002434,16020,NY_PRE
1025,900,0.002247,16020,NY_PRE
1030,900,0.002122,16020,NY_PRE
1035,900,0.00206,16020,NY_PRE
1040,900,0.00206,16020,NY_PRE
1045,900,0.00206,16020,NY_PRE
1050,900,0.001998,16020,NY_PRE
1055,900,0.001998,16020,NY_PRE
1060,900,0.001935,16020,NY_PRE
1065,900,0.001685,16020,NY_PRE
1070,900,0.001623,16020,NY_PRE
1075,900,0.001623,16020,NY_PRE
1080,900,0.001561,16020,NY_PRE
1085,900,0.001498,16020,NY_PRE
1090,900,0.001436,16020,NY_PRE
1095,900,0.001373,16020,NY_PRE
1100,900,0.001373,16020,NY_PRE
1105,900,0.001373,16020,NY_PRE
1110,900,0.001311,16020,NY_PRE
1115,900,0.001248,16020,NY_PRE
1120,900,0.001186,16020,NY_PRE
1125,900,0.001186,16020,NY_PRE
1130,900,0.001061,16020,NY_PRE
1135,900,0.000999,16020,NY_PRE
1140,900,0.000936,16020,NY_PRE
1145,900,0.000811,16020,NY_PRE
1150,900,0.000811,16020,NY_PRE
1155,900,0.000749,16020,NY_PRE
1160,900,0.000749,16020,NY_PRE
1165,900,0.000749,16020,NY_PRE
1170,900,0.000687,16020,NY_PRE
1175,900,0.000624,16020,NY_PRE
1180,900,0.000624,16020,NY_PRE
1185,900,0.000562,16020,NY_PRE
1190,900,0.000562,16020,NY_PRE
1195,900,0.000437,16020,NY_PRE
1200,900,0.000437,16020,NY_PRE
1205,900,0.000375,16020,NY_PRE
1210,900,0.000312,16020,NY_PRE
1215,900,0.000312,16020,NY_PRE
1220,900,0.000312,16020,NY_PRE
1225,900,0.00025,16020,NY_PRE
1230,900,0.000187,16020,NY_PRE
1235,900,0.000187,16020,NY_PRE
1240,900,0.000187,16020,NY_PRE
1245,900,0.000187,16020,NY_PRE
1250,900,0.000187,16020,NY_PRE
1255,900,0.000187,16020,NY_PRE
1260,900,0.000187,16020,NY_PRE
1265,900,6.2e-05,16020,NY_PRE
1270,900,6.2e-05,16020,NY_PRE
1275,900,6.2e-05,16020,NY_PRE
1280,900,0.0,16020,NY_PRE
1285,900,0.0,16020,NY_PRE
1290,900,0.0,16020,NY_PRE
1295,900,0.0,16020,NY_PRE
1300,900,0.0,16020,NY_PRE
1305,900,0.0,16020,NY_PRE
1310,900,0.0,16020,NY_PRE
1315,900,0.0,16020,NY_PRE
1320,900,0.0,16020,NY_PRE
1325,900,0.0,16020,NY_PRE
1330,900,0.0,16020,NY_PRE
1335,900,0.0,16020,NY_PRE
1340,900,0.0,16020,NY_PRE
1345,900,0.0,16020,NY_PRE
1350,900,0.0,16020,NY_PRE
1355,900,0.0,16020,NY_PRE
1360,900,0.0,16020,NY_PRE
1365,900,0.0,16020,NY_PRE
1370,900,0.0,16020,NY_PRE
1375,900,0.0,16020,NY_PRE
1380,900,0.0,16020,NY_PRE
1385,900,0.0,16020,NY_PRE
1390,900,0.0,16020,NY_PRE
1395,900,0.0,16020,NY_PRE
1400,900,0.0,16020,NY_PRE
1405,900,0.0,16020,NY_PRE
1410,900,0.0,16020,NY_PRE
1415,900,0.0,16020,NY_PRE
1420,900,0.0,16020,NY_PRE
1425,900,0.0,16020,NY_PRE
1430,900,0.0,16020,NY_PRE
1435,900,0.0,16020,NY_PRE
1440,900,0.0,16020,NY_PRE
1445,900,0.0,16020,NY_PRE
1450,900,0.0,16020,NY_PRE
1455,900,0.0,16020,NY_PRE
1460,900,0.0,16020,NY_PRE
1465,900,0.0,16020,NY_PRE
1470,900,0.0,16020,NY_PRE
1475,900,0.0,16020,NY_PRE
1480,900,0.0,16020,NY_PRE
1485,900,0.0,16020,NY_PRE
1490,900,0.0,16020,NY_PRE
1495,900,0.0,16020,NY_PRE
1500,900,0.0,16020,NY_PRE
1505,900,0.0,16020,NY_PRE
1510,900,0.0,16020,NY_PRE
1515,900,0.0,16020,NY_PRE
1520,900,0.0,16020,NY_PRE
1525,900,0.0,16020,NY_PRE
1530,900,0.0,16020,NY_PRE
1535,900,0.0,16020,NY_PRE
1540,900,0.0,16020,NY_PRE
1545,900,0.0,16020,NY_PRE
1550,900,0.0,16020,NY_PRE
1555,900,0.0,16020,NY_PRE
1560,900,0.0,16020,NY_PRE
1565,900,0.0,16020,NY_PRE
1570,900,0.0,16020,NY_PRE
1575,900,0.0,16020,NY_PRE
1580,900,0.0,16020,NY_PRE
1585,900,0.0,16020,NY_PRE
1590,900,0.0,16020,NY_PRE
1595,900,0.0,16020,NY_PRE
1600,900,0.0,16020,NY_PRE
1605,900,0.0,16020,NY_PRE
1610,900,0.0,16020,NY_PRE
1615,900,0.0,16020,NY_PRE
1620,900,0.0,16020,NY_PRE
1625,900,0.0,16020,NY_PRE
1630,900,0.0,16020,NY_PRE
1635,900,0.0,16020,NY_PRE
1640,900,0.0,16020,NY_PRE
1645,900,0.0,16020,NY_PRE
1650,900,0.0,16020,NY_PRE
1655,900,0.0,16020,NY_PRE
1660,900,0.0,16020,NY_PRE
1665,900,0.0,16020,NY_PRE
1670,900,0.0,16020,NY_PRE
1675,900,0.0,16020,NY_PRE
1680,900,0.0,16020,NY_PRE
1685,900,0.0,16020,NY_PRE
1690,900,0.0,16020,NY_PRE
1695,900,0.0,16020,NY_PRE
1700,900,0.0,16020,NY_PRE
1705,900,0.0,16020,NY_PRE
1710,900,0.0,16020,NY_PRE
1715,900,0.0,16020,NY_PRE
1720,900,0.0,16020,NY_PRE
1725,900,0.0,16020,NY_PRE
1730,900,0.0,16020,NY_PRE
1735,900,0.0,16020,NY_PRE
1740,900,0.0,16020,NY_PRE
1745,900,0.0,16020,NY_PRE
1750,900,0.0,16020,NY_PRE
1755,900,0.0,16020,NY_PRE
1760,900,0.0,16020,NY_PRE
1765,900,0.0,16020,NY_PRE
1770,900,0.0,16020,NY_PRE
1775,900,0.0,16020,NY_PRE
1780,900,0.0,16020,NY_PRE
1785,900,0.0,16020,NY_PRE
1790,900,0.0,16020,NY_PRE
1795,900,0.0,16020,NY_PRE
1800,900,0.0,16020,NY_PRE
1805,900,0.0,16020,NY_PRE
1810,900,0.0,16020,NY_PRE
1815,900,0.0,16020,NY_PRE
1820,900,0.0,16020,NY_PRE
1825,900,0.0,16020,NY_PRE
1830,900,0.0,16020,NY_PRE
1835,900,0.0,16020,NY_PRE
1840,900,0.0,16020,NY_PRE
1845,900,0.0,16020,NY_PRE
1850,900,0.0,16020,NY_PRE
1855,900,0.0,16020,NY_PRE
1860,900,0.0,16020,NY_PRE
1865,900,0.0,16020,NY_PRE
1870,900,0.0,16020,NY_PRE
1875,900,0.0,16020,NY_PRE
1880,900,0.0,16020,NY_PRE
1885,900,0.0,16020,NY_PRE
1890,900,0.0,16020,NY_PRE
1895,900,0.0,16020,NY_PRE
1900,900,0.0,16020,NY_PRE
1905,900,0.0,16020,NY_PRE
1910,900,0.0,16020,NY_PRE
1915,900,0.0,16020,NY_PRE
1920,900,0.0,16020,NY_PRE
1925,900,0.0,16020,NY_PRE
1930,900,0.0,16020,NY_PRE
1935,900,0.0,16020,NY_PRE
1940,900,0.0,16020,NY_PRE
1945,900,0.0,16020,NY_PRE
1950,900,0.0,16020,NY_PRE
1955,900,0.0,16020,NY_PRE
1960,900,0.0,16020,NY_PRE
1965,900,0.0,16020,NY_PRE
1970,900,0.0,16020,NY_PRE
1975,900,0.0,16020,NY_PRE
1980,900,0.0,16020,NY_PRE
1985,900,0.0,16020,NY_PRE
1990,900,0.0,16020,NY_PRE
1995,900,0.0,16020,NY_PRE
2000,900,0.0,16020,NY_PRE
50,900,1.0,540,UNKNOWN
55,900,1.0,540,UNKNOWN
60,900,1.0,540,UNKNOWN
65,900,1.0,540,UNKNOWN
70,900,1.0,540,UNKNOWN
75,900,1.0,540,UNKNOWN
80,900,1.0,540,UNKNOWN
85,900,1.0,540,UNKNOWN
90,900,1.0,540,UNKNOWN
95,900,0.998148,540,UNKNOWN
100,900,0.996296,540,UNKNOWN
105,900,0.994444,540,UNKNOWN
110,900,0.990741,540,UNKNOWN
115,900,0.990741,540,UNKNOWN
120,900,0.983333,540,UNKNOWN
125,900,0.974074,540,UNKNOWN
130,900,0.966667,540,UNKNOWN
135,900,0.966667,540,UNKNOWN
140,900,0.961111,540,UNKNOWN
145,900,0.951852,540,UNKNOWN
150,900,0.948148,540,UNKNOWN
155,900,0.948148,540,UNKNOWN
160,900,0.938889,540,UNKNOWN
165,900,0.933333,540,UNKNOWN
170,900,0.924074,540,UNKNOWN
175,900,0.905556,540,UNKNOWN
180,900,0.901852,540,UNKNOWN
185,900,0.883333,540,UNKNOWN
190,900,0.868519,540,UNKNOWN
195,900,0.851852,540,UNKNOWN
200,900,0.840741,540,UNKNOWN
205,900,0.827778,540,UNKNOWN
210,900,0.811111,540,UNKNOWN
215,900,0.796296,540,UNKNOWN
220,900,0.781481,540,UNKNOWN
225,900,0.75,540,UNKNOWN
230,900,0.737037,540,UNKNOWN
235,900,0.725926,540,UNKNOWN
240,900,0.712963,540,UNKNOWN
245,900,0.692593,540,UNKNOWN
250,900,0.668519,540,UNKNOWN
255,900,0.657407,540,UNKNOWN
260,900,0.62963,540,UNKNOWN
265,900,0.618519,540,UNKNOWN
270,900,0.596296,540,UNKNOWN
275,900,0.57037,540,UNKNOWN
280,900,0.555556,540,UNKNOWN
285,900,0.544444,540,UNKNOWN
290,900,0.522222,540,UNKNOWN
295,900,0.507407,540,UNKNOWN
300,900,0.490741,540,UNKNOWN
305,900,0.481481,540,UNKNOWN
310,900,0.475926,540,UNKNOWN
315,900,0.462963,540,UNKNOWN
320,900,0.448148,540,UNKNOWN
325,900,0.435185,540,UNKNOWN
330,900,0.425926,540,UNKNOWN
335,900,0.416667,540,UNKNOWN
340,900,0.403704,540,UNKNOWN
345,900,0.396296,540,UNKNOWN
350,900,0.385185,540,UNKNOWN
355,900,0.377778,540,UNKNOWN
360,900,0.362963,540,UNKNOWN
365,900,0.35,540,UNKNOWN
370,900,0.344444,540,UNKNOWN
375,900,0.338889,540,UNKNOWN
380,900,0.331481,540,UNKNOWN
385,900,0.301852,540,UNKNOWN
390,900,0.294444,540,UNKNOWN
395,900,0.287037,540,UNKNOWN
400,900,0.275926,540,UNKNOWN
405,900,0.268519,540,UNKNOWN
410,900,0.257407,540,UNKNOWN
415,900,0.251852,540,UNKNOWN
420,900,0.238889,540,UNKNOWN
425,900,0.22963,540,UNKNOWN
430,900,0.22037,540,UNKNOWN
435,900,0.216667,540,UNKNOWN
440,900,0.211111,540,UNKNOWN
445,900,0.207407,540,UNKNOWN
450,900,0.207407,540,UNKNOWN
455,900,0.198148,540,UNKNOWN
460,900,0.188889,540,UNKNOWN
465,900,0.174074,540,UNKNOWN
470,900,0.168519,540,UNKNOWN
475,900,0.159259,540,UNKNOWN
480,900,0.157407,540,UNKNOWN
485,900,0.155556,540,UNKNOWN
490,900,0.153704,540,UNKNOWN
495,900,0.15,540,UNKNOWN
500,900,0.142593,540,UNKNOWN
505,900,0.137037,540,UNKNOWN
510,900,0.127778,540,UNKNOWN
515,900,0.125926,540,UNKNOWN
520,900,0.12037,540,UNKNOWN
525,900,0.114815,540,UNKNOWN
530,900,0.112963,540,UNKNOWN
535,900,0.107407,540,UNKNOWN
540,900,0.103704,540,UNKNOWN
545,900,0.103704,540,UNKNOWN
550,900,0.096296,540,UNKNOWN
555,900,0.094444,540,UNKNOWN
560,900,0.094444,540,UNKNOWN
565,900,0.090741,540,UNKNOWN
570,900,0.085185,540,UNKNOWN
575,900,0.083333,540,UNKNOWN
580,900,0.07963,540,UNKNOWN
585,900,0.077778,540,UNKNOWN
590,900,0.072222,540,UNKNOWN
595,900,0.07037,540,UNKNOWN
600,900,0.068519,540,UNKNOWN
605,900,0.068519,540,UNKNOWN
610,900,0.061111,540,UNKNOWN
615,900,0.061111,540,UNKNOWN
620,900,0.059259,540,UNKNOWN
625,900,0.055556,540,UNKNOWN
630,900,0.05,540,UNKNOWN
635,900,0.048148,540,UNKNOWN
640,900,0.044444,540,UNKNOWN
645,900,0.044444,540,UNKNOWN
650,900,0.042593,540,UNKNOWN
655,900,0.038889,540,UNKNOWN
660,900,0.037037,540,UNKNOWN
665,900,0.037037,540,UNKNOWN
670,900,0.037037,540,UNKNOWN
675,900,0.037037,540,UNKNOWN
680,900,0.037037,540,UNKNOWN
685,900,0.033333,540,UNKNOWN
690,900,0.031481,540,UNKNOWN
695,900,0.02963,540,UNKNOWN
700,900,0.027778,540,UNKNOWN
705,900,0.027778,540,UNKNOWN
710,900,0.025926,540,UNKNOWN
715,900,0.025926,540,UNKNOWN
720,900,0.025926,540,UNKNOWN
725,900,0.025926,540,UNKNOWN
730,900,0.025926,540,UNKNOWN
735,900,0.025926,540,UNKNOWN
740,900,0.025926,540,UNKNOWN
745,900,0.025926,540,UNKNOWN
750,900,0.024074,540,UNKNOWN
755,900,0.024074,540,UNKNOWN
760,900,0.022222,540,UNKNOWN
765,900,0.022222,540,UNKNOWN
770,900,0.022222,540,UNKNOWN
775,900,0.022222,540,UNKNOWN
780,900,0.022222,540,UNKNOWN
785,900,0.022222,540,UNKNOWN
790,900,0.022222,540,UNKNOWN
795,900,0.022222,540,UNKNOWN
800,900,0.02037,540,UNKNOWN
805,900,0.02037,540,UNKNOWN
810,900,0.02037,540,UNKNOWN
815,900,0.02037,540,UNKNOWN
820,900,0.018519,540,UNKNOWN
825,900,0.018519,540,UNKNOWN
830,900,0.016667,540,UNKNOWN
835,900,0.014815,540,UNKNOWN
840,900,0.014815,540,UNKNOWN
845,900,0.014815,540,UNKNOWN
850,900,0.012963,540,UNKNOWN
855,900,0.012963,540,UNKNOWN
860,900,0.012963,540,UNKNOWN
865,900,0.012963,540,UNKNOWN
870,900,0.011111,540,UNKNOWN
875,900,0.011111,540,UNKNOWN
880,900,0.011111,540,UNKNOWN
885,900,0.011111,540,UNKNOWN
890,900,0.011111,540,UNKNOWN
895,900,0.011111,540,UNKNOWN
900,900,0.011111,540,UNKNOWN
905,900,0.011111,540,UNKNOWN
910,900,0.011111,540,UNKNOWN
915,900,0.011111,540,UNKNOWN
920,900,0.009259,540,UNKNOWN
925,900,0.009259,540,UNKNOWN
930,900,0.009259,540,UNKNOWN
935,900,0.009259,540,UNKNOWN
940,900,0.009259,540,UNKNOWN
945,900,0.009259,540,UNKNOWN
950,900,0.009259,540,UNKNOWN
955,900,0.009259,540,UNKNOWN
960,900,0.009259,540,UNKNOWN
965,900,0.007407,540,UNKNOWN
970,900,0.007407,540,UNKNOWN
975,900,0.007407,540,UNKNOWN
980,900,0.007407,540,UNKNOWN
985,900,0.007407,540,UNKNOWN
990,900,0.007407,540,UNKNOWN
995,900,0.007407,540,UNKNOWN
1000,900,0.007407,540,UNKNOWN
1005,900,0.005556,540,UNKNOWN
1010,900,0.005556,540,UNKNOWN
1015,900,0.005556,540,UNKNOWN
1020,900,0.005556,540,UNKNOWN
1025,900,0.005556,540,UNKNOWN
1030,900,0.005556,540,UNKNOWN
1035,900,0.005556,540,UNKNOWN
1040,900,0.003704,540,UNKNOWN
1045,900,0.003704,540,UNKNOWN
1050,900,0.001852,540,UNKNOWN
1055,900,0.001852,540,UNKNOWN
1060,900,0.001852,540,UNKNOWN
1065,900,0.001852,540,UNKNOWN
1070,900,0.001852,540,UNKNOWN
1075,900,0.001852,540,UNKNOWN
1080,900,0.001852,540,UNKNOWN
1085,900,0.001852,540,UNKNOWN
1090,900,0.001852,540,UNKNOWN
1095,900,0.001852,540,UNKNOWN
1100,900,0.001852,540,UNKNOWN
1105,900,0.001852,540,UNKNOWN
1110,900,0.001852,540,UNKNOWN
1115,900,0.001852,540,UNKNOWN
1120,900,0.001852,540,UNKNOWN
1125,900,0.001852,540,UNKNOWN
1130,900,0.001852,540,UNKNOWN
1135,900,0.001852,540,UNKNOWN
1140,900,0.001852,540,UNKNOWN
1145,900,0.001852,540,UNKNOWN
1150,900,0.001852,540,UNKNOWN
1155,900,0.001852,540,UNKNOWN
1160,900,0.001852,540,UNKNOWN
1165,900,0.001852,540,UNKNOWN
1170,900,0.001852,540,UNKNOWN
1175,900,0.0,540,UNKNOWN
1180,900,0.0,540,UNKNOWN
1185,900,0.0,540,UNKNOWN
1190,900,0.0,540,UNKNOWN
1195,900,0.0,540,UNKNOWN
1200,900,0.0,540,UNKNOWN
1205,900,0.0,540,UNKNOWN
1210,900,0.0,540,UNKNOWN
1215,900,0.0,540,UNKNOWN
1220,900,0.0,540,UNKNOWN
1225,900,0.0,540,UNKNOWN
1230,900,0.0,540,UNKNOWN
1235,900,0.0,540,UNKNOWN
1240,900,0.0,540,UNKNOWN
1245,900,0.0,540,UNKNOWN
1250,900,0.0,540,UNKNOWN
1255,900,0.0,540,UNKNOWN
1260,900,0.0,540,UNKNOWN
1265,900,0.0,540,UNKNOWN
1270,900,0.0,540,UNKNOWN
1275,900,0.0,540,UNKNOWN
1280,900,0.0,540,UNKNOWN
1285,900,0.0,540,UNKNOWN
1290,900,0.0,540,UNKNOWN
1295,900,0.0,540,UNKNOWN
1300,900,0.0,540,UNKNOWN
1305,900,0.0,540,UNKNOWN
1310,900,0.0,540,UNKNOWN
1315,900,0.0,540,UNKNOWN
1320,900,0.0,540,UNKNOWN
1325,900,0.0,540,UNKNOWN
1330,900,0.0,540,UNKNOWN
1335,900,0.0,540,UNKNOWN
1340,900,0.0,540,UNKNOWN
1345,900,0.0,540,UNKNOWN
1350,900,0.0,540,UNKNOWN
1355,900,0.0,540,UNKNOWN
1360,900,0.0,540,UNKNOWN
1365,900,0.0,540,UNKNOWN
1370,900,0.0,540,UNKNOWN
1375,900,0.0,540,UNKNOWN
1380,900,0.0,540,UNKNOWN
1385,900,0.0,540,UNKNOWN
1390,900,0.0,540,UNKNOWN
1395,900,0.0,540,UNKNOWN
1400,900,0.0,540,UNKNOWN
1405,900,0.0,540,UNKNOWN
1410,900,0.0,540,UNKNOWN
1415,900,0.0,540,UNKNOWN
1420,900,0.0,540,UNKNOWN
1425,900,0.0,540,UNKNOWN
1430,900,0.0,540,UNKNOWN
1435,900,0.0,540,UNKNOWN
1440,900,0.0,540,UNKNOWN
1445,900,0.0,540,UNKNOWN
1450,900,0.0,540,UNKNOWN
1455,900,0.0,540,UNKNOWN
1460,900,0.0,540,UNKNOWN
1465,900,0.0,540,UNKNOWN
1470,900,0.0,540,UNKNOWN
1475,900,0.0,540,UNKNOWN
1480,900,0.0,540,UNKNOWN
1485,900,0.0,540,UNKNOWN
1490,900,0.0,540,UNKNOWN
1495,900,0.0,540,UNKNOWN
1500,900,0.0,540,UNKNOWN
1505,900,0.0,540,UNKNOWN
1510,900,0.0,540,UNKNOWN
1515,900,0.0,540,UNKNOWN
1520,900,0.0,540,UNKNOWN
1525,900,0.0,540,UNKNOWN
1530,900,0.0,540,UNKNOWN
1535,900,0.0,540,UNKNOWN
1540,900,0.0,540,UNKNOWN
1545,900,0.0,540,UNKNOWN
1550,900,0.0,540,UNKNOWN
1555,900,0.0,540,UNKNOWN
1560,900,0.0,540,UNKNOWN
1565,900,0.0,540,UNKNOWN
1570,900,0.0,540,UNKNOWN
1575,900,0.0,540,UNKNOWN
1580,900,0.0,540,UNKNOWN
1585,900,0.0,540,UNKNOWN
1590,900,0.0,540,UNKNOWN
1595,900,0.0,540,UNKNOWN
1600,900,0.0,540,UNKNOWN
1605,900,0.0,540,UNKNOWN
1610,900,0.0,540,UNKNOWN
1615,900,0.0,540,UNKNOWN
1620,900,0.0,540,UNKNOWN
1625,900,0.0,540,UNKNOWN
1630,900,0.0,540,UNKNOWN
1635,900,0.0,540,UNKNOWN
1640,900,0.0,540,UNKNOWN
1645,900,0.0,540,UNKNOWN
1650,900,0.0,540,UNKNOWN
1655,900,0.0,540,UNKNOWN
1660,900,0.0,540,UNKNOWN
1665,900,0.0,540,UNKNOWN
1670,900,0.0,540,UNKNOWN
1675,900,0.0,540,UNKNOWN
1680,900,0.0,540,UNKNOWN
1685,900,0.0,540,UNKNOWN
1690,900,0.0,540,UNKNOWN
1695,900,0.0,540,UNKNOWN
1700,900,0.0,540,UNKNOWN
1705,900,0.0,540,UNKNOWN
1710,900,0.0,540,UNKNOWN
1715,900,0.0,540,UNKNOWN
1720,900,0.0,540,UNKNOWN
1725,900,0.0,540,UNKNOWN
1730,900,0.0,540,UNKNOWN
1735,900,0.0,540,UNKNOWN
1740,900,0.0,540,UNKNOWN
1745,900,0.0,540,UNKNOWN
1750,900,0.0,540,UNKNOWN
1755,900,0.0,540,UNKNOWN
1760,900,0.0,540,UNKNOWN
1765,900,0.0,540,UNKNOWN
1770,900,0.0,540,UNKNOWN
1775,900,0.0,540,UNKNOWN
1780,900,0.0,540,UNKNOWN
1785,900,0.0,540,UNKNOWN
1790,900,0.0,540,UNKNOWN
1795,900,0.0,540,UNKNOWN
1800,900,0.0,540,UNKNOWN
1805,900,0.0,540,UNKNOWN
1810,900,0.0,540,UNKNOWN
1815,900,0.0,540,UNKNOWN
1820,900,0.0,540,UNKNOWN
1825,900,0.0,540,UNKNOWN
1830,900,0.0,540,UNKNOWN
1835,900,0.0,540,UNKNOWN
1840,900,0.0,540,UNKNOWN
1845,900,0.0,540,UNKNOWN
1850,900,0.0,540,UNKNOWN
1855,900,0.0,540,UNKNOWN
1860,900,0.0,540,UNKNOWN
1865,900,0.0,540,UNKNOWN
1870,900,0.0,540,UNKNOWN
1875,900,0.0,540,UNKNOWN
1880,900,0.0,540,UNKNOWN
1885,900,0.0,540,UNKNOWN
1890,900,0.0,540,UNKNOWN
1895,900,0.0,540,UNKNOWN
1900,900,0.0,540,UNKNOWN
1905,900,0.0,540,UNKNOWN
1910,900,0.0,540,UNKNOWN
1915,900,0.0,540,UNKNOWN
1920,900,0.0,540,UNKNOWN
1925,900,0.0,540,UNKNOWN
1930,900,0.0,540,UNKNOWN
1935,900,0.0,540,UNKNOWN
1940,900,0.0,540,UNKNOWN
1945,900,0.0,540,UNKNOWN
1950,900,0.0,540,UNKNOWN
1955,900,0.0,540,UNKNOWN
1960,900,0.0,540,UNKNOWN
1965,900,0.0,540,UNKNOWN
1970,900,0.0,540,UNKNOWN
1975,900,0.0,540,UNKNOWN
1980,900,0.0,540,UNKNOWN
1985,900,0.0,540,UNKNOWN
1990,900,0.0,540,UNKNOWN
1995,900,0.0,540,UNKNOWN
2000,900,0.0,540,UNKNOWN
